customer_id,fisrt_name,second_name,gender,date_of_birth,city,state,occupation,customer_segment,annual_income,join_date
C00001,Adewale,Ogundipe,Male,09-10-1982,Uyo,Akwa Ibom,Retired,SME,14826251.85,15-04-2021
C00002,Ayodele,Chukwu,Male,07-10-1983,Abuja,FCT,Salaried,Premium,6857239.2,06-04-2022
C00003,Olumide,Uzoma,Male,27-11-1989,Benin City,Edo,Retired,Retail,5683608.6,06-03-2026
C00004,Chidi,Aliyu,Male,13-08-1970,Enugu,Enugu,Civil Servant,Retail,4486277.4,16-07-2021
C00005,Rukayat,Mohammed,Female,07-02-1977,Ibadan,Oyo,Freelancer,,11631541.05,23-02-2023
C00006,Hauwa,Obi,Female,08-03-1976,Port Harcourt,Rivers,Business Owner,Corporate,16884012.45,17-06-2020
C00007,Oluwaseun,Garba,Male,03-08-1992,Port Harcourt,Rivers,Student,Corporate,21827764.2,13-04-2022
C00008,Kemi,Abiola,Female,09-09-1989,Abuja,FCT,Salaried,Wealth,38300441.4,17-04-2021
C00009,Musa,Nnaji,Male,01-08-1970,Ogbomoso,Oyo,Freelancer,Wealth,32220077.4,07-05-2021
C00010,Adaeze,Okonkwo,Female,05-04-1998,Zaria,Kaduna,Self Employed,Retail,-7965309.9,26-08-2018
C00011,Uche,Aliyu,Male,03-02-1996,Enugu,Enugu,Business Owner,Corporate,15124195.05,02-12-2023
C00012,Chioma,Suleiman,Female,04/18/1987,Abuja,FCT,Retired,Corporate,27251109.9,24-01-2023
C00013,Damilare,Aliyu,Male,03-04-1975,Asaba,Delta,Freelancer,Retail,7394727.45,28-01-2025
C00014,Damilare,Obi,Male,02-02-1974,Ikeja,Lagos,Retired,SME,5460969.15,26-06-2019
C00015,Chiamaka,Umeh,Female,08-08-1996,Lekki,Lagos,Student,,20892092.1,11-08-2022
C00016,Ayodele,Aliyu,Male,21-11-1963,Jos,Plateau,Self Employed,Wealth,10557811.35,19-02-2020
C00017,Uche,Olawale,Male,14-03-1988,Calabar,Cross River,Salaried,Retail,5010820.05,25-04-2025
C00018,Tunde,Ezeh,Male,25-02-1960,Calabar,Cross River,Self Employed,SME,5037413.4,02-04-2022
C00019,Rukayat,Adekunle,Female,26-05-1984,Lagos,Lagos,Self Employed,Corporate,7486973.7,17-02-2020
C00020,Precious,ogunleye,Female,19-01-1973,Awka,Anambra,,Corporate,7984287.6,16-12-2023
C00021,Uche,Chukwu,Male,03-09-1963,Abeokuta,Ogun,Retired,SME,16470977.85,01-09-2024
C00022,Ronke,Yusuf,Female,14-02-1999,Ikeja,Lagos,Self Employed,Premium,13070423.55,23-12-2020
C00023,Omolara,Musa,Female,21-11-1968,Ibadan,Oyo,Retired,Retail,3298770.15,25-04-2024
C00024,Halima,Okoro,Female,07-09-1964,Asaba,Delta,Business Owner,Retail,3895514.55,09-10-2019
C00025,Ifeoma,Balogun,Female,10-12-1994,Jos,Plateau,Civil Servant,Premium,6807151.2,15-03-2019
C00026,Bisi,Chukwu,Female,10-05-1969,Calabar,Cross River,Business Owner,Premium,15458251.65,28-07-2018
C00027,GRACE,Ibe,Female,27-07-2000,Warri,Delta,Retired,Retail,7907643.45,09-02-2018
C00028,Suleiman,Fashola,Male,05-12-1964,Asaba,Delta,Civil Servant,Retail,14136129.9,16-06-2021
C00029,Emmanuel,Obi,Male,07-06-1962,Uyo,Akwa Ibom,Self Employed,Premium,15241563.15,28-10-2019
C00030,Blessing,Danjuma,Female,06-01-1986,Abeokuta,Ogun,Salaried,,21777931.5,12-04-2023
C00031,Ijeoma,Adeyemi,Female,12-08-1972,Enugu,Enugu,Business Owner,Retail,9519312.15,15-02-2021
C00032,Abubakar,Bello,Male,21-06-1977,Warri,Delta,Business Owner,Retail,,01/02/2020
C00033,Adewale,Yakubu,Male,04-01-1976,Lekki,Lagos,Student,Premium,6041102.1,19-06-2024
C00034,Bisi,Uzoma,Female,23-01-1976,Nsukka,Enugu,Student,Retail,7313194.95,14-10-2018
C00035,Ngozi,Nwankwo,Female,22-06-1999,Onitsha,Anambra,Student,SME,,26-10-2025
C00036,Oluwaseun,Adebayo,Male,07-03-1995,Awka,Anambra,Business Owner,Retail,17832791.7,21-03-2021
C00037,Simisola,Adebayo,Female,20-10-1987,Nsukka,Enugu,Freelancer,Premium,11258312.55,27-11-2019
C00038,Titi,Musa,female,22-09-1978,Warri,Delta,Self Employed,Premium,5072847.15,26-03-2020
C00039,Segun,Ibe,Male,08-01-1961,Port Harcourt,Rivers,Freelancer,Wealth,31332564.0,2025-10-23
C00040,Blessing,Suleiman,Female,08-07-1991,Ibadan,Oyo,Salaried,Retail,9289047.15,02-04-2024
C00041,Yetunde,Onyekachi,Female,05-08-1967,Enugu,Enugu,Retired,SME,56356751.7,01-01-2023
C00042,Aisha,Adesanya,Female,08/09/1990,Abeokuta,Ogun,Freelancer,Corporate,22753546.8,06-09-2020
C00043,Wale,Nwachukwu,Male,02/23/1988,Benin City,Edo,Self Employed,Retail,4835168.85,05-08-2020
C00044,Kelechi,Olawale,Male,2004-03-23,Ibadan,Oyo,Self Employed,Retail,5885506.5,17-09-2022
C00045,Maryam,Okoro,Female,01-12-1997,Ibadan,Oyo,Student,SME,13921754.1,13-09-2022
C00046,Folake,Chukwuma,Female,08-10-1994,Calabar,Cross River,Freelancer,Retail,4375458.45,08-11-2019
C00047,Rukayat,Ibrahim,Female,18-10-1968,Jos,Plateau,Self Employed,Retail,5275029.6,07-03-2023
C00048,Precious,Garba,Female,13-05-1963,Abeokuta,Ogun,Student,Retail,6221567.25,30-10-2020
C00049,Wale,Afolabi,Male,24-01-1990,Warri,Delta,Self Employed,Retail,12681066.15,27-03-2020
C00050,Simisola,Garba,Female,08-03-1999,Lagos,Lagos,Business Owner,Retail,9575781.0,19-11-2019
C00051,Damilare,Ogundipe,Male,23-12-1998,Abuja,FCT,Civil Servant,Retail,3829147.35,22-08-2024
C00052,Musa,Musa,Male,25-12-1966,Enugu,Enugu,Business Owner,Retail,16224597.45,23-12-2023
C00053,Kelechi,Nwankwo,Male,03-06-2002,Ogbomoso,Oyo,Student,Retail,2700000.0,23-01-2022
C00054,Simisola,Suleiman,Female,06-07-1969,Jos,Plateau,Student,Corporate,26647609.95,11/20/2022
C00055,Chioma,Suleiman,Female,06/28/1977,Lekki,Lagos,Retired,Retail,11719488.6,04-11-2024
C00056,Adanna,Afolabi,Female,16-01-1981,Ibadan,Oyo,Business Owner,SME,6347070.6,2024-09-07
C00057,Hauwa,Fashola,Female,17-01-1995,Benin City,Edo,Student,SME,8885737.2,12-03-2018
C00058,Kemi,Onyekachi,Female,13-04-1978,Warri,Delta,Student,Premium,7716376.95,2024-03-04
C00059,Damilare,Uzoma,Male,15-12-1982,Onitsha,Anambra,Freelancer,Retail,5082456.15,04-01-2024
C00060,Precious,Okonkwo,Female,24-04-1972,Abeokuta,Ogun,Self Employed,Retail,6854878.65,18-01-2022
C00061,Ikechukwu,Eze,Male,23-01-1979,Abeokuta,Ogun,Salaried,Retail,7837566.3,09-06-2024
C00062,Damilare,Okafor,Male,15-08-1990,Awka,Anambra,Civil Servant,Retail,11942485.95,2022-06-30
C00063,Kelechi,Yakubu,Male,21-10-1964,Kaduna,Kaduna,Retired,Premium,6977558.4,2022-04-08
C00064,Yakubu,Yakubu,Male,28-05-1988,Jos,Plateau,Self Employed,Premium,10223154.75,06-01-2025
C00065,Nkechi,Adeyemi,Female,11/03/1976,Nsukka,Enugu,Freelancer,Retail,7518973.8,03-02-2023
C00066,Omolara,Okonkwo,Female,09-04-2003,Warri,Delta,Civil Servant,Corporate,20681913.45,09-02-2024
C00067,Nkechi,Nwankwo,Female,09-03-2001,Enugu,Enugu,Salaried,SME,4508310.6,04-04-2023
C00068,Ngozi,Uzoma,Female,09-07-2004,Awka,Anambra,Retired,Retail,6594085.05,22-10-2020
C00069,Oluwaseun,Afolabi,Male,1965-04-22,Lagos,Lagos,Self Employed,SME,39281426.7,12-04-2023
C00070,Hauwa,Musa,Female,09-08-2001,Zaria,Kaduna,Business Owner,Retail,8272942.65,31-07-2022
C00071,Suleiman,Yusuf,Male,04-11-1980,Onitsha,Anambra,Student,SME,5500156.2,27-12-2018
C00072,Bukola,Danjuma,Female,04-06-1976,Onitsha,Anambra,Student,Wealth,16525174.5,11-08-2018
C00073,Kayode,Nwachukwu,Male,20-06-1993,Nsukka,Enugu,Business Owner,Corporate,23903185.35,30-11-2022
C00074,Rukayat,Chukwuma,Female,21-01-1967,Kaduna,Kaduna,Salaried,Premium,8917836.0,09-07-2020
C00075,Bisi,Obi,Female,21-02-1989,Asaba,Delta,Student,SME,9240567.45,2023-04-19
C00076,Bayo,danjuma,Male,05-09-1989,Enugu,Enugu,Business Owner,Retail,14909220.45,27-08-2022
C00077,Yusuf,Ajayi,Male,27-05-1992,Onitsha,Anambra,Student,Retail,24652738.8,16-01-2024
C00078,Abubakar,Chukwuma,Male,18-06-1982,Kaduna,Kaduna,Retired,Corporate,5940000.0,18-04-2022
C00079,Maryam,Ibe,Female,11-01-1986,Enugu,Enugu,Civil Servant,Corporate,40762917.3,02-06-2019
C00080,Olumide,Obi,Male,28-06-1997,Zaria,Kaduna,Business Owner,Retail,9525313.35,2025-07-25
C00081,Ijeoma,Nwosu,Female,21-06-1984,Calabar,Cross River,Salaried,Premium,57136863.45,08-02-2025
C00082,Nkechi,Yusuf,Female,23-03-1988,Asaba,Delta,Business Owner,Retail,3437326.2,31-10-2022
C00083,Ngozi,Chukwu,Female,14-09-1975,Port Harcourt,Rivers,Retired,Premium,16657400.25,30-08-2025
C00084,Halima,Abiola,Female,05-10-1991,Enugu,Enugu,Business Owner,Retail,8442753.15,07-08-2025
C00085,Nnamdi,Danjuma,Male,15-02-1970,Calabar,Cross River,Self Employed,SME,8764008.15,12-04-2022
C00086,Yetunde,Afolabi,Female,10-10-1982,Lekki,Lagos,Business Owner,Wealth,24457336.65,31-07-2020
C00087,Adewale,Ajayi,Male,21-04-1982,Abuja,FCT,Freelancer,Retail,2700000.0,04/01/2025
C00088,Grace,Ekwueme,Female,02-08-1979,Ikeja,Lagos,Self Employed,Premium,15199850.4,02-04-2020
C00089,Bisi,Ogunleye,Female,17-06-1994,Port Harcourt,Rivers,Freelancer,Retail,5132733.45,19-10-2021
C00090,Nkechi,Yusuf,Female,05-02-1989,Asaba,Delta,Civil Servant,Corporate,6561003.6,05-06-2022
C00091,Adanna,Abiola,Female,04-09-1976,Lagos,Lagos,Civil Servant,Retail,10915928.1,27-07-2025
C00092,Folake,Sanni,Female,20-01-1990,Enugu,Enugu,Freelancer,SME,18406821.9,22-05-2021
C00093,Aliyu,Onyekachi,Male,02-03-1967,Ogbomoso,Oyo,Student,SME,6457218.15,2023-02-02
C00094,Obinna,Yusuf,Male,23-12-2002,Uyo,Akwa Ibom,Student,SME,6909787.95,26-11-2024
C00095,Olamide,Adekunle,Male,23-01-1977,Ogbomoso,Oyo,Freelancer,Retail,2700000.0,13-02-2022
C00096,Segun,olawale,Male,02-06-2001,Calabar,Cross River,Freelancer,Retail,4754695.35,18-05-2020
C00097,Comfort,Ibe,Female,26-01-1961,Abuja,FCT,Self Employed,Retail,7509719.4,07-09-2024
C00098,Wale,Abiola,Male,1977-03-05,Lagos,Lagos,Civil Servant,Retail,9106470.0,07-01-2022
C00099,Simisola,Garba,Female,01-06-1997,Enugu,Enugu,Retired,Retail,7310507.4,28-08-2024
C00100,Tunde,Sanni,Male,08-09-1988,Asaba,Delta,Student,SME,19155255.6,04-07-2022
C00101,Aliyu,Adekunle,Male,16-02-2003,Ogbomoso,Oyo,Civil Servant,Premium,7040578.35,06/01/2019
C00102,Musa,Yusuf,Male,19-11-1999,Benin City,Edo,Freelancer,Retail,6995851.05,14-04-2019
C00103,Suleiman,Chukwuma,Male,15-07-1973,Calabar,Cross River,Business Owner,SME,5799722.7,15-10-2022
C00104,Chinedu,Ogunleye,Male,12-05-2002,Onitsha,Anambra,Student,Wealth,27839135.7,31-01-2019
C00105,FUNMILAYO,Adebayo,Female,09/02/1968,  Uyo,Akwa Ibom,Freelancer,Premium,13026825.75,29-09-2022
C00106,Ayodele,Ajayi,Male,1978-10-10,Ikeja,Lagos,Salaried,Retail,7285789.05,2021-12-05
C00107,Ayodele,Obi,Male,25-02-1983,Calabar,Cross River,Retired,Retail,4220469.15,05/18/2025
C00108,Olumide,Eze,Male,09-03-1961,Benin City,Edo,Retired,Premium,9091338.15,16-05-2025
C00109,Yetunde,Okoro,Female,24-03-1964,Ibadan,Oyo,Business Owner,Premium,7516045.35,2026-02-03
C00110,Adaeze,Adekunle,Female,03-10-1996,Onitsha,Anambra,Business Owner,SME,8464012.8,01-06-2020
C00111,Segun,Okoro,Male,14-06-1967,Zaria,Kaduna,Self Employed,Retail,10032552.75,06/07/2022
C00112,Omolara,Mohammed,Female,07-01-1963,Abuja,FCT,Salaried,Retail,4839146.4,01-02-2018
C00113,Emmanuel,Adeyemi,Male,05-03-1987,Kaduna,Kaduna,Student,Retail,9748227.6,23-06-2018
C00114,Ngozi,Okoro,Female,03-08-1961,Ogbomoso,Oyo,Salaried,SME,10985469.6,18-07-2022
C00115,Grace,Ezeh,Female,26-03-1980,Lagos,Lagos,Civil Servant,SME,8229393.0,2020-09-23
C00116,Godwin,Okoro,Male,17-07-1997,Ogbomoso,Oyo,Retired,Retail,2700000.0,20-09-2023
C00117,Grace,Sanni,Female,24-06-1982,Nsukka,Enugu,Self Employed,Wealth,23386593.15,12-12-2019
C00118,Ronke,Musa,Female,03-11-1969,Abuja,FCT,Freelancer,Retail,11039042.25,01-05-2024
C00119,Chukwuemeka,Uzoma,Male,11-11-1980,Abuja,FCT,Business Owner,Retail,3197178.15,10-09-2023
C00120,Chioma,Adeyemi,Female,15-08-1979,Warri,Delta,Student,Retail,5577921.9,05-07-2024
C00121,Chidi,Ajayi,Male,26-08-1962,Calabar,Cross River,Student,Premium,5672386.5,28-02-2019
C00122,Olumide,Abiola,Male,21-09-1965,Onitsha,Anambra,Business Owner,Retail,4345797.75,08-03-2022
C00123,Olumide,Ezeh,Male,25-07-1984,Awka,Anambra,Business Owner,Retail,,2019-01-23
C00124,Bayo,Abiola,Male,10-07-2003,Calabar,Cross River,Business Owner,Retail,7437929.4,24-06-2021
C00125,Chukwudi,Adesanya,Male,23-10-1968,Ibadan,Oyo,Freelancer,SME,6964110.9,18-11-2025
C00126,Adaobi,Afolabi,Female,22-11-1965,Zaria,Kaduna,Student,Retail,,26-02-2020
C00127,Oluwaseun,Suleiman,Male,03-03-1968,Enugu,Enugu,Freelancer,Retail,11527530.3,2021-10-11
C00128,Nkechi,Nwosu,Female,13-10-1968,Abuja,FCT,Civil Servant,Retail,2700000.0,10-08-2022
C00129,Godwin,Chukwu,Male,08-12-2003,Uyo,Akwa Ibom,Retired,Wealth,30343664.7,09/06/2020
C00130,Comfort,Adesanya,Female,12-04-1990,Awka,Anambra,Retired,Premium,13451655.45,12/01/2023
C00131,Godwin,Bello,Male,26-04-1970,Ogbomoso,Oyo,Business Owner,Premium,11602275.3,10-12-2018
C00132,Zainab,Uzoma,Female,17-08-1977,Abeokuta,Ogun,Civil Servant,Retail,2700000.0,27-08-2022
C00133,Adewale,Sanni,Male,1985-09-12,Ikeja,Lagos,,Retail,13999234.95,16-04-2025
C00134,Chioma,Musa,Female,02-03-1969,Onitsha,Anambra,Retired,Retail,18472439.85,22-01-2018
C00135,Suleiman,Okonkwo,Male,07-05-1961,Warri,Delta,Business Owner,SME,10999324.8,31-08-2020
C00136,Femi,Nwachukwu,Male,08-01-1967,Awka,Anambra,Freelancer,Retail,11060036.7,12-10-2023
C00137,Ronke,Ekwueme,Female,05-12-1975,Lekki,Lagos,Civil Servant,Retail,,25-11-2023
C00138,Chiamaka,Bello,Female,1992-09-18,Calabar,Cross River,Salaried,Retail,5597001.45,13-11-2021
C00139,Amaka,Yusuf,Female,11/04/2002,Enugu,Enugu,Freelancer,Corporate,20357579.55,19-12-2019
C00140,Patience,Uzoma,Female,2004-08-21,Jos,Plateau,Self Employed,Retail,2700000.0,29-06-2018
C00141,Folake,Ekwueme,Female,10-06-1962,Nsukka,Enugu,Salaried,Retail,2700000.0,09-05-2025
C00142,Ngozi,Bello,Female,1977-02-26,Onitsha,Anambra,Business Owner,Retail,12177874.5,28-10-2023
C00143,Chiamaka,Ogunleye,Female,14-12-1965,Benin City,Edo,Salaried,Retail,11434854.75,24-11-2018
C00144,Titi,Ogundipe,Female,10-05-2002,Onitsha,Anambra,Salaried,Retail,8490786.45,25-02-2026
C00145,Sunday,Yusuf,Male,09-07-1999,Uyo,Akwa Ibom,Self Employed,Premium,15679277.25,24-10-2024
C00146,Chukwudi,Ibrahim,Male,03-03-1962,Jos,Plateau,,Retail,8225772.15,17-01-2023
C00147,Emeka,Nnaji,Male,25-08-1983,Uyo,Akwa Ibom,Civil Servant,Retail,3867220.8,17-04-2018
C00148,Kemi,Uzoma,Female,13-09-1991,Abeokuta,Ogun,Self Employed,SME,11871297.0,18-05-2019
C00149,Folake,Onyekachi,Female,06-08-1964,Port Harcourt,Rivers,Freelancer,SME,8777905.65,23-09-2018
C00150,Emeka,Sanni,Male,10-05-1994,Calabar,Cross River,Self Employed,SME,17440412.4,23-07-2019
C00151,Chukwudi,Musa,Male,01/12/1991,Enugu,Enugu,Civil Servant,Premium,6362074.05,20-06-2021
C00152,Segun,Chukwu,Male,14-09-1990,Ibadan,Oyo,Self Employed,Corporate,12596807.25,08-11-2022
C00153,Grace,Ekwueme,Female,17-02-1963,Zaria,Kaduna,Retired,Retail,4159536.45,09-03-2021
C00154,Segun,Adebayo,Male,21-04-1976,Warri,Delta,Retired,Wealth,11286560.25,10-03-2025
C00155,Chidi,Ibrahim,Male,05-10-1997,Abeokuta,Ogun,Civil Servant,Retail,21999758.1,29-11-2018
C00156,Ifeoma,Nwosu,Female,09-10-2001,Ikeja,Lagos,,Premium,18394886.7,13-02-2024
C00157,Tunde,Eze,Male,16-05-2001,Awka,Anambra,Self Employed,Retail,10813822.95,06-12-2022
C00158,Emmanuel,Ogundipe,Male,07-08-1990,Ogbomoso,Oyo,Business Owner,Retail,5206425.3,17-09-2020
C00159,Bisi,Adesanya,Female,15-05-1967,Jos,Plateau,Self Employed,Retail,3882854.25,17-10-2019
C00160,Ayodele,Ezeh,Male,11-12-1996,Onitsha,Anambra,Student,Retail,5122317.0,02-09-2023
C00161,Folake,Olawale,Female,19-04-1975,Jos,Plateau,Retired,Retail,2866084.35,2018-02-03
C00162,Olumide,Abiola,Male,09-03-1987,Asaba,Delta,Business Owner,Premium,17689444.2,16-03-2024
C00163,Obinna,Ogunleye,Male,1964-07-17,Awka,Anambra,Self Employed,Retail,8687030.1,01-02-2019
C00164,Obinna,Onyekachi,Male,18-06-1983,Ibadan,Oyo,Salaried,SME,12545606.85,09-06-2018
C00165,Folake,Suleiman,Female,17-08-1981,Port Harcourt,Rivers,Self Employed,Retail,8161918.95,29-05-2022
C00166,Amaka,Ogunleye,Female,11-10-1979,Abuja,FCT,Salaried,Retail,6756507.3,17-02-2022
C00167,Temitope,Nwachukwu,Female,14-02-2003,  Onitsha,Anambra,Business Owner,Premium,33105861.75,09-05-2025
C00168,Fatima,Adeyemi,Female,24-04-1996,Lekki,Lagos,Self Employed,Retail,6383814.3,20-08-2025
C00169,Yusuf,Yakubu,Male,23-10-1962,Enugu,Enugu,Student,Retail,3425239.65,18-08-2023
C00170,Ngozi,Nnaji,Female,24-12-1990,Abuja,FCT,,Retail,4313421.15,11-12-2019
C00171,Comfort,Balogun,Female,1994-06-18,Jos,Plateau,Self Employed,Retail,16645229.7,2020-10-06
C00172,Ronke,Ogunleye,Female,08-05-1995,Benin City,Edo,Business Owner,SME,17342279.85,14-04-2024
C00173,IFEOMA,Uzoma,female,19-02-1978,Benin City,Edo,Student,Premium,17910688.65,10-05-2025
C00174,Tobi,Nwankwo,Male,07-04-1990,Benin City,Edo,Retired,SME,5674402.8,31-07-2024
C00175,Fatima,Sanni,Female,22-01-1975,Enugu,Enugu   ,Freelancer,SME,6630056.4,19-04-2023
C00176,Kayode,Ogunleye,Male,01-03-2003,Asaba,Delta,Business Owner,Wealth,66675951.45,08-08-2021
C00177,Tobi,Fashola,Male,25-01-2001,Awka,Anambra,Student,Retail,7713826.05,22-12-2019
C00178,Ronke,Nnaji,Female,06-08-1985,Ikeja,Lagos,,SME,9982607.25,04-02-2024
C00179,Amaka,Olawale,Female,28-03-1991,Zaria,Kaduna,Freelancer,Retail,2700000.0,19-11-2020
C00180,Zainab,Bello,Female,11-12-1960,Abeokuta,Ogun,Student,Corporate,19000970.7,12-10-2023
C00181,Ikechukwu,Adekunle,Male,1965-07-22,Onitsha,Anambra,Business Owner,Retail,15836214.3,21-04-2022
C00182,Rukayat,Ogunleye,Female,11-05-1988,Enugu,Enugu,Business Owner,Retail,10638905.1,17-10-2019
C00183,BAYO,Okafor,Male,23-09-2003,Ibadan,Oyo,Self Employed,Corporate,23997717.15,07/02/2019
C00184,Wale,Obi,Male,24-08-1969,Kaduna,Kaduna,Self Employed,Wealth,13344403.95,18-08-2025
C00185,Bayo,Olawale,Male,15-09-1965,Abuja,FCT,Retired,Retail,2700000.0,08-01-2024
C00186,Kayode,Ogundipe,Male,28-06-1970,Port Harcourt,Rivers,Retired,Retail,4207407.3,30-12-2022
C00187,Ibrahim,Ibrahim,Male,17-03-1989,Ikeja,Lagos,Student,Retail,7608132.75,2020-11-08
C00188,Bisi,Nwachukwu,Female,03-10-1973,Lagos,Lagos,,Retail,5673783.9,21-03-2021
C00189,Maryam,Eze,Female,25-03-1971,Ogbomoso,Oyo,Civil Servant,Premium,4860000.0,28-08-2025
C00190,Femi,Sanni,Male,11/28/1968,Calabar,Cross River,Salaried,Retail,3445056.15,04-04-2018
C00191,Temitope,Okafor,Female,24-11-1989,Awka,Anambra,Self Employed,Retail,7870461.0,03-02-2021
C00192,Nnamdi,Ajayi,Male,26-01-1967,Nsukka,Enugu,Self Employed,Premium,65427352.35,03-10-2018
C00193,Amara,Okafor,Female,01/15/1998,Asaba,Delta,Student,Premium,14613552.6,17-08-2020
C00194,Funmilayo,Umeh,Female,05-01-1973,Calabar,Cross River,Retired,Retail,2700000.0,15-09-2024
C00195,Yakubu,Adesanya,Male,05-05-1975,Onitsha,Anambra,Freelancer,Wealth,20601077.4,12-08-2025
C00196,Oluwaseun,Garba,Male ,02-08-1995,Ogbomoso,Oyo,Business Owner,Wealth,29576675.25,22-03-2022
C00197,Yusuf,Musa,Male,08-08-1994,Abeokuta,Ogun,Retired,SME,4884480.15,18-08-2022
C00198,Hauwa,Olawale,Female,05-09-1995,Ogbomoso,Oyo,Salaried,Retail,4699105.2,03-01-2024
C00199,Yusuf,Ibe,Male,13-05-1963,Nsukka,Enugu,Student,Premium,25757726.7,05-05-2020
C00200,Yakubu,Yakubu,Male,07-01-1979,Onitsha,Anambra,Retired,SME,5028249.6,10-08-2021
C00201,Halima,Yusuf,Female,18-08-1984,Awka,Anambra,Salaried,Premium,9007373.55,07-02-2026
C00202,Zainab,Ajayi,Female,12-04-1980,Kaduna,Kaduna,Self Employed,Retail,7489231.95,14-03-2020
C00203,Kemi,Adekunle,Female,19-07-1974,Onitsha,Anambra,Student,SME,9272969.55,11-02-2026
C00204,Wale,Bello,Male,1989-03-24,Kaduna,Kaduna,Retired,Corporate,5940000.0,19-05-2018
C00205,Kayode,Umeh,Male,25-01-2002,Warri,Delta,Self Employed,Retail,2700000.0,03-09-2023
C00206,Ronke,Okafor,Female,20-01-1983,Jos,Plateau,Retired,Premium,12578113.95,20-03-2021
C00207,Omolara,Chukwuma,Female,22-12-1992,Lagos,Lagos,Business Owner,Retail,15208873.35,30-12-2020
C00208,Yakubu,Musa,Male,13-06-1965,Ibadan,Oyo,Civil Servant,Retail,2981022.45,19-07-2022
C00209,Chukwuemeka,Fashola,Male,09/16/1984,Ibadan,Oyo,Retired,Retail,6634634.7,24-06-2018
C00210,Ayodele,Olawale,Male,19-12-1973,Enugu,Enugu,Self Employed,Retail,7060405.2,01-08-2024
C00211,Chukwuemeka,Chukwu,M,10-02-1985,Port Harcourt,Rivers,Freelancer,,,14-02-2026
C00212,Bisi,Ibrahim,Female,12-12-1992,Warri,Delta,Business Owner,Retail,4593255.3,02-05-2018
C00213,Ronke,Yakubu,Female,08-08-1988,Benin City,Edo,Civil Servant,Retail,13806692.7,2024-12-08
C00214,Comfort,Abiola,Female,03-12-1975,Awka,Anambra,Business Owner,Retail,2700000.0,17-01-2022
C00215,Maryam,Adekunle,Female,10-01-1965,Asaba,Delta,Student,Retail,8733887.55,31-03-2024
C00216,Blessing,Bello,Female,04-07-1992,Calabar,Cross River,Civil Servant,Retail,5700522.3,10-04-2021
C00217,Oluwaseun,Onyekachi,Male,24-02-1984,Ogbomoso,Oyo,Business Owner,SME,10082236.35,18-05-2021
C00218,Chiamaka,Uzoma,Female,03-03-1991,Benin City,Edo,Business Owner,Retail,4906997.25,07-10-2020
C00219,Chioma,Umeh,Female,07-10-1998,Kaduna,Kaduna,Business Owner,Retail,3564972.0,30-10-2022
C00220,Yetunde,Olawale,Female,11-05-1968,Abuja,FCT,Business Owner,Premium,17013561.3,17-10-2025
C00221,Tunde,Ogundipe,Male,11-04-1996,Kaduna,Kaduna,Retired,Retail,10853160.15,13-02-2024
C00222,Kayode,Abiola,Male,01-09-2003,Abeokuta,Ogun,Student,Wealth,17583934.05,19-07-2025
C00223,Wale,Ogunleye,Male,10-11-1968,Kaduna,Kaduna,Student,Retail,11226264.15,15-09-2024
C00224,Musa,Musa,Male,18-07-1997,Kaduna,Kaduna,Salaried,Retail,8079380.4,13-10-2020
C00225,Tobi,Obi,Male,20-11-1970,Uyo,Akwa Ibom,Civil Servant,Retail,4524790.05,08-02-2019
C00226,Amara,Obi,female,24-09-1974,Benin City,Edo,Student,Retail,7935901.5,15-08-2025
C00227,Ijeoma,Ogundipe,Female,05-09-2004,Lekki,Lagos,Business Owner,Retail,4060078.8,05-05-2023
C00228,Godwin,Nnaji,Male,23-12-1988,Asaba,Delta,Retired,Retail,5619802.8,16-12-2019
C00229,Emmanuel,Balogun,Male,18-06-1970,Calabar,Cross River,Freelancer,Retail,5559504.3,16-05-2025
C00230,Musa,Eze,Male,24-01-1985,Ogbomoso,Oyo,Self Employed,Premium,5929918.5,14-02-2021
C00231,Bisi,Okafor,Female,26-02-1996,Warri,Delta,Freelancer,SME,5994205.2,06/28/2023
C00232,Chukwudi,Nnaji,Male,2000-06-20,Zaria,Kaduna,Freelancer,Retail,5918452.8,01-12-2025
C00233,Ijeoma,Danjuma,Female,03-10-1999,Awka,Anambra   ,Freelancer,Premium,9476652.0,03-08-2019
C00234,Damilare,Musa,Male,20-07-1984,Zaria,Kaduna,Retired,Retail,5799570.9,15-11-2019
C00235,Folake,Adekunle,Female,06-03-1978,Kaduna,Kaduna,Self Employed,Retail,6319803.3,10-03-2020
C00236,Ifeoma,Obi,Female,21-09-1995,Ibadan,Oyo,Self Employed,Retail,8941973.55,05-12-2018
C00237,Titi,Nnaji,Female,10-04-1961,Lekki,Lagos,Retired,Retail,4606919.25,24-09-2023
C00238,Maryam,Adeyemi,Female,02/09/1996,Asaba,Delta,Retired,Corporate,23636030.85,14-06-2020
C00239,Simisola,Ogunleye,Female,1966-12-27,Ogbomoso,Oyo,Civil Servant,Premium,6564109.8,28-08-2020
C00240,Nnamdi,Uzoma,Male,12-12-1997,Nsukka,Enugu,Self Employed,SME,11144509.05,01-09-2018
C00241,Tunde,Umeh,Male,09/09/1982,Lekki,Lagos,Self Employed,Premium,7556405.25,13-08-2022
C00242,Ifeoma,Musa,Female,11/05/1977,Ikeja,Lagos,Student,Premium,7959687.75,06-08-2019
C00243,Adanna,Ajayi,Female,21-05-2000,Lekki,Lagos,Retired,Retail,5864405.25,13-02-2021
C00244,Hauwa,Afolabi,Female,11-08-1989,Uyo,Akwa Ibom,Self Employed,Premium,18185413.95,2022-10-26
C00245,Yetunde,Eze,Female,11-05-1991,Nsukka,Enugu,Freelancer,SME,6464394.3,18-07-2018
C00246,Oluwaseun,Suleiman,Male,26-11-1966,Ikeja,Lagos,Freelancer,SME,5130669.6,21-05-2021
C00247,Damilare,Mohammed,Male,21-02-1977,Abeokuta,Ogun,Student,Retail,7696125.9,08-05-2025
C00248,Chidi,Ajayi,Male,07-01-1966,Warri,Delta,Salaried,Retail,4240469.4,20-10-2025
C00249,Ayodele,Nwankwo,Male,23-07-1967,Onitsha,Anambra,Business Owner,Retail,3442366.95,14-02-2022
C00250,Emeka,Ajayi,Male,07/25/1968,Awka,Anambra,Retired,SME,24899930.85,26-04-2024
C00251,Aisha,Onyekachi,Female,06-11-1999,Lagos,Lagos,Self Employed,Retail,11667851.55,22-12-2018
C00252,Bayo,Okonkwo,Male,19-02-1968,Asaba,Delta,Business Owner,Corporate,11421553.05,25-03-2025
C00253,Temitope,Garba,Female,20-09-1975,Warri,Delta,Self Employed,Premium,18908709.15,22-10-2023
C00254,BUKOLA,Suleiman,Female,24-04-1992,Abuja,FCT,Student,,12559265.1,07-04-2019
C00255,Yetunde,Eze,Female,20-11-1991,Enugu,Enugu,Business Owner,Retail,5478327.15,16-02-2024
C00256,Yetunde,Chukwu,Female,01-02-1990,Abeokuta,Ogun,Student,Premium,10437547.65,14-11-2025
C00257,Amaka,Nwankwo,Female,18-11-1965,  Ibadan,Oyo,Freelancer,Retail,4469479.05,27-11-2022
C00258,Adewale,Adesanya,Male,03-04-1963,Enugu,Enugu,Salaried,SME,3780000.0,02/21/2018
C00259,Ibrahim,Uzoma,Male,06-01-2004,Port Harcourt,Rivers,Business Owner,Retail,4918186.95,04-06-2019
C00260,Godwin,Sanni,Male,11-01-1967,Benin City,Edo,Student,SME,7383051.3,02/08/2023
C00261,Ayodele,Danjuma,Male,16-01-1983,Zaria,Kaduna,Self Employed,SME,6398264.4,16-09-2023
C00262,Amaka,Bello,Female,08-01-1962,Lagos,Lagos,Self Employed,Retail,2700000.0,11-08-2021
C00263,Femi,Nnaji,Male,11-12-1986,Enugu,Enugu,Self Employed,Retail,3516681.3,14-10-2023
C00264,Amara,Danjuma,Female,02/15/1985,Ikeja,Lagos,Civil Servant,SME,13509938.25,20-02-2022
C00265,Sunday,Aliyu,Male,26-10-1978,Nsukka,Enugu,Freelancer,Retail,8236159.95,17-02-2024
C00266,Adanna,Chukwu,Female,14-01-1969,Enugu,Enugu,Civil Servant,Retail,7390634.25,16-05-2025
C00267,Titi,Ogundipe,Female,07-02-1979,Ibadan,Oyo,Salaried,Retail,4080396.75,29-06-2018
C00268,Yusuf,Adebayo,Male,23-07-1993,Enugu,Enugu,Freelancer,SME,,04-06-2022
C00269,OMOLARA,Nwachukwu,Female,02-10-1997,Warri,Delta,Business Owner,Retail,4774631.7,2023-01-29
C00270,Nkechi,Yakubu,Female,07-02-1974,Benin City,Edo,Student,Retail,8833996.2,10-07-2021
C00271,Femi,Ibe,Male,12-09-1967,Ogbomoso,Oyo,Self Employed,Wealth,13360963.95,11-09-2025
C00272,Halima,Uzoma,Female,02-10-2004,Awka,Anambra,Student,Retail,9851008.8,2023-10-05
C00273,Ibrahim,Okoro,Male,09-05-2003,Ikeja,Lagos,Student,SME,19736966.55,22-02-2019
C00274,Ronke,Adeyemi,F,02-01-1967,Port Harcourt,Rivers,Salaried,SME,15112188.15,31-03-2018
C00275,Chidi,Yusuf,Male ,1972-11-15,Warri,Delta,Retired,SME,12950783.4,10-11-2022
C00276,Blessing,Okonkwo,Female,01/13/1991,Ibadan,Oyo,Student,Premium,8062269.9,09/01/2019
C00277,Kayode,Yakubu,Male,20-10-1999,Ikeja,Lagos,Salaried,Retail,4776735.6,19-02-2021
C00278,Ayodele,Yusuf,Male,07-07-1968,Ibadan,Oyo,Student,Premium,17353477.2,31-12-2025
C00279,Oluwaseun,Ogundipe,Male,26-09-1990,Uyo,Akwa Ibom,Salaried,Retail,14512928.25,30-07-2021
C00280,Oluwaseun,Olawale,Male,26-01-1974,Abuja,FCT,Self Employed,Corporate,16446344.7,14-05-2025
C00281,Temitope,Ezeh,Female,27-09-1977,Enugu,Enugu,Business Owner,Corporate,37674199.5,2019-12-13
C00282,Temitope,Musa,Female,11-10-1975,Abeokuta,Ogun,Retired,SME,24451531.05,19-06-2021
C00283,Kemi,Okonkwo,Female,03-01-1991,Abeokuta,Ogun,Retired,Retail,,05-04-2020
C00284,Bayo,Ajayi,Male,06-12-1981,Port Harcourt,Rivers,Civil Servant,SME,15018173.55,26-11-2023
C00285,CHIDI,Ajayi,M,23-06-1964,Uyo,Akwa Ibom,Self Employed,SME,8326397.55,19-03-2026
C00286,Bukola,Afolabi,Female,21-08-2000,Ogbomoso,Oyo,Self Employed,Retail,10369100.7,19-06-2025
C00287,Adaeze,Fashola,Female,10-07-1971,Lekki,Lagos,Retired,Corporate,11533033.65,13-05-2018
C00288,Godwin,Nnaji,Male,1998-06-26,Abeokuta,Ogun,Business Owner,Wealth,10858962.15,15-11-2018
C00289,Emmanuel,Mohammed,Male,06-06-1982,Enugu,Enugu,Business Owner,Premium,21605023.95,08-05-2020
C00290,Adaeze,Ogundipe,Female,12-02-2004,Enugu,Enugu,Student,Retail,4437467.25,09-12-2021
C00291,Suleiman,Afolabi,Male,27-02-1984,Calabar,Cross River,Student,Retail,17755308.15,29-10-2018
C00292,Segun,Olawale,Male,11-01-1978,Ikeja,Lagos   ,Freelancer,Retail,3765571.35,04-11-2018
C00293,Yakubu,Balogun,Male,20-06-1965,Calabar,Cross River,Salaried,Wealth,16511684.4,19-02-2019
C00294,Temitope,chukwuma,Female,14-04-1973,Onitsha,Anambra,Self Employed,Premium,25950335.85,28-01-2019
C00295,Simisola,Nwankwo,Female ,18-10-1985,Ikeja,Lagos,Freelancer,SME,5571384.15,04-01-2025
C00296,UCHE,Adebayo,Male,04-04-1990,Abuja,FCT,Business Owner,Retail,4280114.4,17-06-2022
C00297,Ngozi,Onyekachi,Female,09-11-1991,Kaduna,Kaduna,Self Employed,Retail,6983971.2,31-12-2022
C00298,Chidi,Chukwuma,Male,15-08-1976,Ikeja,Lagos,Freelancer,Retail,13768989.15,09-11-2021
C00299,Segun,Obi,Male,08-10-1986,Calabar,Cross River,Student,Premium,10125310.2,09-05-2021
C00300,Chinedu,Bello,Male,02-12-1985,Warri,Delta,Self Employed,Retail,10315792.2,17-05-2020
C00301,Amaka,Adeyemi,Female,14-01-1968,Nsukka,Enugu,Business Owner,Retail,8240342.25,26-02-2026
C00302,Patience,aliyu,Female,18-07-1965,Warri,Delta,Salaried,Retail,5290324.5,25-08-2022
C00303,Fatima,Nwosu,Female,10/19/1969,Port Harcourt,Rivers,Salaried,Premium,6269273.7,07-12-2019
C00304,Olamide,Balogun,Male,20-03-1985,Benin City,Edo,Salaried,Premium,14446122.6,01-05-2023
C00305,Emmanuel,Sanni,Male,11-01-1983,Benin City,Edo,Self Employed,SME,7176390.0,15-05-2021
C00306,Maryam,Ibrahim,Female,1980-05-24,Jos,Plateau,Retired,Retail,7859007.0,2022-03-12
C00307,Femi,Aliyu,Male,03/03/1992,Ikeja,Lagos,Self Employed,Retail,6685610.25,29-02-2020
C00308,Emmanuel,Chukwu,Male,02-04-1963,Nsukka,Enugu,Freelancer,Retail,2700000.0,06-05-2018
C00309,Amaka,Eze,Female,20-08-1983,Enugu,Enugu,Self Employed,Retail,15173308.8,25-11-2020
C00310,Ronke,Adeyemi,Female,13-01-1978,Warri,Delta,Freelancer,Retail,4694354.55,05-08-2022
C00311,Olumide,Nwachukwu,Male,01-11-1961,Zaria,Kaduna,Business Owner,Retail,4362031.5,27-10-2024
C00312,Simisola,Okafor,Female,2001-05-14,Awka,Anambra,Freelancer,SME,17153452.95,2023-11-03
C00313,Blessing,Ogunleye,Female,04-10-1985,Abuja,FCT,Business Owner,Retail,13773192.45,04-09-2025
C00314,Segun,Afolabi,Male,11-02-1990,Asaba,Delta,Self Employed,Wealth,51878513.7,20-10-2023
C00315,Zainab,Okoro,Female,13-10-1963,Enugu,Enugu,Business Owner,Premium,22026338.4,11-09-2022
C00316,Bukola,Onyekachi,Female,02-12-1984,Ibadan,Oyo,Freelancer,,7128198.45,2022-01-08
C00317,Titi,Afolabi,Female,27-03-1979,Zaria,Kaduna,Freelancer,Premium,12911890.65,08-04-2024
C00318,Funmilayo,Ibrahim,Female,2003-06-21,Abeokuta,Ogun,Business Owner,Retail,3891206.7,03-12-2020
C00319,Ikechukwu,Balogun,Male,28-08-1978,Lekki,Lagos,Freelancer,Retail,8103542.55,13-04-2022
C00320,Ayodele,Afolabi,Male,02-07-1979,Zaria,Kaduna,Self Employed,SME,7706916.45,18-06-2024
C00321,Femi,Sanni,Male,1991-02-05,Abeokuta,Ogun,Salaried,Premium,14752881.75,27-12-2023
C00322,Adewale,Sanni,Male,11-01-1983,Nsukka,Enugu,Freelancer,Corporate,15041496.3,11/11/2021
C00323,Omolara,Adebayo,Female,13-02-1968,Awka,Anambra,Student,Retail,5456588.1,01-03-2026
C00324,Zainab,Nnaji,Female,11-09-1998,Zaria,Kaduna,Self Employed,Retail,8133524.4,07-11-2019
C00325,Simisola,Uzoma,Female,08-04-1961,Ibadan,Oyo,Freelancer,Premium,13225729.65,13-11-2020
C00326,Abubakar,Nwosu,Male,20-01-1999,Calabar,Cross River,Student,Wealth,30947487.3,25-12-2022
C00327,Bukola,yakubu,Female,09-09-1967,Ibadan,Oyo,Student,Retail,2700000.0,03-06-2025
C00328,Emeka,Ogunleye,Male,09-09-2002,Asaba,Delta,Business Owner,Premium,16547034.0,04/12/2019
C00329,Fatima,Musa,Female,20-04-1991,Asaba,Delta,Business Owner,Retail,4151961.75,19-10-2019
C00330,Emmanuel,Garba,Male,07-08-1995,Ikeja,Lagos,Retired,Premium,11663833.35,03-07-2025
C00331,Bukola,Afolabi,Female,02/25/1969,Kaduna,Kaduna,Business Owner,Retail,8391802.95,17-12-2020
C00332,Maryam,Fashola,Female,27-02-1963,Jos,Plateau,Freelancer,Retail,3596655.3,20-04-2019
C00333,Zainab,Uzoma,Female,28-01-1962,Asaba,Delta,Freelancer,Retail,8161446.45,16-01-2019
C00334,Adanna,Nwachukwu,Female,04-03-1981,Uyo,Akwa Ibom,Freelancer,Retail,12080458.65,15-11-2019
C00335,Comfort,Bello,Female,24-12-1968,Asaba,Delta,Self Employed,Retail,5468139.6,08-11-2024
C00336,Amaka,Fashola,Female,01-10-1982,Ibadan,Oyo,Student,SME,18993574.5,08-07-2018
C00337,Yakubu,Yusuf,Male,11-11-1976,Warri,Delta,Freelancer,Retail,13789600.35,17-10-2021
C00338,Bukola,Eze,Female,23-12-1993,Zaria,Kaduna,Self Employed,Premium,9473811.6,05-04-2024
C00339,Musa,Chukwuma,Male,21-01-1963,Abuja,FCT,Student,SME,9383101.35,06-08-2021
C00340,Yakubu,Ogundipe,Male,02-05-1981,Enugu,Enugu,Student,Retail,7165066.05,25-12-2022
C00341,Nnamdi,Garba,Male,28-02-1988,Lekki,Lagos,Retired,Retail,6037832.85,10-12-2024
C00342,Segun,Ezeh,Male,07-09-1992,Awka,Anambra,Student,Premium,11219347.5,21-09-2021
C00343,Nnamdi,Olawale,Male,16-10-1999,Calabar,Cross River,Business Owner,Premium,9437767.65,25-12-2021
C00344,Uche,Garba,Male,12-09-1995,Awka,Anambra,,Premium,4860000.0,07-11-2024
C00345,Olamide,Ezeh,Male,02/28/1972,Nsukka,Enugu,Student,Retail,5513064.3,10-07-2018
C00346,Zainab,Olawale,Female,15-08-1967,Lekki,Lagos,Retired,Premium,11917083.45,02-06-2023
C00347,Amara,Nnaji,Female,19-12-1971,Zaria,Kaduna,Retired,Retail,9247423.35,25-04-2022
C00348,Ikechukwu,Okonkwo,Male,25-12-1998,Ogbomoso,Oyo,Self Employed,Retail,5731050.0,18-08-2022
C00349,Musa,Fashola,M,17-12-2004,Abuja,FCT,Self Employed,Retail,25982502.3,08-05-2020
C00350,Bukola,Abiola,Female,12-11-1978,Abuja,FCT,Freelancer,SME,3780000.0,18-04-2019
C00351,Blessing,Chukwuma,Female,19-08-1995,Uyo,Akwa Ibom,Student,Premium,15659524.05,22-02-2018
C00352,Nkechi,Okonkwo,Female,13-01-1966,Zaria,Kaduna,Freelancer,Retail,8111779.35,23-10-2020
C00353,Femi,Yusuf,Male,26-12-1963,Port Harcourt,Rivers,Freelancer,Retail,9231924.6,04-04-2025
C00354,Amara,Danjuma,Female,17-04-1984,Calabar,Cross River,Student,Corporate,21688753.05,03-09-2022
C00355,Yakubu,Musa,Male,01-01-1995,Onitsha,Anambra,Freelancer,Corporate,26887162.2,03-03-2020
C00356,Maryam,Okafor,Female,22-03-1988,Awka,Anambra,Salaried,Retail,4999174.8,15-09-2021
C00357,Omolara,Okafor,Female,05-01-1969,Jos,Plateau,Student,SME,13913745.15,03-06-2024
C00358,Olamide,Uzoma,Male,26-02-1982,Calabar,Cross River,Student,Premium,20851085.1,03-02-2024
C00359,Adewale,Ibe,Male,12-02-1985,Calabar,Cross River,Retired,Retail,4427019.9,12/13/2023
C00360,DAMILARE,Okoro,Male,01-11-1995,Kaduna,Kaduna,Civil Servant,Retail,5480904.15,27-08-2025
C00361,Chiamaka,Suleiman,Female,13-02-1984,Onitsha,Anambra,Student,Retail,7112731.8,29-06-2018
C00362,Olamide,Aliyu,Male,11-04-2001,Awka,Anambra,Freelancer,Retail,16849811.7,22-01-2025
C00363,Abubakar,Ajayi,Male,27-07-2003,Nsukka,Enugu,Freelancer,Retail,7481081.55,11-09-2025
C00364,Ifeoma,Ekwueme,Female,08/23/1961,Port Harcourt,Rivers,Student,Retail,12437567.55,2022-05-09
C00365,Adewale,Onyekachi,Male,14-07-2000,Jos,Plateau,Freelancer,Retail,5896097.4,26-07-2024
C00366,Aisha,Okafor,Female,12-02-2004,Ikeja,Lagos,Student,SME,7567243.5,30-05-2025
C00367,Amaka,Yusuf,Female,18-03-1990,Lagos,Lagos,Freelancer,Retail,20866641.3,14-08-2019
C00368,Femi,Aliyu,Male,21-12-2003,Awka,Anambra,Salaried,Retail,17156844.75,21-01-2018
C00369,Chinedu,Ogundipe,Male,18-07-1998,Lekki,Lagos,Student,Retail,4043055.6,30-03-2025
C00370,Ayodele,Adeyemi,Male,06-03-1969,Zaria,Kaduna,Retired,Retail,9821461.95,03/05/2023
C00371,Yusuf,Eze,Male,22-05-1964,Calabar,Cross River   ,Business Owner,Retail,6517411.95,12-12-2024
C00372,Adaobi,Yakubu,Female,16-06-1972,Warri,Delta,Business Owner,Retail,7772883.3,21-10-2022
C00373,OBINNA,Ogundipe,Male,08-06-1960,Abeokuta,Ogun,Freelancer,Corporate,25494373.35,20-09-2021
C00374,Kelechi,Okafor,Male,12-08-1989,Kaduna,Kaduna,Business Owner,Corporate,14399632.8,28-07-2019
C00375,Adaobi,Fashola,Female,24-05-1972,Calabar,Cross River,Retired,SME,3780000.0,2020-05-21
C00376,Chiamaka,Okoro,Female,18-05-1995,Ikeja,Lagos,Self Employed,SME,10352028.15,12-08-2024
C00377,Damilare,Ibrahim,Male,17-08-1968,Awka,Anambra,Retired,Retail,5457097.2,29-07-2019
C00378,Damilare,Chukwuma,Male,19-03-1970,Jos,Plateau,Student,SME,14296176.9,07-08-2020
C00379,Kelechi,Afolabi,Male,08-06-1976,Warri,Delta,Freelancer,Retail,5184544.95,20-08-2021
C00380,Nkechi,Ajayi,Female,27-11-1993,Asaba,Delta,Freelancer,Retail,11407039.05,31-03-2022
C00381,AISHA,Fashola,Female,27-11-1997,Uyo,Akwa Ibom,Student,Retail,4273765.95,10-10-2024
C00382,Ikechukwu,Musa,Male,15-03-1992,Lagos,Lagos,Freelancer,,4748244.6,01-08-2020
C00383,Yakubu,Chukwu,Male,04-12-1981,Ogbomoso,Oyo,Self Employed,Retail,6470246.7,26-06-2018
C00384,Chukwuemeka,Umeh,Male,06-10-1996,Port Harcourt,Rivers,Business Owner,Retail,7402200.3,08-01-2020
C00385,Emeka,Fashola,Male,19-10-1985,Zaria,Kaduna,Self Employed,Premium,6054034.8,10-08-2022
C00386,Ifeoma,Eze,Female,27-10-1969,Abuja,FCT,Retired,Corporate,18516143.25,16-08-2024
C00387,Oluwaseun,Abiola,Male,13-07-1974,Warri,Delta   ,Retired,Retail,14490561.9,2023-08-24
C00388,Patience,Aliyu,Female,22-08-1965,Asaba,Delta,Business Owner,Retail,11688396.75,27-06-2018
C00389,Olamide,Eze,Male,26-04-1987,Zaria,Kaduna,Student,Retail,9804627.75,03-07-2019
C00390,Ibrahim,Chukwuma,Male,28-04-1990,Benin City,Edo,Freelancer,Retail,8131968.75,01/30/2018
C00391,Fatima,Eze,Female,17-02-1993,Lekki,Lagos,Salaried,Retail,10586333.1,26-09-2019
C00392,Aisha,Ibe,Female,09-10-2001,Ogbomoso,Oyo,Self Employed,Retail,7176371.7,20-08-2022
C00393,Maryam,Aliyu,Female,06-08-1995,Calabar,Cross River,Freelancer,Retail,7113332.1,19-06-2022
C00394,Ifeanyi,Suleiman,Male,24-02-2002,Port Harcourt,Rivers,Self Employed,Retail,3081549.0,13-05-2022
C00395,Tobi,Mohammed,Male,03/16/1965,Lagos,Lagos,Retired,SME,8704700.1,04-06-2018
C00396,Chioma,Ogundipe,Female,1985-10-21,Ibadan,Oyo,Student,Retail,10897703.85,02/13/2018
C00397,Emeka,Fashola,Male,10-09-2002,Nsukka,Enugu,Freelancer,Retail,11472373.2,28-05-2018
C00398,Zainab,Obi,Female,01-11-1975,Uyo,Akwa Ibom,Student,Wealth,11620363.5,28-07-2024
C00399,Simisola,Chukwu,Female,24-01-1993,Nsukka,Enugu,Business Owner,Premium,28744437.3,06-02-2021
C00400,Femi,Okoro,Male,15-04-1998,Enugu,Enugu,Retired,SME,10223256.6,24-10-2018
C00401,Kemi,Sanni,Female,04-06-1978,Zaria,Kaduna,Retired,SME,18616627.2,04-06-2023
C00402,Ayodele,Mohammed,Male,1981-08-22,Enugu,Enugu,Student,Retail,7219369.8,08-02-2025
C00403,Chiamaka,Umeh,Female,08-12-2003,Enugu,Enugu,Self Employed,SME,8176637.1,22-03-2021
C00404,Titi,Abiola,Female,24-11-1985,Warri,Delta,Self Employed,SME,8978146.95,30-08-2025
C00405,Bayo,Olawale,Male,12/07/1991,Nsukka,Enugu,Retired,Retail,4764666.6,29-12-2021
C00406,Uche,Abiola,Male,03-02-1966,Port Harcourt,Rivers,Student,Premium,17807539.5,01-03-2022
C00407,Temitope,Bello,Female,19-08-1980,Abuja,FCT,Student,SME,5328545.1,28-06-2020
C00408,Maryam,Ibrahim,Female,17-01-1968,Lekki,Lagos,Freelancer,Corporate,13963591.65,17-12-2019
C00409,Bukola,Nwachukwu,Female,12/17/1967,Jos,Plateau,Self Employed,,3459673.35,25-02-2024
C00410,Temitope,Abiola,Female,16-05-1975,Benin City,Edo,Freelancer,Wealth,16605661.05,05-03-2022
C00411,Ngozi,Garba,Female,15-05-1985,Uyo,Akwa Ibom,Self Employed,Retail,2920952.85,24-03-2024
C00412,Ronke,Okafor,Female,05-04-1984,Ogbomoso,Oyo,Student,SME,14240453.4,05-07-2019
C00413,Nkechi,Sanni,Female,11-12-1994,Zaria,Kaduna,Salaried,Corporate,9488628.9,29-09-2025
C00414,Adanna,Adeyemi,Female,27-04-1963,Abeokuta,Ogun,Business Owner,Retail,,23-03-2018
C00415,Chinedu,Ogundipe,Male,28-06-1967,Ogbomoso,Oyo,Business Owner,Premium,15115821.0,25-12-2021
C00416,Blessing,Nnaji,Female,16-09-2003,Onitsha,Anambra,Freelancer,Corporate,13827553.8,17-08-2019
C00417,Yakubu,Abiola,Male,14-06-2000,Abeokuta,Ogun,Business Owner,Premium,18684002.7,23-07-2020
C00418,Aisha,Adeyemi,Female,10-11-1980,Onitsha,Anambra,Freelancer,Premium,14080704.9,01-08-2024
C00419,Femi,Fashola,Male,06-07-1988,Zaria,Kaduna,Civil Servant,Retail,8153003.1,19-09-2018
C00420,Precious,Adeyemi,Female,01-01-1995,Kaduna,Kaduna,Self Employed,Corporate,5940000.0,10-10-2020
C00421,Maryam,Chukwuma,Female,05-11-1988,Awka,Anambra,Retired,Retail,20039443.2,20-01-2021
C00422,Patience,Ibrahim,Female,23-03-1988,Calabar,Cross River,Retired,Retail,7769756.25,03/05/2025
C00423,Amaka,Yakubu,Female,1979-06-16,Calabar,Cross River,Self Employed,Retail,11107837.2,28-05-2021
C00424,Grace,Yusuf,Female,27-09-1960,Lagos,Lagos   ,Student,Corporate,9023749.05,2021-05-12
C00425,Ijeoma,Nwosu,Female,20-05-1987,Lagos,Lagos,Student,Retail,3158871.6,20-10-2020
C00426,Grace,Ibe,Female,27-07-2001,Abeokuta,Ogun,Business Owner,Retail,4506239.4,10-04-2025
C00427,Kemi,Obi,Female,07-07-1977,Calabar,Cross River,Business Owner,SME,6093323.7,09-11-2025
C00428,Bisi,Adesanya,Female,11-04-1991,Abuja,FCT,Business Owner,Retail,2700000.0,28-05-2019
C00429,Chioma,Afolabi,Female,03-04-1960,Jos,Plateau,Student,Retail,6575392.35,25-10-2025
C00430,Ifeoma,Ogunleye,Female,27-02-1981,Ikeja,Lagos,Self Employed,Corporate,9260320.05,27-02-2020
C00431,Oluwaseun,Onyekachi,Male,04-01-1984,Benin City,Edo,Self Employed,Wealth,27671754.15,03-03-2023
C00432,Damilare,Suleiman,Male,07-11-1993,Asaba,Delta,Freelancer,Retail,8511461.85,01-03-2024
C00433,Yetunde,Yusuf,Female,16-05-1967,Zaria,Kaduna,Business Owner,Premium,18522517.05,03-03-2018
C00434,Tunde,Ekwueme,Male,04-10-1977,Abeokuta,Ogun,Business Owner,Retail,8498686.5,02-01-2019
C00435,Chidi,Musa,Male,03-08-1970,Enugu,Enugu,Self Employed,Premium,15500597.1,22-06-2023
C00436,Tunde,okonkwo,Male,26-09-1980,Enugu,Enugu,Freelancer,Premium,-4860000.0,28-03-2022
C00437,Godwin,Ogundipe,Male,02-05-1968,  Uyo,Akwa Ibom,Retired,Retail,6103890.3,04-02-2020
C00438,Ikechukwu,Bello,Male,1982-06-24,Calabar,Cross River,Civil Servant,Retail,15751669.5,16-12-2023
C00439,Halima,Adeyemi,Female,27-05-1988,Port Harcourt,Rivers,Retired,Retail,8184724.65,05-09-2020
C00440,Obinna,Eze,Male,18-11-1964,Onitsha,Anambra,Retired,SME,3780000.0,05-03-2021
C00441,Sunday,Adebayo,Male,11-11-1986,Onitsha,Anambra,Salaried,Retail,6793689.9,07-04-2020
C00442,Nkechi,Eze,Female,04-04-1991,Asaba,Delta,Civil Servant,Retail,8258944.8,09-02-2022
C00443,Simisola,Ogundipe,Female,03-12-1998,Enugu,Enugu,Business Owner,Retail,6104801.25,12/11/2025
C00444,Bayo,ajayi,Male,17-05-1999,Ikeja,Lagos,Salaried,Retail,3706956.9,02/18/2026
C00445,Grace,Yakubu,Female,07-07-1994,Enugu,Enugu,Freelancer,Retail,9363252.75,09-03-2019
C00446,Folake,Balogun,Female,15-11-1982,Lekki,Lagos,Retired,Premium,11062082.25,14-10-2021
C00447,Chiamaka,Suleiman,Female,15-10-1994,Abeokuta,Ogun,Freelancer,SME,21608295.6,30-10-2022
C00448,Zainab,eze,Female,19-04-1998,Onitsha,Anambra,Student,Retail,,2023-01-07
C00449,Uche,Suleiman,Male,02-12-1960,Ibadan,Oyo,Business Owner,Wealth,24009771.15,27-06-2020
C00450,Segun,Adebayo,Male,25-01-1980,Nsukka,Enugu,Civil Servant,SME,11896514.25,04-06-2018
C00451,Yakubu,Nwankwo,Male,05-03-1982,Jos,Plateau,Retired,Retail,10833202.8,26-06-2022
C00452,Ikechukwu,Suleiman,Male,03-12-1973,Lekki,Lagos,Retired,Premium,16684280.1,15-03-2025
C00453,Kemi,Nnaji,Female,26-12-1962,Awka,Anambra,Civil Servant,Premium,17677962.75,17-07-2020
C00454,Chinedu,Nwosu,Male,25-11-1960,Abuja,FCT,Business Owner,Premium,4932244.2,20-08-2023
C00455,Ifeanyi,Adeyemi,Male,22-01-1969,Enugu,Enugu,Self Employed,Corporate,12166513.65,05-11-2022
C00456,Bisi,Okafor,Female,05-03-1985,Awka,Anambra,Civil Servant,Retail,6068354.85,21-06-2022
C00457,Ibrahim,Nwachukwu,Male,1987-12-05,Zaria,Kaduna,Retired,Corporate,14275568.7,28-11-2024
C00458,Nnamdi,Danjuma,Male,03-04-1975,Zaria,Kaduna,Freelancer,Retail,5382941.7,22-08-2022
C00459,Nkechi,Balogun,Female,07-06-1983,Ogbomoso,Oyo,Retired,Retail,7266784.35,17-12-2022
C00460,Adewale,Yusuf,Male,08/02/1969,Abuja,FCT,Freelancer,SME,4177881.3,12-08-2018
C00461,Adanna,Ibe,Female,28-03-1999,Enugu,Enugu,Student,SME,6848113.05,14-04-2023
C00462,Ngozi,Adekunle,Female,24-04-1981,Lagos,Lagos,Retired,Retail,3692525.55,09-03-2026
C00463,Damilare,Okafor,Male,22-12-2004,Port Harcourt,Rivers,Civil Servant,Retail,8375440.65,09-03-2021
C00464,Chidi,Adesanya,Male,09-10-2004,Nsukka,Enugu,Civil Servant,Retail,5745128.85,13-04-2021
C00465,CHINEDU,Chukwu,Male,17-07-1974,Ibadan,Oyo,Self Employed,Wealth,11464625.7,25-03-2020
C00466,Titi,Ogunleye,Female,23-09-1989,Zaria,Kaduna,Freelancer,Retail,3999027.45,2019-10-06
C00467,Chioma,Ogundipe,Female,12-11-1982,Lagos,Lagos,Salaried,Retail,12380788.65,23-03-2024
C00468,Ifeanyi,Ogunleye,Male,1974-03-11,Benin City,Edo,Student,SME,10928067.0,11-09-2020
C00469,Musa,Obi,MALE,10-07-1969,Lekki,Lagos,Self Employed,SME,6534765.15,19-06-2021
C00470,Ikechukwu,Ezeh,Male,07/25/1968,Zaria,Kaduna   ,Business Owner,Retail,4497529.5,20-08-2019
C00471,Damilare,Onyekachi,Male,14-07-1980,Lagos,Lagos,Self Employed,Retail,24343463.7,14-03-2019
C00472,Suleiman,Garba,Male,25-01-1971,Port Harcourt,Rivers   ,Self Employed,Wealth,26335855.8,16-09-2025
C00473,Maryam,Fashola,Female,23-02-1982,Lagos,Lagos,Student,Corporate,13421962.95,18-07-2019
C00474,KAYODE,Danjuma,Male,1972-04-02,Abeokuta,Ogun   ,Civil Servant,Retail,11460640.05,2019-12-27
C00475,Chioma,Ekwueme,Female,23-08-1999,Jos,Plateau,Freelancer,Retail,6292490.55,05-07-2021
C00476,Ayodele,Eze,Male,19-12-1999,Ibadan,Oyo,Student,Premium,14468515.35,15-02-2023
C00477,Aliyu,ezeh,Male,18-09-1975,  Ikeja,Lagos,Business Owner,Retail,10959638.7,06-12-2022
C00478,Chinedu,Suleiman,Male,15-05-1979,Ibadan,Oyo,Self Employed,Retail,6022101.6,2024-07-25
C00479,Funmilayo,Garba,Female,14-07-1968,Calabar,Cross River,Salaried,Retail,2921280.6,21-10-2020
C00480,Bukola,Ajayi,Female,23-11-2004,Onitsha,Anambra,Civil Servant,Corporate,18468863.55,16-11-2023
C00481,Segun,Mohammed,Male,06-10-1992,Ibadan,Oyo,Self Employed,Retail,4081337.7,2019-08-16
C00482,Aliyu,Nwosu,Male,10-07-1963,Abeokuta,Ogun,Self Employed,Retail,10488386.1,10-04-2020
C00483,Ijeoma,Ibe,Female,01-05-1999,Lagos,Lagos,Self Employed,Retail,,07-06-2020
C00484,Kemi,Bello,Female,08/15/2002,Lekki,Lagos,Retired,Retail,2700000.0,18-01-2025
C00485,Titi,Eze,Female,06-01-1973,Calabar,Cross River,Business Owner,Retail,7711214.55,26-12-2018
C00486,Abubakar,Afolabi,Male,06-07-1966,Ikeja,Lagos,Student,Retail,3642019.95,29-06-2024
C00487,Yusuf,Adesanya,Male,25-02-1962,Uyo,Akwa Ibom,Business Owner,Retail,5435029.95,13-04-2023
C00488,Emmanuel,Mohammed,Male,28-12-1967,Port Harcourt,Rivers,Salaried,Retail,7002289.8,29-05-2024
C00489,Ifeoma,Sanni,Female,24-08-1965,Zaria,Kaduna,Self Employed,Premium,7149068.85,21-11-2024
C00490,Folake,Ibrahim,FEMALE,24-09-1991,Lekki,Lagos,Self Employed,Premium,11842591.2,07-01-2018
C00491,Amara,Yakubu,Female,21-08-1961,Asaba,Delta,Salaried,Corporate,19368798.6,29-09-2021
C00492,Rukayat,Aliyu,Female,07-11-1995,Uyo,Akwa Ibom,Business Owner,Retail,4481988.75,07-09-2023
C00493,Damilare,Okonkwo,Male,04-01-1980,  Calabar,Cross River,Self Employed,Premium,6939437.1,15-09-2021
C00494,Blessing,Uzoma,Female,16-08-2003,Onitsha,Anambra,Student,Corporate,19030545.0,23-08-2022
C00495,RUKAYAT,Ogunleye,Female,19-05-1993,Ikeja,Lagos,Business Owner,Premium,8209117.2,29-09-2018
C00496,Fatima,Chukwu,Female,11-01-1977,Port Harcourt,Rivers,Self Employed,Wealth,42461227.35,03-09-2024
C00497,Rukayat,Okoro,Female,28-12-1979,Asaba,Delta,Student,Retail,3122283.9,24-05-2021
C00498,Amara,Eze,Female,06-05-1993,Nsukka,Enugu,Retired,Retail,22252645.05,13-04-2018
C00499,Ikechukwu,Umeh,Male,07-03-1992,Kaduna,Kaduna,Salaried,Retail,5864336.55,16-10-2023
C00500,Chidi,Adekunle,Male,02-12-1973,Port Harcourt,Rivers,Freelancer,Retail,10121168.85,31-08-2024
C00501,Hauwa,Balogun,Female,02-08-1981,Warri,Delta,Freelancer,Retail,17807070.6,09-05-2020
C00502,Olumide,Adebayo,Male,1972-04-10,Onitsha,Anambra,Self Employed,Retail,4890126.0,25-01-2021
C00503,Yakubu,Aliyu,Male,1960-10-18,Asaba,Delta,Freelancer,Retail,4333600.35,06-03-2021
C00504,Chukwudi,Adeyemi,Male,03-03-1975,Lekki,Lagos,Student,Retail,14851625.85,29-07-2025
C00505,Titi,ekwueme,Female,02-07-1966,Ikeja,Lagos,Retired,Retail,4698386.4,27-12-2021
C00506,Kayode,Mohammed,Male,04/23/1981,Awka,Anambra,Student,Corporate,15666282.75,25-06-2021
C00507,Emmanuel,Okonkwo,Male,08-04-1990,Jos,Plateau,Freelancer,Retail,10976488.95,17-06-2025
C00508,Amaka,Adekunle,Female,16-08-1980,Onitsha,Anambra,Business Owner,Retail,6402288.15,11-10-2024
C00509,Bukola,Suleiman,Female,04-09-1968,Lekki,Lagos,Retired,Retail,8322269.55,04-03-2023
C00510,Ifeoma,Obi,Female,08-07-1997,Ibadan,Oyo,Self Employed,Premium,67571123.4,13-10-2025
C00511,Zainab,Onyekachi,Female,19-07-1987,Lekki,Lagos,Salaried,Corporate,15425142.75,2024-08-22
C00512,Damilare,Chukwuma,Male,18-06-1989,Abuja,FCT,Freelancer,Retail,6158530.95,08-09-2024
C00513,Adanna,Sanni,Female,21-08-1980,Ibadan,Oyo,Retired,Premium,8073086.7,25-06-2024
C00514,Ifeoma,Musa,Female,22-04-1972,Jos,Plateau,Freelancer,SME,3780000.0,11-11-2021
C00515,Nkechi,Nwachukwu,Female,20-01-1997,Warri,Delta,Retired,Wealth,17949142.35,06-08-2018
C00516,Omolara,Ogunleye,Female,04-06-1995,Lagos,Lagos,Freelancer,SME,14587693.2,27-07-2021
C00517,Nkechi,Olawale,Female,14-07-1985,Ibadan,Oyo,Business Owner,Retail,8886150.6,05-09-2022
C00518,Oluwaseun,Suleiman,Male,05-11-1978,Port Harcourt,Rivers,Self Employed,Retail,9968230.8,15-03-2025
C00519,Bukola,Uzoma,Female,20-12-1989,Ogbomoso,Oyo,Student,SME,11497745.85,26-12-2021
C00520,Nkechi,Danjuma,F,20-07-1971,Enugu,Enugu,Student,Retail,6593452.5,16-02-2024
C00521,Kelechi,Sanni,Male,02-01-1983,Lekki,Lagos,Freelancer,Premium,14854593.3,15-03-2026
C00522,Chiamaka,Aliyu,Female,17-08-1977,Zaria,Kaduna,Retired,Retail,6000926.1,05-08-2018
C00523,Adaobi,Ogundipe,Female,16-01-1994,Onitsha,Anambra,Business Owner,Retail,16310857.65,30-03-2021
C00524,Aliyu,Onyekachi,Male,20-12-1962,Abeokuta,Ogun,Retired,Corporate,23851616.55,31-07-2018
C00525,Comfort,Ogunleye,F,1999-01-10,Awka,Anambra,Business Owner,Retail,9492551.4,2018-02-28
C00526,Femi,Abiola,Male,03/19/1998,Asaba,Delta,Student,Corporate,18527822.25,11-01-2020
C00527,Bukola,Yakubu,Female,03-06-1962,Zaria,Kaduna,Student,Wealth,33010515.9,01-09-2020
C00528,Ijeoma,Chukwuma,Female,07-03-2000,Jos,Plateau,Student,Premium,4860000.0,05-05-2023
C00529,NGOZI,Olawale,Female,25-12-1990,Awka,Anambra,Self Employed,SME,4199586.3,12/13/2023
C00530,Amaka,Nwachukwu,Female,26-05-1960,Ogbomoso,Oyo,Student,Retail,7944430.95,05-11-2024
C00531,Ifeanyi,Mohammed,Male,05/09/1981,Benin City,Edo,Retired,SME,5332740.0,14-10-2021
C00532,Ibrahim,Okonkwo,Male,01-09-1980,Abeokuta,Ogun,Civil Servant,Premium,11189583.3,04/08/2018
C00533,Ibrahim,Fashola,Male,20-01-1965,  Abuja,FCT,Student,Premium,18664599.45,12-05-2025
C00534,Ronke,Ogundipe,Female,23-02-1971,Lekki,Lagos,Student,Retail,3749568.9,06-10-2025
C00535,Funmilayo,Chukwuma,Female ,25-03-1976,Onitsha,Anambra,Business Owner,Retail,10136702.85,30-12-2019
C00536,Chiamaka,Yakubu,Female,07-08-1964,Jos,Plateau,Self Employed,Premium,6573256.65,19-11-2024
C00537,Kayode,Nwosu,Male,09-12-1988,Asaba,Delta,Student,Retail,2700000.0,02-09-2019
C00538,Kemi,Adesanya,Female,13-11-1962,Lagos,Lagos,Student,Retail,7674190.5,13-07-2022
C00539,Maryam,Nwosu,Female,01-04-1994,Warri,Delta,Business Owner,Retail,14933694.75,24-08-2025
C00540,Chinedu,Adebayo,Male,21-01-1985,Awka,Anambra,Student,Wealth,24774396.3,02-04-2021
C00541,Adaeze,Ibrahim,Female,1971-09-02,Nsukka,Enugu   ,Student,Wealth,24716195.1,14-12-2018
C00542,Emeka,Ibe,Male,02-03-1972,Jos,Plateau,Retired,Retail,11044009.2,20-03-2025
C00543,Ijeoma,Aliyu,Female ,27-09-1991,Awka,Anambra,Salaried,SME,7389383.4,17-05-2020
C00544,Ibrahim,Chukwuma,Male,1989-11-28,Zaria,Kaduna,Freelancer,SME,4227472.35,03-08-2019
C00545,Aliyu,Onyekachi,Male,16-01-2001,Kaduna,Kaduna,Self Employed,SME,,04-02-2025
C00546,Emeka,Olawale,Male,15-02-1979,Ikeja,Lagos,Salaried,Premium,16751420.25,10-04-2020
C00547,Aisha,Yakubu,Female,22-12-1981,Ogbomoso,Oyo,Self Employed,Retail,2700000.0,06-07-2018
C00548,Ifeanyi,Yakubu,Male,03-06-1971,Lekki,Lagos,Student,Retail,3720066.75,24-09-2020
C00549,Blessing,Ogunleye,Female,04-03-1962,Lekki,Lagos,Salaried,Corporate,17830818.45,27-01-2018
C00550,Wale,Ekwueme,Male,23-02-1971,Lagos,Lagos,Self Employed,Premium,22324487.7,10-08-2019
C00551,Comfort,Sanni,Female,14-08-1993,Benin City,Edo,Retired,Retail,2700000.0,27-12-2018
C00552,Folake,Obi,Female,01-07-1982,Awka,Anambra,Salaried,Premium,12104846.85,04-03-2020
C00553,Aliyu,Adesanya,Male,28-11-1969,Asaba,Delta,Freelancer,Wealth,19333536.75,31-01-2022
C00554,Femi,Onyekachi,Male,09-07-1973,Awka,Anambra,Retired,Retail,21852620.7,22-12-2019
C00555,Sunday,Nnaji,Male,17-08-1961,Abeokuta,Ogun,Civil Servant,Retail,7555799.55,28-08-2021
C00556,Uche,Ezeh,Male,24-04-1966,Enugu,Enugu,Self Employed,Retail,2700000.0,01-11-2024
C00557,Funmilayo,Fashola,Female,12-07-1971,Jos,Plateau,Self Employed,Retail,11660261.25,12-05-2018
C00558,Chukwudi,Danjuma,Male,05-05-1963,Lekki,Lagos,Business Owner,Retail,6275431.35,08-10-2024
C00559,Nkechi,Ajayi,Female,06-10-2000,Abeokuta,Ogun,Self Employed,Premium,12742550.85,20-08-2024
C00560,Aliyu,Fashola,Male,01-05-1989,Kaduna,Kaduna,Retired,Corporate,19624976.55,03-09-2019
C00561,Amara,Obi,Female,07/02/1960,Lekki,Lagos,Student,Retail,5887736.25,10/24/2025
C00562,Emeka,Ibe,Male,08-08-1988,Asaba,Delta,Business Owner,Retail,,26-04-2021
C00563,Bayo,Ogundipe,Male,01-02-2001,Enugu,Enugu,Student,Retail,3567582.15,15-03-2023
C00564,Funmilayo,Afolabi,Female,26-03-1985,Port Harcourt,Rivers,Freelancer,SME,13916919.9,25-09-2021
C00565,Olamide,Ibe,Male,14-05-1962,  Zaria,Kaduna,Retired,Corporate,23647350.15,07-10-2021
C00566,Precious,Sanni,Female,12-11-1992,Ikeja,Lagos,Business Owner,SME,5209128.15,19-12-2019
C00567,BLESSING,Danjuma,Female,23-09-1964,Calabar,Cross River,Freelancer,Corporate,8740790.25,04-07-2024
C00568,Yetunde,Ekwueme,Female,12-06-1974,Nsukka,Enugu,Business Owner,SME,9345009.3,28-01-2023
C00569,Ijeoma,Nnaji,Female,27-09-1992,Kaduna,Kaduna,Retired,Retail,12279967.5,2022-02-16
C00570,Godwin,Danjuma,Male,03-08-1972,Warri,Delta,Business Owner,Retail,11247799.35,04-04-2019
C00571,Adaobi,Nwankwo,Female,28-03-1991,Port Harcourt,Rivers,Business Owner,Retail,5178836.4,17-09-2022
C00572,Omolara,Eze,Female,10-01-2001,Jos,Plateau,Freelancer,Retail,12812596.65,31-03-2025
C00573,Segun,Danjuma,Male,22-10-1991,Onitsha,Anambra,Business Owner,Premium,21367328.55,12/05/2019
C00574,Emeka,Nwankwo,Male,12-08-1974,Benin City,Edo,Freelancer,Wealth,15431826.15,02-01-2024
C00575,Chinedu,Musa,Male,27-03-1971,Awka,Anambra,Student,Premium,8317734.0,02-12-2020
C00576,Titi,Ajayi,Female,18-04-1971,Uyo,Akwa Ibom,Salaried,Premium,6540966.6,13-04-2018
C00577,Bukola,Yakubu,Female,15-03-1991,Ibadan,Oyo,Business Owner,SME,10149273.15,07-06-2024
C00578,Uche,Afolabi,Male,15-12-1996,Port Harcourt,Rivers,Business Owner,Retail,,2018-04-12
C00579,Olamide,Uzoma,Male,15-04-1999,Ibadan,Oyo,Business Owner,Retail,4368606.6,12-03-2020
C00580,Adewale,Musa,Male,28-09-1965,  Lagos,Lagos,Student,Retail,7924104.6,25-07-2021
C00581,Titi,Fashola,F,02-09-1998,Abuja,FCT,Student,SME,7965813.6,08-03-2022
C00582,Kemi,Ogundipe,Female,1978-06-12,Lagos,Lagos,Student,Retail,5903572.8,28-03-2021
C00583,Temitope,Garba,Female,14-12-1987,Abeokuta,Ogun,Retired,Retail,7261199.4,05-10-2021
C00584,Amaka,Suleiman,Female,03-07-1997,Warri,Delta,Freelancer,Retail,7946814.6,15-05-2024
C00585,Ronke,Okoro,Female,03/27/1972,Port Harcourt,Rivers,Student,Retail,6997874.25,09-04-2024
C00586,Adaobi,Yakubu,F,26-01-1974,Jos,Plateau,Self Employed,Retail,12066675.15,08-07-2023
C00587,Blessing,Ekwueme,Female,1961-02-25,Enugu,Enugu,Freelancer,Retail,11537610.3,10-09-2025
C00588,Adewale,Aliyu,Male,12-02-2004,Kaduna,Kaduna,Self Employed,Retail,10501581.6,02-08-2021
C00589,Aliyu,Nnaji,Male,2004-03-12,Jos,Plateau,Business Owner,Retail,4586103.9,09-04-2021
C00590,Kemi,Obi,Female,17-02-2000,Zaria,Kaduna,Business Owner,Retail,11088512.4,06-09-2025
C00591,Suleiman,Sanni,Male,23-11-1977,Awka,Anambra,Self Employed,Premium,4860000.0,24-10-2023
C00592,Olamide,Onyekachi,Male,14-08-1983,Awka,Anambra,Student,Retail,4366966.95,02-03-2023
C00593,Nkechi,Bello,Female,01-03-1967,Warri,Delta,Self Employed,Retail,5020986.75,17-12-2025
C00594,Precious,Sanni,Female,27-12-1961,Awka,Anambra,Self Employed,,2700000.0,09-05-2020
C00595,Femi,garba,Male,23-07-1965,Port Harcourt,Rivers,Freelancer,Corporate,14223228.3,05-10-2023
C00596,Suleiman,Yusuf,Male,04-08-1963,  Lekki,Lagos,Retired,SME,5012543.55,21-04-2020
C00597,Godwin,Afolabi,Male,22-03-1972,Lekki,Lagos,Retired,Retail,5592949.05,24-05-2024
C00598,Ayodele,Mohammed,Male,25-10-1966,Warri,Delta,Freelancer,Retail,4769539.35,09-02-2019
C00599,Adaobi,Olawale,Female,16-12-1992,Nsukka,Enugu,Student,Retail,7714074.9,04-10-2022
C00600,Nnamdi,Balogun,Male,14-04-1992,Nsukka,Enugu,Business Owner,Retail,,16-07-2023
C00601,Ifeanyi,Fashola,Male,15-05-1984,Asaba,Delta,Civil Servant,Premium,10609861.35,2023-05-03
C00602,Ayodele,Ajayi,Male,22-01-1971,Uyo,Akwa Ibom,Self Employed,Retail,3419844.15,06-06-2022
C00603,Ngozi,Adeyemi,Female,04-10-2004,Ibadan,Oyo,Self Employed,Corporate,22792277.7,02-09-2024
C00604,Amara,Musa,Female,27-04-1967,Ibadan,Oyo,Freelancer,Retail,6612550.65,28-06-2022
C00605,Comfort,Obi,Female,20-11-1990,Uyo,Akwa Ibom,Student,,,03-08-2020
C00606,Emmanuel,Fashola,Male,24-02-1961,Port Harcourt,Rivers,Business Owner,Retail,13653857.55,22-12-2024
C00607,Ronke,Okoro,Female,22-02-1966,Abuja,FCT,Student,Corporate,49355763.0,08/30/2023
C00608,Uche,Ogundipe,Male,26-06-1994,Benin City,Edo,Student,SME,23491637.25,18-01-2023
C00609,Yakubu,Abiola,Male,15-08-1984,Onitsha,Anambra,Student,Retail,2711125.95,31-10-2022
C00610,Bisi,Okafor,Female,13-12-1979,Port Harcourt,Rivers,Student,Retail,2700000.0,2024-04-21
C00611,Adaeze,Nwachukwu,Female,13-01-1992,Abeokuta,Ogun,Business Owner,Retail,7618696.2,09-09-2018
C00612,Grace,Garba,Female,05-01-1997,Lagos,Lagos,Salaried,SME,5345268.6,20-10-2022
C00613,Ayodele,Okonkwo,Male,12-07-1982,Uyo,Akwa Ibom,Freelancer,Retail,4841530.5,26-09-2018
C00614,Yetunde,Sanni,Female,06-06-1967,Awka,Anambra,Business Owner,Retail,4894938.15,25-03-2018
C00615,Wale,Onyekachi,Male,01/11/1997,Kaduna,Kaduna,Freelancer,Retail,5209059.6,28-07-2025
C00616,Temitope,Bello,Female,17-08-1981,  Nsukka,Enugu,Self Employed,SME,11229308.4,29-07-2023
C00617,Chukwuemeka,Ibe,Male,10-04-1994,Warri,Delta,Freelancer,Retail,4238172.75,2024-06-26
C00618,Segun,Danjuma,Male,09-06-1997,Asaba,Delta,Freelancer,Retail,11405700.45,21-05-2021
C00619,Adanna,Ibe,Female,22-07-1979,Zaria,Kaduna,Freelancer,Retail,4133294.85,21-02-2024
C00620,Aisha,Bello,Female,23-11-1961,Abeokuta,Ogun,Freelancer,Retail,3676473.6,23-12-2023
C00621,Chidi,Ekwueme,Male,24-10-1987,Abuja,FCT,Freelancer,Premium,12346575.15,08-09-2025
C00622,Chioma,Suleiman,Female,11-07-1987,Awka,Anambra,Business Owner,SME,26808164.7,31-03-2025
C00623,Fatima,Sanni,Female,20-11-1976,Abeokuta,Ogun,Student,Retail,4964222.7,12-06-2023
C00624,Ifeoma,Mohammed,Female,21-07-1987,Calabar,Cross River,Freelancer,SME,6311618.1,05-03-2024
C00625,Blessing,Ibe,Female,24-01-2001,Abeokuta,Ogun,,Retail,2700000.0,07/14/2025
C00626,Omolara,Ogundipe,Female,27-12-1985,Warri,Delta,Student,Retail,15596548.05,05-01-2019
C00627,Halima,Bello,Female,25-02-1998,Enugu,Enugu,Self Employed,SME,6306034.35,14-08-2019
C00628,Chioma,Garba,Female,09-04-1971,Asaba,Delta,Freelancer,Retail,3772864.05,08-04-2019
C00629,Ronke,Umeh,Female,16-07-1994,Onitsha,Anambra,Civil Servant,Premium,22818657.9,28-03-2025
C00630,Ngozi,Ogundipe,Female,12/22/1962,Abuja,FCT   ,Freelancer,Corporate,18133105.05,15-05-2019
C00631,Amara,Nwosu,Female,13-08-1975,Calabar,Cross River,Self Employed,Retail,11664905.7,19-10-2019
C00632,Titi,Ekwueme,Female,26-06-2000,Jos,Plateau,Student,Corporate,13322786.4,19-08-2022
C00633,Nkechi,Okoro,Female,27-02-1987,  Onitsha,Anambra,Student,Retail,5212049.7,10/18/2025
C00634,Kelechi,Okonkwo,Male,21-11-1963,Lagos,Lagos,Freelancer,Retail,5718765.9,05-06-2021
C00635,Rukayat,Balogun,Female,04-02-1996,Onitsha,Anambra,Business Owner,Retail,11040580.5,2023-01-24
C00636,Comfort,Adesanya,Female,06-05-1968,Kaduna,Kaduna,Retired,Premium,7350161.1,08-07-2020
C00637,Grace,Okonkwo,Female,21-09-1961,Lagos,Lagos,Freelancer,Premium,9019152.6,11/23/2019
C00638,Halima,Ogunleye,Female,14-10-1985,Ikeja,Lagos,Student,Premium,5818807.05,22-07-2025
C00639,Funmilayo,Obi,Female,23-04-1967,Kaduna,Kaduna,Self Employed,Retail,2780219.55,23-09-2024
C00640,Simisola,Ogundipe,Female,22-12-1978,Nsukka,Enugu,Salaried,Retail,4212054.9,12-02-2018
C00641,Adaobi,Adebayo,Female,23-06-1968,Kaduna,Kaduna,Civil Servant,Retail,4272068.25,2019-01-26
C00642,Ikechukwu,Balogun,Male,11-01-1963,Calabar,Cross River,Civil Servant,SME,8904317.55,04-11-2020
C00643,Chukwudi,Nwankwo,Male,10-07-1999,Zaria,Kaduna,Retired,Wealth,23983585.2,05-01-2020
C00644,Omolara,Garba,Female,16-09-1970,Benin City,Edo,Self Employed,SME,14009814.9,02-12-2020
C00645,Comfort,Yakubu,Female,05-01-1980,Asaba,Delta,Business Owner,Retail,12351078.15,15-11-2024
C00646,Yusuf,Yakubu,Male,14-06-1993,Benin City,Edo,Self Employed,SME,,01-09-2019
C00647,Kayode,Nwachukwu,Male,02-03-1974,Ikeja,Lagos,Student,Retail,3657578.1,31-12-2021
C00648,Emmanuel,Okonkwo,Male,1991-08-16,Calabar,Cross River,Business Owner,Retail,8464921.5,10-01-2020
C00649,Yakubu,Ogundipe,Male,19-05-1992,Abeokuta,Ogun,Student,SME,11281089.15,11-11-2018
C00650,Patience,Nwosu,Female,11/04/1991,Enugu,Enugu,Self Employed,SME,12309185.25,29-04-2018
C00651,Simisola,Okoro,Female,22-12-1989,Warri,Delta,Salaried,Retail,7832554.2,11-05-2025
C00652,Olumide,Nwosu,Male,24-06-1988,Abuja,FCT,Retired,Wealth,29605596.3,02-10-2024
C00653,Musa,Adesanya,Male,09-07-1965,Ibadan,Oyo,Business Owner,Retail,2922560.55,04-07-2023
C00654,Ronke,Musa,Female,20-11-1979,Ogbomoso,Oyo,Student,Retail,16817933.7,09-05-2022
C00655,Grace,Mohammed,Female,20-10-1977,Kaduna,Kaduna,Freelancer,Retail,23878385.1,11-10-2022
C00656,Blessing,Adesanya,Female,11-09-1962,Warri,Delta,Retired,Wealth,31931052.75,22-01-2025
C00657,Kemi,Obi,Female,15-05-1965,Zaria,Kaduna,Self Employed,Retail,13846599.9,13-11-2023
C00658,Maryam,Suleiman,Female,02-10-1978,Ogbomoso,Oyo,Civil Servant,Premium,26829946.5,19-03-2023
C00659,Nkechi,Nwosu,Female,1976-06-09,Lekki,Lagos,Salaried,Premium,18225687.15,08-12-2018
C00660,Adaobi,Ogundipe,Female,19-06-1979,Ogbomoso,Oyo,Self Employed,Premium,18574373.85,14-05-2020
C00661,Bisi,Onyekachi,Female,20-12-1965,Abeokuta,Ogun,Civil Servant,Retail,8859718.5,24-02-2018
C00662,Blessing,Obi,Female,15-08-2001,Abeokuta,Ogun,,Premium,14405678.25,22-07-2025
C00663,Ifeoma,Mohammed,Female,05-02-1979,Ibadan,Oyo,Freelancer,Retail,8334391.35,18-08-2019
C00664,Ronke,Fashola,Female,28-11-1987,Enugu,Enugu,Student,Corporate,9619853.7,31-03-2018
C00665,Ifeanyi,Bello,Male,24-03-1970,Asaba,Delta,Self Employed,Premium,27342957.45,22-04-2021
C00666,Ronke,Yusuf,Female,11-01-1985,Lekki,Lagos,Salaried,Retail,10190067.15,20-06-2023
C00667,Uche,Suleiman,Male,19-09-1991,Ibadan,Oyo,,Premium,18763894.95,18-06-2024
C00668,Kemi,Abiola,Female,1995-02-09,Onitsha,Anambra,Student,SME,8008950.0,28-10-2025
C00669,Adaobi,Ogunleye,Female,10-03-1961,Ogbomoso,Oyo,Retired,Premium,11343829.95,08-01-2026
C00670,Tunde,Nwachukwu,Male,24-05-1968,Jos,Plateau,Retired,Premium,22103043.75,28-04-2020
C00671,Yakubu,Bello,Male,03-12-2004,Awka,Anambra,Student,Premium,7714913.25,16-07-2023
C00672,Ifeanyi,Nwankwo,Male,18-04-1975,Awka,Anambra,Salaried,Retail,5653238.55,15-10-2021
C00673,Nnamdi,Ogundipe,Male,08-10-1967,Ogbomoso,Oyo,Retired,Retail,4672895.4,31-12-2020
C00674,Adewale,Umeh,Male,20-09-2004,Port Harcourt,Rivers,Retired,Premium,10721641.95,02-11-2024
C00675,Nnamdi,Ezeh,Male,17-01-1995,Asaba,Delta,Freelancer,Retail,17148199.65,11-04-2021
C00676,Tobi,Aliyu,Male,24-08-1992,Jos,Plateau,Self Employed,SME,5564199.0,04-12-2022
C00677,Nkechi,Mohammed,Female,27-04-1960,Ogbomoso,Oyo,Freelancer,SME,6865655.55,27-08-2022
C00678,Folake,Olawale,Female,08-11-2000,Uyo,Akwa Ibom,Student,Retail,10035930.3,04-08-2022
C00679,Uche,Yusuf,Male,12-11-1993,Jos,Plateau,Civil Servant,SME,7339670.7,2021-10-17
C00680,Ikechukwu,Bello,Male,03/14/1985,Onitsha,Anambra,Freelancer,Retail,13629030.45,31-12-2025
C00681,Fatima,Yakubu,Female,13-07-1978,Zaria,Kaduna,Civil Servant,SME,,19-02-2021
C00682,Rukayat,Ogundipe,Female,23-03-1999,Zaria,Kaduna,Freelancer,Retail,22200513.15,15-11-2021
C00683,Folake,Umeh,Female,03-05-1972,Ibadan,Oyo,Self Employed,Retail,3760198.8,16-01-2019
C00684,Halima,Okonkwo,Female,17-05-1995,Zaria,Kaduna,Self Employed,Retail,7565775.6,29-05-2021
C00685,Ibrahim,Musa,Male,24-02-1992,Ogbomoso,Oyo,Freelancer,Retail,4812593.7,26-05-2019
C00686,Suleiman,Yakubu,Male,24-10-1979,Jos,Plateau,Business Owner,Retail,5439324.75,2021-05-10
C00687,Adaobi,Ezeh,Female,19-12-2002,Awka,Anambra,Retired,Premium,18199343.55,13-07-2024
C00688,Grace,Onyekachi,Female,04-08-1983,Nsukka,Enugu,Self Employed,Retail,5890200.45,05-05-2023
C00689,Adaobi,Olawale,Female,12-02-1988,Nsukka,Enugu,Retired,Premium,9701477.25,06-08-2023
C00690,Blessing,Bello,Female,16-12-1988,Ogbomoso,Oyo,Freelancer,Corporate,13294655.85,18-02-2023
C00691,Folake,Ekwueme,Female,04-09-1992,Port Harcourt,Rivers,Salaried,Premium,11437044.0,30-09-2024
C00692,Suleiman,Adeyemi,Male,12-02-1967,Ogbomoso,Oyo,Retired,Premium,8324698.35,24-09-2022
C00693,Adanna,Umeh,Female,07-05-1979,Ikeja,Lagos,,Retail,6963227.55,22-06-2021
C00694,Blessing,Ezeh,Female,26-06-1988,Lekki,Lagos,Freelancer,Retail,4438744.05,14-01-2023
C00695,Bukola,Obi,Female,26-02-1980,Port Harcourt,Rivers,Retired,,14449074.6,07-07-2018
C00696,Chukwuemeka,Fashola,Male,1977-11-03,Jos,Plateau,Freelancer,SME,14670000.9,10-04-2024
C00697,Tobi,Nwosu,Male,18-10-1972,Warri,Delta,,,4860000.0,20-05-2025
C00698,Rukayat,Aliyu,Female,09-01-1971,Calabar,Cross River,Civil Servant,Corporate,6453366.45,26-12-2023
C00699,Temitope,Obi,Female,19-07-1980,Abuja,FCT,Student,Retail,5995245.6,19-11-2020
C00700,Folake,Chukwu,Female,18-02-1967,Warri,Delta,Student,Retail,4226500.2,11-08-2025
C00701,Uche,Adebayo,Male,11-10-1963,Abeokuta,Ogun,Student,Retail,8839598.85,20-08-2021
C00702,Folake,Adesanya,Female,02-02-1984,Benin City,Edo,Salaried,Retail,11789551.5,08-01-2021
C00703,Adaeze,Ogunleye,Female,18-08-1980,Ikeja,Lagos,Retired,Retail,6471018.15,28-07-2024
C00704,Ibrahim,Obi,Male,21-09-1975,Asaba,Delta,Self Employed,Corporate,10699999.8,10-03-2022
C00705,Ijeoma,Okoro,Female,18-04-1970,Calabar,Cross River,Retired,Wealth,52968564.9,30-03-2021
C00706,Maryam,Aliyu,Female,16-01-1960,Abeokuta,Ogun,Salaried,Retail,3183639.45,24-10-2019
C00707,Zainab,Garba,Female,10-02-1996,Calabar,Cross River,Student,Retail,20027488.35,05/13/2020
C00708,Ijeoma,Aliyu,Female ,22-06-1992,Abuja,FCT,Self Employed,SME,12166075.05,27-02-2023
C00709,Bayo,Nwankwo,Male,23-01-1981,Abuja,FCT,Student,Retail,18374320.8,26-03-2024
C00710,Kayode,Adesanya,Male,03-09-1985,Kaduna,Kaduna,Business Owner,Corporate,17004851.55,22-03-2022
C00711,Wale,Bello,Male,06-07-1982,Abuja,FCT,Self Employed,SME,5294126.7,23-03-2018
C00712,Uche,Nnaji,Male,12-12-2003,Benin City,Edo,Student,Retail,14714574.75,26-01-2022
C00713,Tobi,Garba,Male,23-08-1977,Ikeja,Lagos,Business Owner,Premium,8489970.15,20-05-2024
C00714,Damilare,Onyekachi,Male,18-03-1991,Zaria,Kaduna,Salaried,Retail,13195732.95,06-08-2024
C00715,Hauwa,Ogundipe,Female,09-03-1964,Port Harcourt,Rivers,,SME,12511309.2,13-04-2024
C00716,Halima,Ogunleye,Female,21-07-1960,Jos,Plateau,Business Owner,Premium,31468312.35,14-05-2019
C00717,Fatima,Aliyu,Female,12-08-1989,Zaria,Kaduna,Salaried,Retail,6939735.45,05/31/2024
C00718,Bayo,Nwachukwu,Male,14-12-1974,Lagos,Lagos,Freelancer,Wealth,32493955.95,05-01-2025
C00719,Chukwuemeka,Bello,Male,14-08-1961,Asaba,Delta,Salaried,SME,11735721.9,24-04-2023
C00720,Ronke,Adekunle,Female,27-01-1981,Enugu,Enugu,Retired,Retail,13150314.6,27-05-2019
C00721,Tunde,Ogunleye,Male,13-01-1963,Warri,Delta,Salaried,Retail,,08/07/2025
C00722,Ikechukwu,Garba,Male,1995-01-10,Ikeja,Lagos,Student,SME,7290790.05,22-04-2022
C00723,Omolara,Okonkwo,female,20-10-1987,Jos,Plateau   ,Retired,Retail,10295878.5,2020-02-28
C00724,Tunde,Balogun,Male,01/20/1966,Asaba,Delta,Freelancer,Premium,20713203.15,16-09-2023
C00725,Ayodele,Olawale,Male,16-07-1982,Benin City,Edo,Self Employed,Premium,11148344.55,30-06-2021
C00726,Adewale,Nwosu,Male,21-09-1987,Lekki,Lagos,Student,Corporate,5940000.0,18-06-2021
C00727,Tobi,Nwankwo,Male,12-05-1981,Abuja,FCT,Retired,Wealth,20902832.55,2024-04-10
C00728,Oluwaseun,Adesanya,Male,06/07/1987,Ikeja,Lagos,Freelancer,Wealth,23504398.65,03-05-2023
C00729,Halima,Adebayo,Female,11-12-1998,Jos,Plateau,Self Employed,SME,10205096.1,06-03-2019
C00730,Olumide,Chukwuma,Male,08-08-1962,Jos,Plateau,,SME,14236485.75,24-05-2023
C00731,Tobi,Suleiman,Male,13-04-1984,Onitsha,Anambra,Retired,Retail,13707607.5,17-04-2019
C00732,Chidi,Ibe,Male,08/07/1978,Port Harcourt,Rivers,Business Owner,Premium,21948284.85,15-12-2019
C00733,Kemi,Yusuf,Female,06-12-1976,Enugu,Enugu,Salaried,Retail,7064942.55,27-03-2018
C00734,Zainab,Suleiman,Female,1984-11-26,Port Harcourt,Rivers,Business Owner,SME,7659342.6,31-05-2025
C00735,Chiamaka,Ekwueme,Female,14-10-1993,Abeokuta,Ogun,Freelancer,SME,5819195.55,28-09-2020
C00736,Titi,Nwankwo,Female,1999-10-07,Ikeja,Lagos,Self Employed,SME,7395927.6,2023-09-13
C00737,Ijeoma,Okonkwo,Female,24-04-1991,Lekki,Lagos,Freelancer,Retail,6112224.0,17-09-2023
C00738,Simisola,Olawale,Female,15-09-1991,Uyo,Akwa Ibom,Business Owner,Retail,10125396.75,08-07-2024
C00739,Blessing,Okafor,Female,21-10-2000,Ibadan,Oyo,Self Employed,Retail,4761184.35,07-06-2021
C00740,Chioma,Afolabi,Female,06-10-1984,Ogbomoso,Oyo,Student,SME,7132926.0,27-10-2023
C00741,Adaobi,Onyekachi,Female,02-10-1974,Uyo,Akwa Ibom,,Retail,8098522.05,31-07-2023
C00742,Precious,Nwosu,Female,01-07-1977,Onitsha,Anambra,Retired,Retail,3268345.35,02-10-2023
C00743,Nnamdi,Adebayo,Male,26-02-2001,Calabar,Cross River,Business Owner,Retail,4958436.9,16-03-2020
C00744,Segun,Sanni,Male,24-05-1976,Onitsha,Anambra,Freelancer,SME,11795287.35,03-02-2024
C00745,Suleiman,Adekunle,Male,10-05-1960,Benin City,Edo,Student,SME,14542803.3,03-05-2025
C00746,Ngozi,Okonkwo,Female,1969-07-08,Zaria,Kaduna,Freelancer,Retail,10379317.05,05-03-2023
C00747,Halima,Onyekachi,Female,28-06-1965,Onitsha,Anambra,Retired,Retail,15430522.5,04-05-2018
C00748,Grace,Onyekachi,Female,10/28/1968,Uyo,Akwa Ibom,Business Owner,Retail,5115862.5,01-08-2024
C00749,Simisola,Adeyemi,Female,05-01-1996,Lagos,Lagos,Student,Retail,12556187.1,16-04-2020
C00750,Ibrahim,Aliyu,Male,13-09-1964,Ibadan,Oyo,Self Employed,Retail,2814403.2,04-03-2019
C00751,IFEOMA,Uzoma,Female ,27-01-1971,Calabar,Cross River,Self Employed,Premium,11788403.85,12-08-2020
C00752,Blessing,Umeh,Female,03-09-2002,Awka,Anambra,Self Employed,Retail,3635945.85,06/17/2019
C00753,Oluwaseun,Bello,Male,27-07-1979,Nsukka,Enugu,Retired,Premium,11249000.85,14-01-2026
C00754,Adaeze,Mohammed,Female,01-04-1977,Jos,Plateau,Retired,Wealth,14868595.8,04-07-2023
C00755,Bisi,Fashola,Female,02-10-1989,Jos,Plateau,Retired,Corporate,12723241.05,19-12-2019
C00756,Chidi,ezeh,Male,20-03-1975,Ogbomoso,Oyo,Student,Corporate,9344106.45,01-11-2025
C00757,Yetunde,Abiola,Female ,09-03-1975,Ikeja,Lagos,Student,SME,10338031.2,14-03-2024
C00758,Nkechi,Chukwu,female,25-02-1983,Asaba,Delta,Self Employed,Retail,9637656.75,04-09-2023
C00759,Tunde,Onyekachi,Male,03-01-1989,Ikeja,Lagos,Student,Premium,16252975.05,04-06-2018
C00760,Tobi,Olawale,Male,23-02-1976,Lagos,Lagos,Salaried,SME,4854645.0,25-02-2024
C00761,Ibrahim,Chukwu,Male,03/16/1988,Enugu,Enugu,Self Employed,SME,13702446.9,19-04-2021
C00762,Emmanuel,Chukwu,Male,13-12-1994,Asaba,Delta,Freelancer,Retail,4526932.05,21-12-2023
C00763,Fatima,Adekunle,Female,02-12-1988,Nsukka,Enugu,Freelancer,SME,21068296.05,16-06-2021
C00764,Ikechukwu,Umeh,Male,01-10-1963,Jos,Plateau,Self Employed,Retail,-5740934.4,10-01-2019
C00765,Kelechi,adesanya,Male,01-01-1986,Lagos,Lagos,Freelancer,Retail,2759720.4,16-11-2019
C00766,Titi,Nwankwo,Female,04-09-1986,Ikeja,Lagos,Student,SME,5934121.8,10-05-2019
C00767,Ijeoma,Ibe,Female,12-02-1973,Enugu,Enugu,Civil Servant,Retail,3066087.75,03-10-2018
C00768,Yetunde,Danjuma,Female,25-05-1986,  Nsukka,Enugu,Freelancer,Premium,17804211.0,23-10-2025
C00769,Tunde,Mohammed,Male,05-12-2003,Ibadan,Oyo,Business Owner,Retail,19949168.4,14-03-2018
C00770,Kelechi,Yusuf,Male,13-08-1997,  Abuja,FCT,Salaried,Retail,10506612.0,29-11-2024
C00771,Yetunde,Adeyemi,Female,24-04-1979,Asaba,Delta,Business Owner,Retail,5102332.5,07-04-2020
C00772,Sunday,Nwankwo,Male,21-04-1984,Port Harcourt,Rivers,Business Owner,Retail,17930721.75,24-07-2021
C00773,Zainab,Aliyu,Female,21-07-1993,Ikeja,Lagos,Self Employed,SME,12624469.8,04/23/2020
C00774,Ngozi,Balogun,Female,08-11-1963,Calabar,Cross River,Self Employed,SME,11789263.65,17-12-2022
C00775,Aliyu,Danjuma,Male,03-08-1964,Lagos,Lagos,Retired,Wealth,10061117.1,17-11-2018
C00776,Hauwa,Danjuma,Female,06-05-1989,Ogbomoso,Oyo,Retired,Premium,8918183.4,11-01-2023
C00777,Zainab,Ogunleye,Female,03-08-1977,Nsukka,Enugu,Retired,Wealth,16090709.4,01-11-2024
C00778,Tunde,Ibrahim,Male,01-08-1969,Ogbomoso,Oyo,Retired,Corporate,13548475.35,24-02-2026
C00779,Temitope,Bello,Female,15-07-1976,Abeokuta,Ogun,Self Employed,Retail,4159573.95,07-01-2026
C00780,Bisi,Nnaji,Female,07-03-1972,Kaduna,Kaduna,Student,Retail,5437334.1,29-06-2023
C00781,Fatima,Chukwu,Female,03-10-2001,Awka,Anambra,Freelancer,Retail,5167404.75,28-11-2021
C00782,Nnamdi,Ajayi,Male,23-11-1991,Zaria,Kaduna,Student,Retail,3365569.05,22-05-2018
C00783,Tunde,Suleiman,Male,22-12-2000,Uyo,Akwa Ibom,Business Owner,Retail,,10/10/2020
C00784,Tunde,Ekwueme,Male,27-11-1997,Abuja,FCT,Retired,Retail,9178368.15,13-02-2020
C00785,Bukola,Olawale,Female,09-07-1970,Ogbomoso,Oyo,Freelancer,Premium,11960789.1,2022-08-13
C00786,Precious,Sanni,Female,19-11-1966,Warri,Delta,Freelancer,Corporate,12301654.8,15-06-2021
C00787,Precious,Okafor,Female,01-08-1970,Lagos,Lagos,Self Employed,Retail,10341981.0,24-12-2019
C00788,Wale,Ibrahim,Male,12/05/1971,Uyo,Akwa Ibom,Freelancer,Retail,5164210.95,19-01-2020
C00789,Titi,Eze,Female,15-07-1976,Nsukka,Enugu,Salaried,Premium,29140838.7,28-03-2022
C00790,Chinedu,Suleiman,Male,11-02-1977,Asaba,Delta,Salaried,Retail,4081409.4,25-12-2020
C00791,Temitope,Musa,Female,26-10-2002,Lagos,Lagos,Student,Wealth,8978089.95,23-04-2023
C00792,Funmilayo,Ogunleye,Female,07/11/1998,Onitsha,Anambra,Civil Servant,Retail,8526082.35,13-01-2018
C00793,Zainab,Afolabi,Female,24-07-2004,Jos,Plateau,Student,SME,-4353348.75,12/07/2024
C00794,Patience,Afolabi,Female,22-07-1992,Kaduna,Kaduna,Self Employed,Retail,5779479.15,21-10-2024
C00795,Zainab,Bello,Female,20-12-1985,Kaduna,Kaduna,Business Owner,Corporate,32334293.7,22-10-2024
C00796,FATIMA,Ogundipe,Female,19-09-1969,Nsukka,Enugu,Self Employed,Corporate,14568365.85,02-01-2023
C00797,Yakubu,Nwachukwu,Male,18-11-1990,Asaba,Delta,Student,Retail,2700000.0,10-01-2026
C00798,KAYODE,Umeh,Male,13-06-1970,Lagos,Lagos,Retired,Corporate,10232819.55,2025-02-08
C00799,Bukola,Balogun,Female,11-12-1965,Kaduna,Kaduna,Self Employed,SME,12131943.45,04-07-2020
C00800,HALIMA,Okonkwo,Female,03-05-1967,Benin City,Edo,Self Employed,Retail,4585468.5,07-07-2021
C00801,Bisi,Uzoma,Female,01-12-1996,Ibadan,Oyo,Business Owner,Retail,7370080.8,14-08-2025
C00802,Femi,Umeh,Male,20-11-1993,Port Harcourt,Rivers,Student,Premium,19420668.3,17-08-2025
C00803,Halima,Mohammed,Female,10-10-1969,Jos,Plateau,Business Owner,Retail,14551381.95,20-08-2023
C00804,Ikechukwu,Chukwu,Male,19-12-1977,Asaba,Delta,,Retail,12264254.85,2019-09-18
C00805,Ijeoma,Musa,Female,24-12-1974,Nsukka,Enugu,Freelancer,Retail,10099897.5,15-10-2019
C00806,Ayodele,Ekwueme,Male,11-07-1995,Lagos,Lagos,Retired,Retail,6385684.35,24-02-2026
C00807,Emmanuel,Fashola,Male,07-12-1978,  Awka,Anambra,Freelancer,Premium,12559903.95,30-05-2021
C00808,Adewale,Nwosu,Male,19-03-2001,Jos,Plateau,Freelancer,Retail,8613649.65,12-03-2020
C00809,Obinna,Eze,Male,28-12-1983,Lagos,Lagos,Business Owner,Premium,7736771.4,2023-04-25
C00810,Sunday,Ajayi,Male,17-02-1963,Abeokuta,Ogun,Student,Premium,14604609.9,06/25/2023
C00811,Chiamaka,Ekwueme,Female,06-10-2004,Awka,Anambra,Freelancer,Premium,8156283.6,15-04-2022
C00812,Chukwudi,Fashola,Male,15-11-2000,Benin City,Edo,Retired,Retail,6435472.65,04-06-2024
C00813,Ijeoma,Uzoma,Female,23-05-1990,Lekki,Lagos,Retired,Corporate,20494155.6,28-05-2019
C00814,Hauwa,Nwachukwu,Female,02/23/1980,Asaba,Delta,Retired,SME,13075664.55,07-01-2024
C00815,Ayodele,Abiola,Male,17-02-1991,Zaria,Kaduna,Freelancer,SME,,26-04-2019
C00816,ALIYU,Abiola,Male,1998-12-06,Abeokuta,Ogun,Freelancer,,6171433.8,23-10-2019
C00817,Zainab,Obi,Female,28-05-1995,Warri,Delta,Freelancer,Corporate,17805898.8,28-12-2023
C00818,Adewale,Yusuf,Male,16-10-1968,Jos,Plateau,Freelancer,,55150655.7,10-02-2019
C00819,Olumide,Uzoma,Male,1975-01-07,Ikeja,Lagos,Retired,Retail,10182358.5,10-01-2022
C00820,Bukola,Adekunle,Female,20-12-1968,Benin City,Edo,Student,Retail,7072098.9,08-12-2018
C00821,Comfort,Chukwuma,Female,23-07-2003,Benin City,Edo,Retired,Retail,3120469.2,16-05-2025
C00822,Olumide,Mohammed,Male,14-03-1998,Zaria,Kaduna,Salaried,SME,4106312.85,11-01-2021
C00823,Tunde,Eze,Male,22-02-1994,Asaba,Delta,Business Owner,Retail,5464830.0,02/10/2018
C00824,Aisha,Obi,Female,13-04-1984,Asaba,Delta,Civil Servant,Wealth,26991230.85,07-12-2023
C00825,Nkechi,Umeh,Female,28-10-2004,Uyo,Akwa Ibom,Student,Retail,5221404.45,11-01-2020
C00826,Adewale,Ogundipe,Male,18-09-2003,Uyo,Akwa Ibom,Freelancer,Premium,22441784.1,05-10-2023
C00827,Wale,Onyekachi,Male,05-03-2002,Port Harcourt,Rivers,Freelancer,Retail,8390233.95,29-10-2024
C00828,Olamide,Danjuma,Male,15-03-1989,Ogbomoso,Oyo,Business Owner,Wealth,35054682.75,16-02-2025
C00829,Bisi,Ezeh,Female,25-07-1979,Warri,Delta,Freelancer,Retail,11108068.95,15-09-2023
C00830,Chinedu,Fashola,Male,1990-08-17,Port Harcourt,Rivers,Retired,Premium,17065088.7,2020-02-18
C00831,Chukwuemeka,Bello,Male,18-12-1987,Lagos,Lagos,Retired,Corporate,5940000.0,12-01-2023
C00832,Aisha,Ibrahim,Female,08-09-2003,Abeokuta,Ogun,Student,Retail,5741958.6,02-04-2022
C00833,Maryam,Ogundipe,Female,11-02-1983,Abeokuta,Ogun,Business Owner,SME,5566225.35,02-06-2023
C00834,Tunde,Okonkwo,Male,01-04-1976,Awka,Anambra,Student,Corporate,15863214.45,05-12-2024
C00835,Chukwudi,Nwosu,Male,01-06-1963,Kaduna,Kaduna,Student,Premium,9299425.05,23-12-2021
C00836,Ifeoma,Ibe,Female,16-07-1966,Lagos,Lagos,Salaried,Retail,8697596.85,30-09-2019
C00837,Suleiman,Ibrahim,Male,13-08-1974,Benin City,Edo,Student,Retail,2700000.0,12-05-2025
C00838,Musa,Nwosu,Male,1970-03-12,Jos,Plateau,Student,Corporate,18228177.3,21-09-2022
C00839,Adaeze,Okonkwo,Female,22-03-1962,Onitsha,Anambra   ,Student,Retail,6260004.3,03-03-2024
C00840,Olamide,Nwachukwu,Male,05-12-2003,Kaduna,Kaduna,Civil Servant,,6790207.5,18-03-2019
C00841,Rukayat,Sanni,Female,12-03-1968,Lagos,Lagos,Retired,Retail,9234796.2,02-02-2018
C00842,Olumide,Ekwueme,Male,10-05-1990,Ogbomoso,Oyo,Self Employed,Retail,9205331.4,2021-02-25
C00843,Olamide,Sanni,Male,12/08/1976,Asaba,Delta,,Premium,10519990.35,18-08-2024
C00844,Emeka,Adebayo,Male,05-02-1974,Port Harcourt,Rivers,Retired,Retail,5095761.3,2020-03-28
C00845,Ifeoma,Obi,Female,14-07-1963,Warri,Delta,Freelancer,Retail,4200206.85,31-07-2018
C00846,Chinedu,Nwankwo,Male,12-05-1967,Awka,Anambra,Salaried,Retail,5212133.7,03-01-2018
C00847,Ibrahim,Okonkwo,Male,11-12-2002,Ikeja,Lagos,Business Owner,Retail,4975185.0,06-07-2023
C00848,Chiamaka,Okafor,Female,04-05-1981,Uyo,Akwa Ibom,Self Employed,Retail,11058732.75,17-04-2025
C00849,Suleiman,Adesanya,Male,13-10-1973,Benin City,Edo,Retired,Retail,2700000.0,04-05-2025
C00850,Amaka,Nnaji,Female,15-12-1972,Nsukka,Enugu,Self Employed,SME,3835743.6,26-12-2023
C00851,Sunday,Nwosu,Male,07-03-1962,Port Harcourt,Rivers,Student,Retail,7241156.4,05-10-2018
C00852,Suleiman,Garba,Male,17-09-1986,Kaduna,Kaduna,Retired,Corporate,9469188.3,07-09-2018
C00853,Grace,Adesanya,Female,22-08-1985,Nsukka,Enugu,Retired,Retail,6728131.5,18-05-2022
C00854,Omolara,Ibe,Female,1998-05-07,Ibadan,Oyo,Retired,Retail,4403542.2,08-12-2025
C00855,Segun,Bello,Male,28-05-1976,Zaria,Kaduna,Retired,Retail,10291272.0,02-09-2020
C00856,Aliyu,Adekunle,Male,05-11-1962,Awka,Anambra,Self Employed,SME,7294760.4,30-12-2023
C00857,Amara,Garba,Female,12-11-1960,Asaba,Delta,Freelancer,Premium,23103474.45,02-07-2019
C00858,Folake,Nnaji,Female,11-05-1999,Ogbomoso,Oyo,Civil Servant,Wealth,12003894.0,11-01-2024
C00859,Olumide,Nwosu,Male,12/24/1966,Lekki,Lagos,Student,Premium,21042222.9,22-06-2020
C00860,Omolara,Musa,Female,19-04-1977,Onitsha,Anambra,Business Owner,Premium,20893248.3,31-08-2019
C00861,Yakubu,Okafor,Male,1965-08-06,Kaduna,Kaduna,Freelancer,Retail,9525485.7,03/01/2021
C00862,Comfort,Nwachukwu,Female,06-03-1979,Lagos,Lagos,Self Employed,SME,11550058.8,07-02-2023
C00863,Tunde,Okafor,Male,17-12-1966,Ibadan,Oyo,Self Employed,Retail,3594651.0,14-10-2020
C00864,Ayodele,Suleiman,Male,21-03-1977,Warri,Delta,Self Employed,Premium,21794807.4,25-07-2019
C00865,Simisola,Adekunle,Female,27-08-1996,Kaduna,Kaduna,Freelancer,Retail,5500198.8,05-02-2024
C00866,Bukola,Aliyu,Female,04-01-1961,Asaba,Delta,Freelancer,Retail,4740635.85,20-03-2021
C00867,Suleiman,Afolabi,Male,22-07-2003,Enugu,Enugu,Civil Servant,SME,13093859.25,28-02-2021
C00868,Ifeoma,Suleiman,Female,11-10-1964,Uyo,Akwa Ibom,Retired,Retail,17052579.6,13-01-2020
C00869,Simisola,Nwachukwu,FEMALE,22-11-1969,Ogbomoso,Oyo,Freelancer,Retail,10510466.25,20-02-2022
C00870,Chiamaka,Fashola,Female,28-01-1964,Benin City,Edo,Student,SME,3780000.0,02-02-2026
C00871,Kayode,Mohammed,Male,19-02-1964,Kaduna,Kaduna   ,Student,Retail,8521796.1,15-12-2021
C00872,Musa,Balogun,Male,1991-07-16,Onitsha,Anambra,Student,Premium,8061644.55,11-09-2022
C00873,Adaobi,Uzoma,Female,18-09-1991,Calabar,Cross River,Retired,Retail,6937353.0,24-06-2024
C00874,Tunde,Olawale,Male,08-02-2004,Enugu,Enugu,Business Owner,Retail,5184866.7,18-01-2022
C00875,Wale,Adebayo,Male,05-08-1978,Port Harcourt,Rivers,Self Employed,SME,18854645.4,17-08-2018
C00876,Uche,Chukwu,male,23-12-1967,Port Harcourt,Rivers,Freelancer,Retail,13684425.15,11-03-2019
C00877,Emmanuel,Okonkwo,Male,27-08-1964,Lekki,Lagos,Salaried,Premium,8184704.4,21-02-2018
C00878,Grace,Nnaji,Female,25-03-1986,Lekki,Lagos,Student,Retail,16524744.3,07-02-2026
C00879,Emmanuel,Obi,Male,23-11-1988,Onitsha,Anambra,Salaried,Retail,9319519.8,12-06-2022
C00880,Ngozi,Abiola,Female,18-08-2003,Ogbomoso,Oyo,Self Employed,Premium,7006707.3,18-01-2021
C00881,Oluwaseun,Adeyemi,Male,05-07-1993,Warri,Delta,Freelancer,Corporate,13216265.1,03-04-2023
C00882,Aliyu,Nwosu,Male,21-11-1980,Kaduna,Kaduna,Business Owner,Retail,5889880.95,21-03-2019
C00883,Kayode,Ekwueme,Male,20-06-1964,Asaba,Delta,Salaried,Corporate,11903842.8,17-05-2020
C00884,Ibrahim,Adekunle,Male,07-05-1960,Abuja,FCT,Retired,Premium,13670900.85,05-06-2023
C00885,Suleiman,Abiola,Male,03-06-1963,Ikeja,Lagos,Business Owner,SME,4518343.05,20-05-2022
C00886,Tobi,Adekunle,Male,22-12-1968,Uyo,Akwa Ibom,Salaried,Retail,4731270.6,02-08-2024
C00887,Emeka,Okafor,Male,28-10-1990,Ibadan,Oyo,Freelancer,SME,7356705.3,06-08-2020
C00888,Aisha,Fashola,Female,05-11-2003,Nsukka,Enugu,Student,Corporate,15451297.95,22-06-2019
C00889,Chinedu,Bello,Male,20-06-1978,Onitsha,Anambra,Self Employed,SME,5117280.0,05-11-2024
C00890,Segun,Ibe,Male,19-03-1964,Abuja,FCT,Student,,11803037.1,21-01-2019
C00891,Adewale,Adebayo,Male,03/10/1980,Jos,Plateau,Freelancer,Retail,4790697.45,03-03-2023
C00892,Halima,Mohammed,Female,25-05-1990,Benin City,Edo,Salaried,SME,10957116.0,28-01-2022
C00893,Bisi,Yusuf,Female,28-07-1985,Awka,Anambra,Business Owner,Premium,16200510.9,08-12-2018
C00894,Sunday,Olawale,Male,1992-08-09,Ogbomoso,Oyo,Salaried,SME,23154361.2,05-04-2021
C00895,Titi,Ogunleye,Female,13-10-1970,Ibadan,Oyo,Civil Servant,SME,11871616.5,18-12-2018
C00896,Maryam,Nwachukwu,Female,25-07-1966,Abeokuta,Ogun,Self Employed,Retail,6008749.95,16-11-2025
C00897,Ngozi,Fashola,Female,15-05-1967,Kaduna,Kaduna,Retired,Retail,3595579.8,09-05-2018
C00898,Emeka,Okoro,Male,26-01-1984,Abuja,FCT,Freelancer,Retail,,29-09-2022
C00899,Chiamaka,Aliyu,Female,06-11-1976,Benin City,Edo,Retired,Retail,3351472.5,26-05-2020
C00900,Ifeanyi,Suleiman,male,03-01-1971,Benin City,Edo,Business Owner,SME,3780000.0,13-09-2022
C00901,Simisola,Adeyemi,Female,23-09-1990,Kaduna,Kaduna,Salaried,Corporate,31848389.7,04/16/2024
C00902,Emeka,Okafor,Male,24-02-1972,Abuja,FCT,Self Employed,Premium,14053710.3,22-02-2023
C00903,Funmilayo,Okonkwo,Female,04-06-1991,Port Harcourt,Rivers,Self Employed,Corporate,18240236.55,11-02-2025
C00904,Olamide,Ajayi,Male,04-10-2000,Jos,Plateau,Retired,Retail,8828014.35,27-03-2022
C00905,Kayode,Uzoma,Male,07-04-1982,Nsukka,Enugu   ,Business Owner,Wealth,21428188.2,11-06-2021
C00906,Aisha,Fashola,Female,16-12-1967,Zaria,Kaduna,Retired,Premium,11132963.7,07-10-2021
C00907,Ronke,Chukwuma,Female,14-08-1971,Asaba,Delta,Freelancer,Retail,7042644.75,21-09-2025
C00908,Ibrahim,Abiola,Male,23-05-2000,Ogbomoso,Oyo,Student,Premium,4860000.0,30-12-2024
C00909,Kelechi,Ibe,Male,1966-11-15,Calabar,Cross River,Self Employed,Retail,15816635.85,06-02-2023
C00910,Nkechi,Nnaji,Female,1984-02-07,Calabar,Cross River,Freelancer,SME,17879426.25,22-11-2025
C00911,AYODELE,Musa,Male,26-06-1960,Ibadan,Oyo,Salaried,Retail,2700000.0,26-08-2022
C00912,Yetunde,Okoro,Female,01/05/1960,Ikeja,Lagos,Business Owner,Corporate,28485841.95,30-11-2019
C00913,Omolara,Danjuma,Female,18-04-1987,Lekki,Lagos,Self Employed,Wealth,8807343.3,19-02-2025
C00914,Sunday,Danjuma,Male,11-07-1971,Ibadan,Oyo,Freelancer,Retail,6214862.55,21-06-2024
C00915,Ifeanyi,Okafor,Male,27-05-2000,Ibadan,Oyo,Civil Servant,Premium,6038547.3,06-12-2024
C00916,Kayode,Garba,Male,13-10-1965,Calabar,Cross River,Business Owner,Retail,11739723.6,04-03-2020
C00917,Emmanuel,Suleiman,Male,25-12-1975,Calabar,Cross River,Self Employed,SME,7952535.3,13-01-2025
C00918,Grace,Danjuma,Female,28-10-2000,Lagos,Lagos,Business Owner,Retail,6032174.4,10-01-2020
C00919,Omolara,Nwosu,Female,1964-08-28,Warri,Delta,Salaried,Retail,11206900.95,16-06-2023
C00920,Nnamdi,Adeyemi,Male,14-11-1973,Warri,Delta,Civil Servant,Retail,9463956.75,05-11-2021
C00921,Chukwudi,Garba,Male,20-10-1990,Uyo,Akwa Ibom,Retired,Retail,2700000.0,02-05-2018
C00922,Godwin,Umeh,Male,17-09-1961,Calabar,Cross River,Business Owner,Corporate,9578607.75,22-07-2019
C00923,Chiamaka,Garba,Female,23-12-1965,Enugu,Enugu,Student,SME,6086198.85,24-07-2023
C00924,Hauwa,Eze,Female,07-07-1992,Ogbomoso,Oyo,Student,Retail,7327103.1,02-10-2022
C00925,Chukwuemeka,Okonkwo,Male,06/20/1977,Abuja,FCT,Student,Retail,5781418.5,2019-11-17
C00926,Funmilayo,Eze,Female,19-05-1992,Ikeja,Lagos,Salaried,Retail,14747328.3,15-04-2019
C00927,Emmanuel,Obi,Male,26-07-1980,Abeokuta,Ogun,Business Owner,Retail,4885882.2,16-05-2019
C00928,Femi,Fashola,Male,01-12-1980,Lagos,Lagos,Student,Premium,6397695.15,07-03-2021
C00929,Funmilayo,Bello,Female,07-09-1973,Abuja,FCT,Freelancer,Retail,3890099.4,18-11-2022
C00930,Godwin,Adeyemi,Male,07-04-1980,Onitsha,Anambra,Salaried,Retail,6596475.15,29-01-2023
C00931,Emmanuel,Afolabi,Male,19-06-1998,Abeokuta,Ogun,Student,Retail,7340326.5,10-03-2021
C00932,Titi,Adekunle,Female,18-01-1985,Port Harcourt,Rivers,Student,SME,26060014.2,23-11-2018
C00933,Yetunde,Nwosu,Female,20-08-1980,Calabar,Cross River,Retired,Retail,6520962.0,25-02-2019
C00934,Olumide,Nwankwo,Male,27-01-1974,Lagos,Lagos,Self Employed,Retail,3827947.2,27-12-2018
C00935,Kayode,Ibrahim,Male,01-09-1983,Nsukka,Enugu,Salaried,SME,14850787.8,31-05-2021
C00936,Adaeze,Nwosu,Female,06/23/1976,Warri,Delta,Salaried,Premium,17888745.0,02-06-2019
C00937,Ibrahim,Nnaji,Male,28-10-1969,Onitsha,Anambra,Retired,Wealth,17171844.3,12-05-2023
C00938,Bukola,Uzoma,Female,25-06-1977,Kaduna,Kaduna,Retired,Corporate,10273891.35,19-09-2020
C00939,Patience,Aliyu,Female,03-02-2004,Nsukka,Enugu,Business Owner,Wealth,14329416.6,12-12-2025
C00940,Fatima,Balogun,Female,28-03-2001,Jos,Plateau,Retired,Retail,10943154.45,10/05/2023
C00941,Wale,Nwachukwu,Male,03-04-1985,Nsukka,Enugu,Self Employed,Retail,4200636.3,04-03-2023
C00942,Obinna,Garba,Male,1967-04-01,Asaba,Delta,Business Owner,SME,12281215.65,03-11-2022
C00943,Ikechukwu,Garba,Male,17-07-1969,Nsukka,Enugu,Freelancer,Retail,5011504.8,16-04-2022
C00944,Chiamaka,Adeyemi,Female,07-05-1972,Ogbomoso,Oyo,Salaried,Retail,8013846.9,22-08-2025
C00945,Tunde,Musa,Male,04-04-2001,Ikeja,Lagos,Retired,Retail,5240244.3,05-11-2025
C00946,Tunde,Nnaji,Male,04-07-1985,Ibadan,Oyo,Self Employed,Retail,17890809.15,24-11-2021
C00947,Sunday,Nwankwo,Male,24-05-1998,Awka,Anambra,Business Owner,Retail,10320816.3,23-08-2025
C00948,Tunde,Chukwu,Male,11-03-1970,Warri,Delta,Self Employed,SME,8962283.55,14-08-2025
C00949,Yakubu,Adesanya,Male,16-06-1998,Lagos,Lagos,Retired,Premium,11771307.15,08/17/2025
C00950,Nkechi,umeh,Female,17-09-1974,Awka,Anambra,Retired,Retail,,20-11-2020
C00951,Zainab,Adeyemi,Female,15-06-1976,Kaduna,Kaduna,Salaried,Retail,4107385.65,10-01-2021
C00952,Maryam,Nwosu,Female,05-01-2000,Zaria,Kaduna,Civil Servant,Wealth,53409757.05,27-09-2020
C00953,Fatima,Adesanya,Female,12-07-2004,Lekki,Lagos,Retired,Retail,5831450.4,18-12-2019
C00954,Chidi,Chukwu,Male,11-06-2003,Benin City,Edo,Student,Retail,5500930.2,07-02-2023
C00955,Omolara,Balogun,Female,04-05-1982,Lekki,Lagos,Retired,Wealth,19844613.0,05-04-2024
C00956,Ifeanyi,Ibrahim,Male ,08/10/1979,Abeokuta,Ogun,Salaried,Retail,4654804.35,24-06-2023
C00957,Obinna,Okoro,Male,12-07-1960,Awka,Anambra,Salaried,Premium,9807497.25,31-12-2025
C00958,Temitope,Ajayi,Female,07-12-1969,Benin City,Edo,Self Employed,Retail,,11-08-2025
C00959,Comfort,Aliyu,Female ,04-07-1987,Ibadan,Oyo,Freelancer,SME,24851132.4,13-08-2021
C00960,Chidi,Sanni,Male,25-11-1968,Lekki,Lagos,Business Owner,Retail,3068934.6,10-05-2024
C00961,Aisha,Obi,Female,13-03-1994,Jos,Plateau,Retired,Corporate,20686226.85,07-09-2025
C00962,Obinna,Okonkwo,Male,14-06-1989,Uyo,Akwa Ibom,Student,Retail,14890837.35,29-12-2018
C00963,Kemi,Balogun,FEMALE,26-05-1999,Port Harcourt,Rivers,Civil Servant,Retail,6724361.25,28-05-2022
C00964,Abubakar,Okafor,Male,01-11-1985,Port Harcourt,Rivers,Salaried,Retail,11104783.95,01/11/2021
C00965,Yakubu,Ekwueme,Male,04-10-1981,Asaba,Delta,Freelancer,SME,11342789.25,22-07-2024
C00966,Ifeanyi,Nwachukwu,Male,07-12-1963,Zaria,Kaduna,Business Owner,Retail,39716144.4,17-01-2025
C00967,Ifeanyi,Nnaji,Male,20-08-1960,Awka,Anambra,Civil Servant,Premium,13353013.95,04/25/2023
C00968,Comfort,Nwachukwu,Female,13-08-1992,Lagos,Lagos,Retired,Retail,3644651.85,22-08-2025
C00969,Ikechukwu,Okonkwo,Male,04-10-2002,Jos,Plateau,Retired,,7769302.65,05-11-2025
C00970,Emeka,Chukwuma,Male,16-08-1972,Calabar,Cross River,Student,Retail,6504939.9,04-09-2022
C00971,Adaobi,Mohammed,Female,10-01-1969,Ogbomoso,Oyo,Salaried,Retail,7055437.2,23-12-2021
C00972,Chidi,Adesanya,Male,15-12-1989,Port Harcourt,Rivers,Business Owner,Retail,13467636.45,02-12-2025
C00973,Amara,Obi,Female,03-09-1984,Zaria,Kaduna,Freelancer,Retail,2700000.0,28-07-2019
C00974,BAYO,Chukwuma,Male,13-05-2002,Benin City,Edo,Retired,Retail,12338345.85,12-12-2025
C00975,Ibrahim,Adekunle,Male,09-09-2002,Zaria,Kaduna,Salaried,Retail,4562403.9,14-10-2019
C00976,Abubakar,Nwosu,Male,04-11-1966,Enugu,Enugu,Self Employed,Retail,8522469.75,02-03-2026
C00977,Simisola,Garba,Female,02-02-1986,Ibadan,Oyo,Salaried,Premium,22448988.3,2025-11-01
C00978,Godwin,Ogunleye,Male,21-03-1984,Jos,Plateau,Self Employed,Premium,8176917.9,26-10-2019
C00979,Yusuf,Garba,Male,03-04-1993,Ogbomoso,Oyo,Salaried,Premium,17253250.35,12-01-2022
C00980,Comfort,Fashola,Female,28-09-1996,Ogbomoso,Oyo,Self Employed,Retail,2700000.0,29-04-2020
C00981,Ifeanyi,Uzoma,Male,12-09-1990,Lekki,Lagos,Retired,Retail,11019655.2,17-11-2018
C00982,Wale,Afolabi,Male,04-05-1993,Port Harcourt,Rivers,Business Owner,Retail,3506530.95,26-10-2020
C00983,Simisola,Adesanya,Female,28-02-1982,Ibadan,Oyo,Student,SME,15079517.85,08-12-2024
C00984,Olumide,Aliyu,Male,1994-12-04,Ikeja,Lagos,Business Owner,Premium,13870007.7,01-09-2018
C00985,Godwin,Chukwuma,Male,27-09-1973,Port Harcourt,Rivers,Business Owner,Corporate,23287735.65,17-10-2018
C00986,Olumide,Yusuf,Male,12/20/1998,Ogbomoso,Oyo,Civil Servant,SME,18737134.35,26-05-2018
C00987,Ifeanyi,Olawale,Male,21-04-1992,Kaduna,Kaduna,Salaried,Retail,6024051.45,18-04-2018
C00988,Titi,Afolabi,Female,28-10-1994,Nsukka,Enugu,Freelancer,Retail,6456548.85,15-10-2022
C00989,Ifeoma,Ibrahim,Female,15-02-1968,Calabar,Cross River,Student,Retail,20572474.5,26-08-2018
C00990,Ayodele,Yakubu,Male,19-02-1974,Enugu,Enugu,Salaried,Retail,4763716.2,27-01-2026
C00991,Yusuf,Nwachukwu,Male,02-02-1963,Enugu,Enugu,Retired,Retail,4397983.5,18-06-2022
C00992,Emmanuel,Mohammed,Male,2002-02-22,Kaduna,Kaduna,Student,Retail,3959271.45,30-12-2025
C00993,Kemi,Adesanya,Female,10-09-1983,Awka,Anambra,Student,SME,6400077.6,29-11-2025
C00994,Chiamaka,Ibe,Female,03-05-1991,Abuja,FCT,Freelancer,Retail,2700000.0,05-08-2019
C00995,Bisi,Afolabi,Female,15-12-1975,Ikeja,Lagos,Business Owner,Premium,11371079.1,06-08-2024
C00996,Blessing,Afolabi,Female,02/02/1979,Ibadan,Oyo,,Retail,8147712.3,01-07-2018
C00997,Ifeoma,Yusuf,Female,06-07-1973,Enugu,Enugu,Salaried,Premium,13073694.3,2024-10-29
C00998,Kelechi,Okafor,Male,07-10-1976,Onitsha,Anambra,,Corporate,6062562.3,16-03-2024
C00999,Adaobi,Ajayi,Female,28-05-2003,Ibadan,Oyo,Self Employed,Wealth,21074798.25,11-04-2022
C01000,Funmilayo,Mohammed,Female,01-03-1975,Jos,Plateau,Business Owner,Retail,8414708.1,28-05-2024
C01001,Suleiman,Olawale,Male,09-10-1962,Ibadan,Oyo,Civil Servant,Retail,13237631.1,11-06-2021
C01002,Kemi,Abiola,Female,27-06-2002,Lekki,Lagos,Civil Servant,Retail,3775129.8,09-01-2022
C01003,Precious,Garba,Female,07-09-2000,Kaduna,Kaduna,Salaried,Retail,7200178.2,10-12-2022
C01004,Olamide,Uzoma,Male,09-05-1976,Abeokuta,Ogun,,SME,3780000.0,14-04-2019
C01005,Tunde,Musa,Male,17-11-1971,Ikeja,Lagos,Freelancer,SME,10051210.95,27-11-2020
C01006,Grace,Eze,Female,28-11-1961,Benin City,Edo,Civil Servant,SME,5684431.8,14-11-2018
C01007,Aliyu,Ibrahim,Male,17-02-1988,Zaria,Kaduna,Freelancer,Retail,3464511.9,13-10-2022
C01008,Uche,garba,Male,11-01-1969,Awka,Anambra,Self Employed,Premium,21758018.55,17-02-2022
C01009,Amaka,Ogundipe,Female,19-03-1978,Ikeja,Lagos,Self Employed,Retail,11341610.25,01-04-2022
C01010,Amaka,Yakubu,Female,24-11-1962,Lekki,Lagos,Retired,Retail,13449018.9,12-05-2019
C01011,Zainab,Okoro,Female,16-10-1963,Zaria,Kaduna,Self Employed,Premium,12285470.1,08-09-2021
C01012,Suleiman,Nwachukwu,Male,15-04-1983,Enugu,Enugu,Business Owner,Retail,2700000.0,14-04-2024
C01013,Chukwuemeka,Okonkwo,Male,21-06-1964,Zaria,Kaduna,Retired,Retail,2700000.0,30-09-2020
C01014,Femi,Abiola,Male,22-10-2003,Ogbomoso,Oyo,Student,Retail,4832474.55,21-09-2022
C01015,Uche,Adebayo,Male,16-10-1969,Zaria,Kaduna,Self Employed,Premium,7349228.85,20-05-2018
C01016,Funmilayo,Ogunleye,Female,12/06/1961,Ogbomoso,Oyo,Salaried,Wealth,15819565.05,11-10-2021
C01017,Yetunde,Yakubu,Female,20-10-1997,Onitsha,Anambra,Student,Retail,8321705.85,27-01-2025
C01018,Bayo,Nwankwo,Male,05/25/1987,Jos,Plateau,Self Employed,Retail,4350620.4,01-02-2018
C01019,Adaobi,Abiola,Female,1997-06-22,Lekki,Lagos,Salaried,Premium,9753213.75,09-08-2020
C01020,Adaobi,Onyekachi,Female ,02-06-1991,Awka,Anambra,Business Owner,Premium,29151582.45,23-04-2022
C01021,Grace,Ibrahim,Female,02-03-1971,Onitsha,Anambra,Salaried,SME,5266244.1,23-11-2021
C01022,Oluwaseun,eze,Male,10-02-1970,Awka,Anambra,Self Employed,Retail,4014222.6,22-06-2025
C01023,Chukwudi,Aliyu,Male,07-02-1969,Benin City,Edo,Civil Servant,Premium,12063696.9,24-06-2023
C01024,Adanna,Okoro,Female,10-04-1983,Lagos,Lagos,Business Owner,SME,11937023.1,2019-03-25
C01025,Suleiman,Balogun,Male,16-07-1988,Asaba,Delta,,Retail,8498622.75,01-11-2018
C01026,Adaobi,Ibrahim,Female,11-09-1970,Onitsha,Anambra,Civil Servant,Retail,8546626.05,11-11-2022
C01027,Oluwaseun,Fashola,Male,07-06-1993,Asaba,Delta,Self Employed,SME,32163858.15,07/29/2024
C01028,Segun,Ogundipe,Male,07-11-1974,Ibadan,Oyo,Salaried,Retail,9022519.8,14-11-2022
C01029,Nkechi,Nwachukwu,Female,20-09-1991,Warri,Delta,Freelancer,Retail,3937538.4,07/19/2024
C01030,ADAEZE,Eze,Female,16-06-2000,Enugu,Enugu,Retired,Retail,9056144.4,25-05-2023
C01031,Bayo,Chukwu,Male,04-04-1966,Awka,Anambra,Self Employed,Wealth,17355659.4,19-03-2023
C01032,Temitope,Sanni,Female,12-02-2002,Onitsha,Anambra,Freelancer,Premium,28056873.45,19-08-2020
C01033,Rukayat,Musa,Female,17-05-1978,Lagos,Lagos,Freelancer,Retail,11622039.75,07/24/2021
C01034,Hauwa,Danjuma,Female,14-08-1985,Ogbomoso,Oyo,Freelancer,Retail,11294422.8,06-07-2018
C01035,Grace,Adebayo,Female,08-07-1988,Awka,Anambra,Self Employed,Premium,,13-10-2024
C01036,Funmilayo,Danjuma,Female,01-12-1961,Calabar,Cross River,Retired,SME,10736439.15,03/23/2020
C01037,Bukola,Suleiman,Female,28-07-1994,Abeokuta,Ogun,Self Employed,Premium,9433405.8,14-03-2024
C01038,Yetunde,Nwosu,Female,28-01-1960,Enugu,Enugu,,Retail,5504606.85,31-07-2020
C01039,Chidi,Musa,Male,24-05-1962,Enugu,Enugu,Salaried,Retail,14440251.75,30-10-2018
C01040,Blessing,Ajayi,Female,01-01-1986,Zaria,Kaduna,Self Employed,Corporate,23725945.65,16-10-2024
C01041,Zainab,Garba,Female,17-07-1980,Awka,Anambra,Student,Corporate,10339799.25,07-04-2021
C01042,Chukwudi,Suleiman,Male,14-04-1965,Ogbomoso,Oyo,Student,Premium,10076230.65,12-03-2018
C01043,Chidi,Bello,Male,25-06-1985,Kaduna,Kaduna,Student,Retail,4121588.1,23-02-2022
C01044,Kelechi,Yusuf,Male,21-02-1996,Kaduna,Kaduna,Self Employed,Retail,2700000.0,30-06-2023
C01045,Tobi,Chukwu,Male,05-02-1975,Lekki,Lagos,Civil Servant,Retail,12959594.25,15-07-2023
C01046,Amara,Suleiman,Female,24-05-1986,Benin City,Edo,Salaried,Retail,4082510.55,03-01-2021
C01047,Chukwuemeka,Ibrahim,Male,18-08-1995,  Nsukka,Enugu,Salaried,Retail,11702450.25,10-10-2022
C01048,Ifeanyi,Aliyu,Male,25-03-1984,Warri,Delta,Salaried,Retail,6779845.5,04-10-2022
C01049,Aisha,Adeyemi,Female,26-11-1970,Kaduna,Kaduna,Freelancer,Retail,6138538.2,03-08-2025
C01050,Tunde,Bello,M,20-06-1993,Benin City,Edo,Retired,SME,9986144.85,2026-01-05
C01051,Uche,Yakubu,Male,09-10-1993,Uyo,Akwa Ibom,Retired,Retail,4414536.75,01/07/2026
C01052,Kelechi,Adesanya,Male,14-06-1960,Kaduna,Kaduna,Salaried,Retail,4852038.75,2025-01-03
C01053,Uche,Nnaji,Male,03-03-1998,Jos,Plateau,Business Owner,Retail,7132460.7,10-03-2021
C01054,Yakubu,Afolabi,Male,10-12-1997,Ogbomoso,Oyo,,Retail,7794562.65,12-03-2026
C01055,Kemi,Nwosu,Female,09-03-1977,Nsukka,Enugu,Retired,Premium,5714316.75,22-08-2024
C01056,Sunday,Danjuma,Male,28-12-1977,Abuja,FCT,Civil Servant,Premium,19465881.15,23-11-2024
C01057,Ngozi,Nwosu,Female,16-03-1969,Port Harcourt,Rivers,Student,SME,3780000.0,16-06-2025
C01058,Comfort,Ibe,Female,17-05-1980,Kaduna,Kaduna,Business Owner,Corporate,9755997.9,30-06-2021
C01059,Precious,Chukwuma,Female,1980-09-03,Zaria,Kaduna,Freelancer,SME,32278182.9,23-10-2020
C01060,Folake,Adekunle,Female,21-07-1995,Asaba,Delta,Self Employed,Retail,3275324.1,02-12-2024
C01061,Ronke,Fashola,Female,12-07-1972,Calabar,Cross River,Business Owner,Retail,5913542.7,21-01-2019
C01062,Wale,Ogundipe,Male,01-09-1976,Uyo,Akwa Ibom,Freelancer,Premium,6509641.2,24-11-2025
C01063,Tunde,Adebayo,Male,11/02/1977,Benin City,Edo,,Wealth,25430538.6,22-02-2022
C01064,Amaka,Olawale,Female,05-12-1999,Lagos,Lagos,Civil Servant,Premium,6266447.25,02/07/2024
C01065,Damilare,Adekunle,Male,1972-11-20,Benin City,Edo,Retired,Corporate,9021824.1,05-02-2026
C01066,Obinna,Uzoma,Male,22-01-1993,Uyo,Akwa Ibom,Freelancer,Retail,17410869.9,28-12-2020
C01067,Zainab,Olawale,Female,02-08-1971,Warri,Delta,Business Owner,Retail,3734621.25,15-04-2024
C01068,Nnamdi,Ogundipe,Male,15-06-1967,Uyo,Akwa Ibom,Salaried,Premium,18306619.35,18-01-2020
C01069,Yusuf,Ogunleye,Male,19-06-1971,Warri,Delta,Freelancer,Premium,8808089.1,28-06-2019
C01070,Chinedu,Olawale,Male,1963-07-23,Awka,Anambra,Business Owner,Retail,4108485.0,27-03-2020
C01071,Bisi,Ekwueme,Female,23-05-1978,Abeokuta,Ogun,Freelancer,Retail,3655221.75,15-09-2025
C01072,Abubakar,Obi,Male,13-10-1962,Abeokuta,Ogun,Business Owner,Retail,5563518.0,05-11-2025
C01073,Temitope,Ibrahim,Female,26-12-1995,Zaria,Kaduna,Civil Servant,Retail,6742334.1,18-04-2019
C01074,Uche,Bello,Male,2002-11-06,Zaria,Kaduna,Business Owner,Retail,6340083.6,12-11-2025
C01075,Kayode,Chukwu,Male,28-06-2000,Asaba,Delta,Business Owner,SME,5028550.2,08-06-2021
C01076,Ngozi,Musa,Female,06-09-1989,Abeokuta,Ogun,Freelancer,Corporate,12564730.8,06/24/2022
C01077,Tobi,Adebayo,Male,24-05-1975,Kaduna,Kaduna,Retired,Retail,4123329.9,18-03-2019
C01078,Ibrahim,Nwachukwu,Male,19-05-1987,Ogbomoso,Oyo,Retired,Retail,2700000.0,26-07-2019
C01079,Bukola,fashola,Female,26-06-2002,Port Harcourt,Rivers,Student,Wealth,37849639.5,10-06-2022
C01080,Aliyu,Okafor,Male,22-01-1989,Abeokuta,Ogun,Self Employed,Retail,11130368.85,11/24/2022
C01081,Adanna,Balogun,Female,22-03-1975,Warri,Delta,Student,Premium,12908888.25,02-12-2025
C01082,Folake,Ibe,Female,05-07-1966,Enugu,Enugu,Retired,Retail,-13156108.5,06/02/2022
C01083,Grace,Aliyu,Female,16-06-1964,Calabar,Cross River,Business Owner,Premium,18597243.6,16-08-2023
C01084,Emmanuel,Okoro,Male,25-10-1999,Lagos,Lagos,Self Employed,Retail,3953044.95,21-05-2021
C01085,Musa,Okafor,MALE,13-06-1965,Ogbomoso,Oyo,Business Owner,Premium,10829751.9,2022-09-24
C01086,Aliyu,Onyekachi,Male,22-07-1970,Abeokuta,Ogun,Self Employed,Retail,3857457.75,30-07-2021
C01087,Ronke,Suleiman,Female,13-09-1996,Port Harcourt,Rivers,Business Owner,Premium,15774208.35,10-02-2025
C01088,Sunday,Onyekachi,Male ,17-08-1998,Asaba,Delta,Self Employed,Retail,6391720.2,03-10-2022
C01089,Zainab,Okonkwo,Female,03-11-1984,Calabar,Cross River,Student,Retail,7378365.15,18-07-2018
C01090,Adaobi,Ajayi,Female,04-01-1978,Jos,Plateau,Student,SME,8931012.9,14-10-2021
C01091,Uche,Onyekachi,Male,09-09-1961,Awka,Anambra,Retired,Retail,5784010.95,2019-04-03
C01092,Patience,Bello,Female,24-09-1962,Uyo,Akwa Ibom,Student,Retail,3433468.8,30-01-2021
C01093,Aliyu,Adeyemi,Male,20-12-1989,Uyo,Akwa Ibom,Business Owner,Retail,10520782.35,03/07/2022
C01094,Ronke,Ibe,Female,24-10-1969,Ikeja,Lagos,Freelancer,Premium,21402857.55,21-05-2021
C01095,Ijeoma,Ezeh,Female,01/06/1985,Ogbomoso,Oyo,Civil Servant,Wealth,10280150.55,02/24/2020
C01096,Precious,Musa,Female,20-05-1976,Lekki,Lagos,Retired,Retail,10324456.05,22-04-2023
C01097,Omolara,Obi,Female,24-05-1987,Nsukka,Enugu,Self Employed,Premium,6588873.75,08/09/2025
C01098,Simisola,Aliyu,Female,1977-01-14,Awka,Anambra,Retired,Retail,14424080.25,13-02-2025
C01099,Rukayat,Nwosu,Female,08-04-1966,Onitsha,Anambra,Retired,Retail,5561055.75,20-09-2022
C01100,Grace,Ibrahim,F,13-09-1981,Abuja,FCT,Self Employed,Retail,7209047.25,08-03-2023
C01101,Bayo,Chukwuma,Male,1973-09-23,Kaduna,Kaduna,Freelancer,Retail,5577846.6,16-06-2023
C01102,Adanna,Bello,Female,07-02-1982,Calabar,Cross River,Freelancer,Corporate,15197262.0,30-03-2023
C01103,Amara,Ibe,Female,19-10-1969,Lagos,Lagos,Retired,Retail,5187595.95,04-07-2023
C01104,Funmilayo,Adeyemi,Female,05-09-1984,Enugu,Enugu,Self Employed,Retail,5858079.15,14-10-2019
C01105,Femi,Ogundipe,Male,12-07-1995,Ibadan,Oyo,Freelancer,Corporate,12041484.45,14-09-2025
C01106,Chiamaka,Nwachukwu,Female,18-09-1992,Onitsha,Anambra,Self Employed,Retail,12976996.05,29-12-2019
C01107,Ngozi,Musa,Female,18-01-1978,Ibadan,Oyo,Retired,SME,19117470.9,29-04-2025
C01108,Olamide,Danjuma,Male,07-07-1986,Ogbomoso,Oyo,Retired,Premium,13606310.1,26-05-2024
C01109,Ikechukwu,Yusuf,Male,20-06-1961,Ogbomoso,Oyo,Freelancer,Retail,7511010.45,29-09-2024
C01110,Emeka,Aliyu,Male,1995-09-28,Ibadan,Oyo,Student,Retail,13620332.7,29-12-2025
C01111,Nnamdi,Bello,Male ,1980-03-10,Nsukka,Enugu,Student,Retail,5875675.5,11-08-2023
C01112,Abubakar,Chukwuma,Male,28-06-1998,Asaba,Delta,Freelancer,SME,5110005.15,04-08-2025
C01113,Musa,Yakubu,Male,28-08-1993,Ogbomoso,Oyo,Student,Retail,14502968.7,24-05-2023
C01114,Comfort,Afolabi,Female,27-07-1978,Ikeja,Lagos,Student,SME,13836936.15,24-05-2019
C01115,Fatima,Ajayi,Female,25-05-1969,Asaba,Delta,Freelancer,SME,12162826.05,23-10-2021
C01116,Bayo,Ogundipe,Male,07-08-1975,Port Harcourt,Rivers,Business Owner,Retail,3931085.85,03-11-2021
C01117,Sunday,Ogundipe,Male,11-08-2004,Awka,Anambra,Self Employed,Corporate,22580737.8,08-11-2023
C01118,Blessing,Aliyu,Female,12-04-1961,Awka,Anambra,Student,Premium,15979139.25,30-12-2025
C01119,Nkechi,Bello,Female,05-05-2003,Jos,Plateau,,Corporate,18113661.45,22-07-2020
C01120,Adaeze,Nwosu,Female,10-10-1973,Lagos,Lagos,Student,Retail,3217099.35,08-12-2024
C01121,Chinedu,Mohammed,Male,1982-11-05,Abeokuta,Ogun,Retired,Premium,11971087.95,29-05-2023
C01122,Oluwaseun,Nnaji,Male,01-07-1990,Abeokuta,Ogun,Business Owner,Premium,7032516.45,28-10-2024
C01123,Segun,Mohammed,Male,2001-04-12,Asaba,Delta,Freelancer,Retail,7954738.8,09-04-2020
C01124,Chukwuemeka,Nwachukwu,Male,13-01-2002,Uyo,Akwa Ibom,Salaried,Premium,28394155.2,01/04/2023
C01125,Aliyu,Garba,male,04/08/1993,Lekki,Lagos,Freelancer,Retail,13743944.1,17-01-2026
C01126,Aliyu,Eze,Male,20-01-1971,Jos,Plateau,,Retail,2930649.45,25-05-2021
C01127,Aisha,Mohammed,Female,08-04-1973,Ikeja,Lagos,Freelancer,Premium,13783359.9,27-10-2018
C01128,Adanna,Abiola,Female,15-02-1990,Nsukka,Enugu,Business Owner,Retail,3555990.45,20-05-2024
C01129,Ijeoma,Adesanya,Female,28-07-1997,Lagos,Lagos,Civil Servant,SME,13482789.0,28-10-2020
C01130,Folake,Nnaji,Female,16-05-1998,Ogbomoso,Oyo,Retired,Premium,8735707.2,16-10-2020
C01131,Amaka,Obi,Female,18-11-1977,Onitsha,Anambra,Salaried,Retail,7585642.95,31-07-2021
C01132,Ronke,Yusuf,Female,06-08-1990,Zaria,Kaduna,Freelancer,Retail,14068858.2,14-09-2025
C01133,Simisola,Musa,Female,25-04-1971,Calabar,Cross River,Salaried,Retail,4605611.85,05-09-2025
C01134,Damilare,Aliyu,Male,19-04-1999,Awka,Anambra,Retired,Premium,9723573.45,06-06-2025
C01135,Chiamaka,Yakubu,Female,16-09-1980,Abeokuta,Ogun,Student,Premium,41154734.55,2021-05-28
C01136,Fatima,Abiola,Female,11-05-1969,Uyo,Akwa Ibom,Student,Premium,18803618.4,24-01-2018
C01137,Tobi,Fashola,Male,07/12/1963,Ibadan,Oyo,Self Employed,Premium,6390296.25,2025-06-04
C01138,Kelechi,Danjuma,Male,06/01/1978,Benin City,Edo,Retired,Retail,9970309.8,23-08-2023
C01139,AMAKA,Ajayi,Female,03-02-1977,Jos,Plateau,Salaried,Retail,4835921.1,24-05-2025
C01140,Emmanuel,Chukwuma,Male,16-12-2004,  Ibadan,Oyo,Student,Retail,4813106.25,05-07-2019
C01141,Chukwudi,Adeyemi,Male,14-12-1980,Warri,Delta,Student,SME,21959260.05,01-10-2020
C01142,Yusuf,Nwosu,Male,25-09-1996,Onitsha,Anambra,Civil Servant,Premium,16007112.0,04-11-2025
C01143,Titi,Adekunle,Female,24-08-1983,Onitsha,Anambra,Self Employed,SME,5304033.6,07-08-2025
C01144,Hauwa,Okafor,Female,10/24/1976,Benin City,Edo,Salaried,SME,3780000.0,05-12-2023
C01145,Amaka,Umeh,Female,01-06-1992,Ikeja,Lagos,Retired,Premium,20154688.65,29-09-2021
C01146,Bayo,Uzoma,Male,03-10-1964,Warri,Delta,Retired,Wealth,35042517.0,2023-04-03
C01147,Emmanuel,Ogundipe,Male,25-04-2001,Abuja,FCT,Freelancer,Retail,17200312.5,15-09-2021
C01148,Ayodele,yakubu,Male,19-11-1971,Warri,Delta,Student,Retail,7225393.35,12-06-2024
C01149,Wale,Olawale,Male,27-10-1960,Awka,Anambra,Retired,Retail,3347478.45,25-07-2025
C01150,ALIYU,Ogundipe,Male,21-08-1994,Onitsha,Anambra,Self Employed,Premium,21732326.4,31-08-2019
C01151,Ngozi,Okafor,Female,04-03-1979,Nsukka,Enugu,Civil Servant,Retail,12326688.9,03-09-2021
C01152,Adanna,Nwosu,Female,11/07/1974,Onitsha,Anambra,Student,Retail,10122991.35,24-03-2020
C01153,Chidi,Eze,Male,27-10-1984,Nsukka,Enugu,Self Employed,Retail,16282214.7,08-05-2020
C01154,Yetunde,Sanni,Female,20-12-1991,Asaba,Delta,Student,Retail,14756316.9,11-11-2020
C01155,Ngozi,Onyekachi,Female,01-08-1967,Zaria,Kaduna,Business Owner,Retail,10696538.7,23-06-2021
C01156,Comfort,Umeh,F,1987-11-10,Warri,Delta,Salaried,Retail,11423234.85,30-01-2021
C01157,Amaka,Yusuf,Female,28-03-1962,Onitsha,Anambra,Civil Servant,Retail,7116477.9,08-09-2018
C01158,Aliyu,Yakubu,Male,12/22/1973,Abuja,FCT,Retired,Retail,12429632.55,13-09-2019
C01159,Rukayat,Ezeh,Female,26-02-1983,Abeokuta,Ogun,Retired,Retail,6614179.35,08-08-2021
C01160,Yusuf,Obi,Male,01-06-1961,Lagos,Lagos,Civil Servant,SME,6959016.9,03/03/2018
C01161,Grace,Ibrahim,Female,14-02-1974,Uyo,Akwa Ibom,Self Employed,Wealth,9911074.5,06-10-2024
C01162,Bayo,Umeh,Male,16-08-1979,Lagos,Lagos,Student,SME,6620757.75,12-07-2023
C01163,Aliyu,Okoro,Male,08-03-1972,Lekki,Lagos,Freelancer,Retail,9287530.65,13-07-2022
C01164,Funmilayo,Ekwueme,Female,08-02-1999,Awka,Anambra,Self Employed,Retail,2770317.3,05-09-2021
C01165,Uche,Onyekachi,Male,05-11-1983,Ogbomoso,Oyo,Salaried,Premium,22270635.15,09-08-2019
C01166,Chiamaka,Afolabi,Female,13-03-1975,Ikeja,Lagos,Student,Retail,7570926.15,29-05-2020
C01167,Ijeoma,Ibe,Female,1999-05-18,Jos,Plateau,Self Employed,Retail,12979577.85,11-11-2020
C01168,Obinna,Ezeh,Male,1991-09-15,Onitsha,Anambra,Business Owner,Premium,15201373.35,14-10-2022
C01169,Sunday,Fashola,Male,04-03-1994,Lagos,Lagos,,Retail,6343017.9,11-06-2021
C01170,Ikechukwu,Ezeh,Male,03-09-1987,Jos,Plateau   ,Self Employed,Wealth,20148697.35,20-12-2021
C01171,Nnamdi,Suleiman,Male,19-03-1998,Zaria,Kaduna,Freelancer,SME,10457522.4,15-12-2023
C01172,Ijeoma,Ibe,Female,04-03-1983,Abeokuta,Ogun,Self Employed,Premium,29450682.6,2021-02-14
C01173,Obinna,Chukwu,Male,13-05-1985,Ikeja,Lagos,Business Owner,SME,8971614.3,11-12-2025
C01174,Musa,Ajayi,Male,05/07/2002,Calabar,Cross River,Self Employed,SME,4588999.2,22-05-2022
C01175,Chinedu,Adeyemi,Male,13-07-2001,Abeokuta,Ogun,Student,Premium,8290633.2,2019-05-21
C01176,Ronke,Bello,Female,07-03-2003,Lekki,Lagos,Retired,Retail,13083251.1,25-02-2019
C01177,Femi,Ajayi,Male,22-04-1990,Abuja,FCT,Salaried,Retail,12875491.05,28-01-2026
C01178,Musa,Adebayo,Male,13-01-1977,Onitsha,Anambra,Freelancer,SME,5005679.25,03-10-2025
C01179,Maryam,Nnaji,Female,17-04-1978,Kaduna,Kaduna,Student,Retail,7684050.3,21-08-2018
C01180,Simisola,Musa,Female,24-12-1977,Asaba,Delta,Civil Servant,Retail,4122556.2,02/22/2018
C01181,Zainab,Ogunleye,Female,19-04-1991,Asaba,Delta,Retired,Retail,8581121.7,27-10-2023
C01182,Ifeoma,Suleiman,Female,04-10-1962,Ibadan,Oyo,Retired,Premium,12951093.45,2025-07-18
C01183,Wale,Musa,Male,1986-07-23,Abuja,FCT,Student,Corporate,7396178.1,16-01-2025
C01184,Simisola,Nwankwo,Female,07-01-2002,Ogbomoso,Oyo,Freelancer,Premium,34180560.15,10-11-2021
C01185,Chidi,Bello,Male,15-05-1975,Uyo,Akwa Ibom,Self Employed,Corporate,8420824.2,06-04-2024
C01186,Femi,Onyekachi,Male,24-06-2001,Calabar,Cross River,Business Owner,Retail,3059009.25,11-12-2021
C01187,Zainab,Ajayi,Female,26-12-1994,Abuja,FCT,Self Employed,SME,11251672.05,20-12-2020
C01188,Ifeanyi,Okafor,Male,26-06-1982,Kaduna,Kaduna,Salaried,Retail,5680682.4,17-02-2020
C01189,Godwin,Adesanya,Male,23-09-1979,Lekki,Lagos,Self Employed,Premium,7716660.75,18-01-2019
C01190,Chinedu,Ajayi,Male,13-11-1998,Warri,Delta,Student,SME,5598339.6,01-03-2019
C01191,Adanna,Yusuf,Female,10/03/1999,Awka,Anambra,Self Employed,Retail,4996849.65,18-10-2025
C01192,Segun,Garba,Male,15-04-1975,Enugu,Enugu,Student,Premium,22957746.0,02-02-2020
C01193,Adaeze,Umeh,Female,21-07-1997,Zaria,Kaduna,Student,Premium,22191826.8,25-02-2022
C01194,Amaka,Adesanya,Female,18-06-1975,Uyo,Akwa Ibom,Retired,Retail,3956330.55,08-07-2021
C01195,Uche,Okonkwo,Male,24-04-1998,Asaba,Delta,Student,Retail,9805273.8,09-12-2024
C01196,Zainab,Ogunleye,Female,14-10-1991,Jos,Plateau,Freelancer,Retail,5774829.0,29-08-2019
C01197,Precious,danjuma,Female,03-06-2003,Warri,Delta,Student,Wealth,15009808.05,24-11-2025
C01198,Grace,Ajayi,Female,22-04-1985,Port Harcourt,Rivers,Self Employed,Retail,7417901.4,20-01-2024
C01199,Suleiman,Uzoma,Male,20-01-1980,Lekki,Lagos,,Retail,11876059.2,22-08-2022
C01200,Aisha,Ibrahim,Female,20-04-1972,Abeokuta,Ogun,Student,Corporate,20163711.45,11-04-2022
C01201,Simisola,Sanni,F,06-06-1968,Kaduna,Kaduna,Salaried,Retail,4160712.6,2020-01-26
C01202,Hauwa,Okoro,Female,08-04-1985,Benin City,Edo,Civil Servant,Retail,7719810.75,18-10-2024
C01203,Sunday,Ogunleye,Male,22-01-1995,Ikeja,Lagos,Retired,Retail,6821948.4,26-04-2024
C01204,Damilare,Adeyemi,Male,07-03-1964,Uyo,Akwa Ibom,Retired,Premium,11901625.35,13-03-2022
C01205,Olumide,Bello,Male,23-08-1971,Lekki,Lagos,Retired,SME,15641095.5,08-06-2018
C01206,Hauwa,Chukwuma,Female,10-05-1967,Calabar,Cross River,Self Employed,Retail,10113425.7,07-10-2024
C01207,Uche,Ibrahim,Male ,15-06-1999,Port Harcourt,Rivers,Business Owner,SME,10005022.8,05-10-2020
C01208,Tobi,Adesanya,Male,27-04-1969,Uyo,Akwa Ibom,Retired,Retail,5896951.8,08-01-2019
C01209,Adaeze,Okoro,Female,19-10-1993,Onitsha,Anambra,Business Owner,Premium,12993546.45,09-07-2019
C01210,Yakubu,Okoro,Male,21-05-1972,Jos,Plateau,Business Owner,Retail,6208042.8,17-04-2024
C01211,Nnamdi,Suleiman,Male,10-07-1999,Kaduna,Kaduna,Self Employed,Retail,9694840.95,01-01-2019
C01212,Ayodele,Ajayi,Male,19-12-1997,Awka,Anambra,,Retail,11051059.35,26-04-2022
C01213,Kayode,Adeyemi,Male,09/02/1982,Nsukka,Enugu,Retired,SME,12627983.4,27-02-2022
C01214,Chukwudi,Adeyemi,Male,15-02-1973,Ikeja,Lagos,Civil Servant,SME,5601712.05,12-04-2022
C01215,Oluwaseun,Adebayo,Male,10-02-2004,Nsukka,Enugu,Student,Retail,2700000.0,24-07-2020
C01216,Precious,onyekachi,female,05-01-1985,Uyo,Akwa Ibom,Self Employed,Retail,3222015.45,30-04-2025
C01217,Halima,Ajayi,Female,01-12-1986,Benin City,Edo,Business Owner,Retail,5927881.95,24-09-2024
C01218,Tobi,Suleiman,Male,13-12-2000,Lagos,Lagos,Freelancer,Retail,8862921.75,04/14/2019
C01219,Ngozi,Bello,Female,03-08-1970,  Asaba,Delta,Retired,Retail,3230136.3,2021-03-19
C01220,Simisola,Ezeh,Female,04-05-1996,Awka,Anambra,Self Employed,Corporate,6136256.55,05-06-2019
C01221,Olumide,Musa,Male,16-08-1962,Zaria,Kaduna,Student,Retail,2700000.0,25-11-2024
C01222,Emmanuel,Okonkwo,Male,05-12-1988,Uyo,Akwa Ibom,Freelancer,Retail,14094305.85,26-07-2021
C01223,Omolara,Ibrahim,Female,05-01-1996,Ikeja,Lagos,Student,Retail,5560124.55,20-09-2019
C01224,Grace,Ezeh,Female,08-02-1992,Awka,Anambra,Salaried,Retail,2855436.75,03-10-2020
C01225,Folake,Nwankwo,Female,1993-05-18,Abuja,FCT,,Retail,7082958.6,29-12-2023
C01226,Yakubu,Bello,Male,06-12-1999,Lagos,Lagos,Salaried,Premium,10027452.3,11-04-2022
C01227,Adewale,Adesanya,Male,27-01-1996,Lagos,Lagos,Salaried,Retail,10322529.9,11-04-2025
C01228,Chiamaka,Aliyu,FEMALE,13-11-1996,Kaduna,Kaduna,Retired,Retail,8097101.4,21-10-2020
C01229,Ibrahim,Suleiman,Male,16-08-2000,Uyo,Akwa Ibom,Business Owner,SME,4585865.1,2025-02-22
C01230,Segun,Garba,Male,05/06/1984,Abeokuta,Ogun,Student,Retail,3562818.3,28-05-2019
C01231,Amara,Yakubu,Female,14-07-1973,Uyo,Akwa Ibom,Business Owner,SME,8680707.0,28-08-2021
C01232,Precious,Yusuf,Female,17-12-1968,Ibadan,Oyo,Student,Retail,4770457.8,24-02-2024
C01233,Aisha,Abiola,Female,10-11-1983,Ogbomoso,Oyo,Salaried,Retail,8148522.75,27-03-2020
C01234,Damilare,Suleiman,Male,06-09-1981,Nsukka,Enugu,Student,Premium,24684627.15,13-05-2024
C01235,Nnamdi,Balogun,Male,12/22/1977,Abeokuta,Ogun,Student,Premium,6940948.35,20-07-2021
C01236,Yusuf,Olawale,Male,05-12-1975,Jos,Plateau,Freelancer,Corporate,14136412.95,02-02-2019
C01237,Maryam,Ibe,Female,01-01-1965,Warri,Delta,Self Employed,SME,15650305.65,2019-09-09
C01238,Adaeze,Musa,Female,12-02-1979,Nsukka,Enugu,Salaried,Premium,11069225.85,20-04-2024
C01239,Patience,Sanni,Female,14-03-1969,Abeokuta,Ogun,Freelancer,Retail,12784514.4,25-02-2021
C01240,Emeka,Adeyemi,Male,05-11-1967,  Enugu,Enugu,Retired,SME,18348304.2,19-09-2025
C01241,Uche,Garba,Male,19-10-1988,Uyo,Akwa Ibom,Business Owner,Retail,17553209.1,10-10-2018
C01242,Aisha,Suleiman,Female,10-10-1968,Abeokuta,Ogun,Retired,Premium,5468820.9,20-07-2023
C01243,YAKUBU,Bello,Male,14-10-1999,Lagos,Lagos,Student,Wealth,16793134.65,28-07-2021
C01244,Bayo,Afolabi,Male,08-11-1963,Abeokuta,Ogun,Business Owner,Premium,9674518.5,08-03-2024
C01245,Maryam,Okoro,Female,01-10-1968,Ikeja,Lagos,Student,Corporate,7018309.65,28-05-2018
C01246,Yetunde,Garba,Female,11-07-2004,Benin City,Edo,Self Employed,,43091202.9,19-11-2021
C01247,Rukayat,Abiola,Female,16-04-1995,Benin City,Edo,Retired,Retail,3247395.15,04/10/2019
C01248,Kayode,Musa,Male,08-02-1968,Lagos,Lagos,Civil Servant,Retail,5762256.3,09-02-2018
C01249,Yusuf,Nnaji,Male,03-10-1981,Lagos,Lagos,Retired,Retail,16736078.85,15-05-2019
C01250,Fatima,Okafor,Female,24-04-1968,Ikeja,Lagos,Freelancer,SME,3780000.0,12-08-2020
C01251,Omolara,Chukwuma,Female,03-12-1963,Nsukka,Enugu,Retired,Retail,7684086.6,02-12-2025
C01252,Obinna,Musa,Male,24-05-1990,Abeokuta,Ogun,Freelancer,Premium,8158847.25,23-05-2019
C01253,Adaeze,Ogundipe,Female,28-03-1972,Warri,Delta,Self Employed,Retail,9076273.2,14-10-2022
C01254,Ayodele,Fashola,Male,08-12-1982,Benin City,Edo,Student,Retail,2700000.0,10-11-2021
C01255,Grace,Musa,Female,03-07-1999,Ikeja,Lagos,Retired,Premium,23551339.35,20-01-2022
C01256,Bisi,Obi,Female,19-02-2003,Abuja,FCT,Student,Retail,11895768.0,05/14/2021
C01257,Precious,Balogun,Female,24-09-1980,Kaduna,Kaduna,Student,Retail,7231995.0,21-08-2021
C01258,Omolara,Adeyemi,Female,15-08-1989,Ibadan,Oyo,Student,Retail,9562040.1,02-02-2025
C01259,Temitope,Garba,Female,01-06-1985,Port Harcourt,Rivers,Student,Retail,6402431.7,11-10-2019
C01260,Hauwa,Afolabi,Female,08-05-1995,Awka,Anambra,Freelancer,Retail,8115531.0,02-09-2018
C01261,Segun,Yusuf,Male,11-02-1966,Uyo,Akwa Ibom,Student,Premium,13447873.2,03-07-2023
C01262,Ikechukwu,Ogunleye,Male,1979-11-06,Lagos,Lagos,Retired,Retail,4154375.85,28-02-2021
C01263,Blessing,Fashola,Female,28-12-1983,Onitsha,Anambra,Student,Retail,7460470.35,05-10-2020
C01264,Adanna,Danjuma,Female,08-12-1980,Nsukka,Enugu,Retired,SME,26217401.1,27-10-2021
C01265,Chukwuemeka,Ibe,Male,07-12-1981,Lekki,Lagos,Self Employed,SME,20056101.0,25-06-2023
C01266,Funmilayo,Ogunleye,Female,11-01-1990,Lekki,Lagos,Salaried,Retail,7534480.2,16-01-2023
C01267,Omolara,Abiola,Female,23-05-1972,Ibadan,Oyo,Retired,Retail,3458720.85,22-08-2019
C01268,Kelechi,Adeyemi,Male,11-08-1980,Benin City,Edo,Business Owner,Premium,14514338.4,09/06/2018
C01269,Adaeze,Yakubu,Female,10-09-1993,Nsukka,Enugu,Business Owner,Retail,4489446.15,16-04-2020
C01270,Temitope,Eze,Female,01-01-1978,Port Harcourt,Rivers,Freelancer,Premium,15627567.3,14-04-2022
C01271,Nkechi,Ogunleye,Female,15-10-1970,Calabar,Cross River,Business Owner,Corporate,8771606.85,30-10-2019
C01272,Adaobi,Aliyu,Female,01-06-1968,Lekki,Lagos,Freelancer,Retail,14411603.55,17-03-2022
C01273,Bukola,Uzoma,Female,14-11-1961,Calabar,Cross River,,Premium,10318679.1,05-05-2024
C01274,Olumide,Mohammed,Male,02-09-1962,Lekki,Lagos,Self Employed,Premium,17829696.75,23-02-2019
C01275,Bukola,Eze,Female,08-12-1970,Zaria,Kaduna,Salaried,Retail,5406178.2,11-07-2023
C01276,Tobi,Ezeh,Male,17-01-1994,Ibadan,Oyo,Student,Retail,16242378.9,14-10-2019
C01277,Olumide,Adebayo,Male,08-04-1976,Asaba,Delta,Self Employed,Retail,10360084.95,10-08-2020
C01278,Rukayat,Okonkwo,Female,1968-09-11,Port Harcourt,Rivers,,Retail,13804247.4,07-04-2018
C01279,Chioma,Danjuma,Female,02-02-1995,Ogbomoso,Oyo,Retired,Retail,6554567.1,04-11-2019
C01280,Folake,Ajayi,Female,18-03-1973,Ibadan,Oyo,Retired,Retail,9133190.7,05/10/2022
C01281,Ngozi,Abiola,Female,1972-10-09,Abeokuta,Ogun,Salaried,Retail,5322416.25,30-12-2022
C01282,Damilare,Ekwueme,Male,17-11-2001,Abuja,FCT,Self Employed,Corporate,10663910.7,24-05-2024
C01283,Comfort,Eze,Female,07-11-2004,Awka,Anambra,Self Employed,SME,14854688.55,25-09-2023
C01284,Aisha,Nwankwo,Female,07-01-1979,Lagos,Lagos,Student,SME,14259584.25,20-05-2022
C01285,Kelechi,Garba,Male,16-08-1970,Abuja,FCT,Salaried,,18709226.7,11-12-2024
C01286,Emeka,Nwankwo,Male,05/01/1960,Ikeja,Lagos,Business Owner,Retail,5121677.7,31-05-2020
C01287,Olamide,Adeyemi,Male,12-12-1987,Nsukka,Enugu,Business Owner,Retail,6128205.0,04-08-2019
C01288,Abubakar,Ekwueme,Male,04-04-1989,Benin City,Edo,Salaried,SME,19170426.9,07-04-2019
C01289,Adaeze,Mohammed,Female,28-08-1975,Warri,Delta,Civil Servant,SME,11965585.8,03/15/2026
C01290,Kemi,Musa,Female,13-02-1973,Port Harcourt,Rivers,Self Employed,Premium,4941921.3,24-02-2018
C01291,Zainab,Adekunle,Female,11/03/1962,Lekki,Lagos,Self Employed,Wealth,25794659.7,19-08-2020
C01292,Chukwudi,Yusuf,Male,02-11-1960,Jos,Plateau,Freelancer,SME,,13-07-2018
C01293,Kayode,Obi,Male,1983-02-20,Awka,Anambra,Business Owner,Retail,12897220.05,03-03-2025
C01294,Temitope,Onyekachi,Female,19-03-1986,Uyo,Akwa Ibom,Freelancer,Retail,6331423.05,31-01-2024
C01295,Amaka,Adekunle,Female,03-07-1983,Ogbomoso,Oyo,Retired,Premium,,2025-08-18
C01296,Uche,Balogun,Male,17-06-1962,Abeokuta,Ogun,Self Employed,SME,6185676.0,10-10-2025
C01297,Aisha,Sanni,Female,04-07-1965,Ibadan,Oyo,Retired,Wealth,21705357.15,15-06-2025
C01298,Ifeoma,Suleiman,Female,23-11-1974,Abeokuta,Ogun,Retired,Corporate,14380332.45,05/14/2025
C01299,Emmanuel,Bello,Male,10/12/1974,Ibadan,Oyo,Retired,Corporate,7060371.45,18-03-2019
C01300,Emeka,Danjuma,Male,23-02-1969,Kaduna,Kaduna,Self Employed,Wealth,13210129.35,07-04-2018
C01301,Yetunde,Sanni,Female,04-05-1961,Lagos,Lagos,Salaried,Retail,17463479.85,25-09-2022
C01302,NGOZI,Chukwuma,Female,01-07-2002,Uyo,Akwa Ibom,Retired,Premium,8779672.95,2024-08-12
C01303,Wale,Nwosu,Male,19-10-2000,Kaduna,Kaduna,Business Owner,Retail,6580405.05,09-11-2025
C01304,Olamide,Suleiman,Male,25-09-1984,Kaduna,Kaduna,Student,Retail,10602579.45,08-06-2018
C01305,Ijeoma,Fashola,Female,09-08-1965,Kaduna,Kaduna,Civil Servant,Retail,5596626.3,15-08-2021
C01306,Olumide,Onyekachi,Male,28-12-1995,Awka,Anambra,,Retail,7471483.65,26-12-2022
C01307,Maryam,Danjuma,Female,03/15/1992,Warri,Delta,Retired,Retail,9038070.0,27-04-2019
C01308,Chukwuemeka,Nwachukwu,Male,15-03-1991,Zaria,Kaduna,Freelancer,Retail,4238341.05,27-09-2019
C01309,Zainab,Nwachukwu,Female,16-08-1972,Warri,Delta,Salaried,Retail,4376771.55,23-05-2021
C01310,Aliyu,Bello,Male,28-06-1974,Abeokuta,Ogun,Self Employed,Premium,18229575.45,25-07-2019
C01311,Amara,Ibe,Female,01-10-1998,Port Harcourt,Rivers,Freelancer,Retail,4369808.25,05-02-2024
C01312,Yetunde,Chukwu,Female,02-08-1986,Asaba,Delta,Freelancer,Retail,7286976.15,04-01-2022
C01313,Chioma,Ezeh,Female,08-09-1985,Kaduna,Kaduna,Freelancer,SME,4422074.1,15-02-2024
C01314,Chukwudi,Adesanya,Male,16-05-1995,Uyo,Akwa Ibom,Self Employed,Retail,9285797.4,09-04-2020
C01315,Olamide,Nwankwo,Male,03/24/1979,Port Harcourt,Rivers,Business Owner,Premium,16227244.05,16-07-2019
C01316,Femi,Nwankwo,Male,26-08-1975,Onitsha,Anambra,Student,Retail,8928066.3,15-03-2024
C01317,Tobi,Abiola,Male,03/22/1964,Calabar,Cross River,Retired,Retail,7096580.1,06-11-2019
C01318,Simisola,Nwosu,Female,27-07-2000,Enugu,Enugu,Salaried,,,28-02-2020
C01319,Kayode,Nwankwo,Male,20-08-1985,Uyo,Akwa Ibom,Self Employed,SME,6323905.95,09/19/2024
C01320,OBINNA,Fashola,Male,25-08-1978,Zaria,Kaduna,Freelancer,Retail,7800448.2,13-06-2018
C01321,Rukayat,Fashola,Female,09-07-1977,Uyo,Akwa Ibom,Retired,Retail,4452927.9,21-06-2023
C01322,Segun,Ogunleye,Male,2004-10-23,Ibadan,Oyo,Student,Premium,18345141.6,12-10-2021
C01323,Bisi,Uzoma,Female,11-08-2004,Warri,Delta,Business Owner,Retail,7461155.85,31-08-2024
C01324,Hauwa,Okafor,Female,11-06-1974,Zaria,Kaduna,Retired,SME,10222799.55,01-08-2025
C01325,Hauwa,Bello,Female,20-05-1977,Ogbomoso,Oyo,Self Employed,Retail,12686256.0,2025-09-15
C01326,Musa,Okoro,M,11-09-1994,Uyo,Akwa Ibom,Self Employed,Retail,6166816.05,15-09-2024
C01327,Chioma,Nwosu,Female,26-11-1971,Onitsha,Anambra,Retired,Retail,4166617.2,2021-10-30
C01328,Temitope,Nwosu,Female,03-10-1976,Port Harcourt,Rivers,Retired,Retail,13913507.4,2024-05-13
C01329,Amaka,Okonkwo,F,1972-05-02,Ogbomoso,Oyo,Student,Wealth,25228292.85,06-07-2021
C01330,Comfort,Chukwu,Female,04-03-1968,Asaba,Delta,Self Employed,Retail,10442019.45,28-01-2019
C01331,Amaka,Sanni,Female,22-01-1973,Ogbomoso,Oyo   ,Student,Premium,5942595.75,12-09-2020
C01332,Tobi,Umeh,Male,20-10-1974,Enugu,Enugu,Civil Servant,Premium,7303607.7,17-03-2024
C01333,Chidi,Nnaji,Male,06-04-1980,Lekki,Lagos,Salaried,SME,13653248.55,28-05-2024
C01334,Suleiman,Mohammed,Male,04-08-1977,Abuja,FCT,Self Employed,Retail,10083085.05,21-06-2020
C01335,Amaka,Onyekachi,Female,08-01-1966,Benin City,Edo,Self Employed,Premium,7696346.25,2020-08-09
C01336,Fatima,Chukwuma,Female,23-07-1965,Asaba,Delta,Business Owner,Retail,2831749.5,26-03-2018
C01337,Titi,Nwachukwu,Female,13-10-1992,Kaduna,Kaduna,Self Employed,SME,10906397.1,13-07-2022
C01338,Amaka,Aliyu,Female,12-06-1973,Nsukka,Enugu,Salaried,,4750962.75,12-09-2025
C01339,Maryam,umeh,Female,23-11-1975,Lekki,Lagos,Freelancer,Retail,7375048.35,30-12-2022
C01340,Obinna,Olawale,Male,09-07-1965,Ogbomoso,Oyo,Civil Servant,Retail,5070339.45,12-04-2022
C01341,Ijeoma,Ibe,Female,1963-04-03,Uyo,Akwa Ibom,Salaried,Premium,5170849.35,22-11-2023
C01342,Patience,Musa,Female,10-03-1988,Benin City,Edo,Business Owner,Retail,4152115.5,14-11-2019
C01343,Tunde,Onyekachi,Male,28-04-1964,Zaria,Kaduna,Civil Servant,Retail,14477815.8,11-03-2020
C01344,Chiamaka,Yakubu,Female,25-02-1964,Abuja,FCT,Freelancer,Retail,9555028.95,03-01-2020
C01345,Musa,Umeh,Male,08-03-1994,Port Harcourt,Rivers,Retired,Corporate,11967218.7,29-08-2023
C01346,Temitope,Nwachukwu,Female,06-03-1985,Ikeja,Lagos,Retired,Retail,4564815.6,17-02-2021
C01347,Chukwudi,Garba,Male,06-08-1975,Jos,Plateau,Student,Premium,15190358.55,11-07-2019
C01348,PATIENCE,Okoro,Female,17-08-1978,Lagos,Lagos,Freelancer,Corporate,19256875.8,30-10-2023
C01349,Tobi,Yusuf,Male,23-10-1998,Uyo,Akwa Ibom,Retired,SME,8244273.6,09-08-2023
C01350,Omolara,Uzoma,Female,03-04-1962,Port Harcourt,Rivers,Student,Premium,9995409.15,11-05-2021
C01351,Yetunde,Musa,Female,16-06-1961,Uyo,Akwa Ibom,Retired,Retail,2955204.0,27-07-2019
C01352,Chioma,Adesanya,Female,05-04-1985,Awka,Anambra,Freelancer,Retail,4193277.3,21-03-2023
C01353,Bisi,Onyekachi,Female,05-08-1973,Uyo,Akwa Ibom,Salaried,,5412328.8,16-09-2024
C01354,Ikechukwu,Abiola,Male,18-09-1982,Awka,Anambra,Civil Servant,Retail,6440507.25,19-02-2019
C01355,Adaobi,Sanni,Female,02-05-1995,Port Harcourt,Rivers,Business Owner,Retail,3812609.25,15-11-2024
C01356,Folake,Onyekachi,Female,11-10-1982,Jos,Plateau,Student,Retail,2760079.35,07-10-2023
C01357,Yusuf,Bello,Male,2002-09-24,Ikeja,Lagos,,Corporate,8332147.95,15-03-2020
C01358,Ngozi,Obi,Female,09-07-1999,Warri,Delta,Retired,Retail,3569661.3,04-03-2020
C01359,Chioma,Ekwueme,Female,18-07-1969,Ogbomoso,Oyo,Salaried,Premium,16896607.05,24-11-2018
C01360,Nkechi,Nwachukwu,Female,24-10-1981,Jos,Plateau,Retired,Wealth,11870611.65,30-09-2019
C01361,Precious,Olawale,Female,09-11-1993,Lekki,Lagos,Student,SME,13156834.8,19-01-2021
C01362,Oluwaseun,Yakubu,Male,16-05-1992,Onitsha,Anambra,Retired,Wealth,30795919.65,04-07-2020
C01363,Adaobi,Uzoma,Female,05-08-1975,Enugu,Enugu,Retired,SME,13543297.95,18-09-2021
C01364,Grace,Nwachukwu,Female,06-04-1965,Awka,Anambra,Student,,5909595.6,06-05-2018
C01365,Emmanuel,Yakubu,Male,10-02-1983,Onitsha,Anambra,Student,Retail,13416479.85,28-10-2022
C01366,Chinedu,Abiola,Male,20-04-1978,Enugu,Enugu,Salaried,SME,6324071.85,03-12-2018
C01367,Femi,Fashola,Male,18-03-1960,Warri,Delta,Student,Retail,16575636.15,29-12-2019
C01368,Kayode,Onyekachi,Male,27-05-1968,Ikeja,Lagos,Salaried,Retail,18241853.4,08-11-2019
C01369,Ngozi,Yakubu,Female,02-02-1981,Awka,Anambra,Retired,Wealth,36283188.6,25-11-2023
C01370,Nnamdi,Ogunleye,Male,05-05-1999,Warri,Delta,Student,Retail,7598159.4,2024-10-20
C01371,Patience,Olawale,Female,02-05-2004,Enugu,Enugu,Retired,Retail,5532845.85,09-06-2021
C01372,Amaka,Okafor,Female,12/27/2001,Awka,Anambra,Self Employed,Retail,9691109.85,12-09-2020
C01373,Kayode,Obi,Male,05-12-1969,Jos,Plateau,Freelancer,Retail,4879066.05,27-05-2023
C01374,Temitope,Adeyemi,Female,21-02-1986,Ogbomoso,Oyo,Freelancer,,21731603.4,19-05-2018
C01375,Bisi,Garba,Female,07-07-1970,Uyo,Akwa Ibom,Freelancer,Retail,10610535.3,17-06-2022
C01376,Yakubu,Danjuma,Male,27-03-1988,Onitsha,Anambra,Salaried,Retail,14222796.6,11/04/2019
C01377,Bisi,Ibe,Female,16-02-1986,Benin City,Edo,Business Owner,SME,7893668.4,08-04-2020
C01378,Bisi,Obi,Female,25-01-1986,Abeokuta,Ogun,Salaried,Retail,5433247.05,05-03-2019
C01379,Bukola,Eze,Female,07-04-1992,Kaduna,Kaduna,Retired,Retail,21955915.65,20-05-2022
C01380,Adaeze,Chukwuma,FEMALE,20-10-1997,Zaria,Kaduna,Retired,Retail,17107741.05,2023-02-13
C01381,Adaeze,Mohammed,Female,01-06-1978,Ikeja,Lagos,Retired,Retail,11803424.4,2024-05-31
C01382,Fatima,Okoro,Female,08-10-1980,Enugu,Enugu,Student,Retail,3861114.9,22-12-2020
C01383,Yusuf,Balogun,Male,02-04-1993,Lagos,Lagos,Civil Servant,Retail,9886358.25,25-01-2021
C01384,NGOZI,Eze,Female,01-07-1994,Calabar,Cross River,Retired,Retail,8028212.55,24-05-2020
C01385,Obinna,Yusuf,Male,10-09-2002,Calabar,Cross River,Civil Servant,Corporate,9966601.2,07-09-2025
C01386,Abubakar,Okoro,Male,21-06-1965,Ogbomoso,Oyo,Freelancer,Retail,6497663.85,12-04-2021
C01387,Amara,Okoro,Female,14-03-1986,Benin City,Edo,Retired,Retail,4669830.9,10/03/2025
C01388,Yusuf,Yakubu,Male,03-02-2000,Calabar,Cross River,Student,Wealth,71533563.75,14-10-2021
C01389,Blessing,Abiola,Female,15-09-1992,Asaba,Delta,Salaried,,6338509.65,17-12-2021
C01390,OLAMIDE,Fashola,Male,18-04-1984,Abeokuta,Ogun,Student,,5724072.9,30-01-2025
C01391,Femi,Okafor,Male,28-06-1961,Uyo,Akwa Ibom,Self Employed,Retail,8695356.45,18-02-2020
C01392,Zainab,Bello,Female,25-08-2000,Abuja,FCT,Student,Premium,48193004.1,12-08-2021
C01393,Grace,Danjuma,Female,02-01-1972,Uyo,Akwa Ibom,Student,Retail,3209395.95,31-01-2018
C01394,Damilare,Eze,Male,05-02-1989,Onitsha,Anambra,Student,SME,11388801.9,07/18/2023
C01395,Abubakar,Onyekachi,Male,25-12-1995,Calabar,Cross River,Business Owner,Retail,,09-01-2024
C01396,Funmilayo,Adesanya,Female,28-01-1978,Ogbomoso,Oyo,Salaried,Retail,2700000.0,03-08-2023
C01397,Nnamdi,Aliyu,Male,1979-07-01,Awka,Anambra,Business Owner,Retail,5175201.3,10-04-2019
C01398,Olumide,Yakubu,Male,11-06-1976,Asaba,Delta,Salaried,SME,6352410.9,06-02-2021
C01399,Bukola,Onyekachi,Female,28-09-1995,Awka,Anambra,Civil Servant,Retail,14328321.45,12-07-2022
C01400,Femi,Adeyemi,Male,03-07-1979,Ikeja,Lagos,Salaried,Premium,9491987.4,08-05-2023
C01401,Chukwudi,Ogundipe,Male,13-06-1990,Ikeja,Lagos,Business Owner,Retail,3853362.45,21-11-2019
C01402,Chukwuemeka,adekunle,Male,23-10-2001,Abeokuta,Ogun,Freelancer,SME,10533691.8,27-08-2025
C01403,Ijeoma,Okonkwo,Female,01-07-1975,Zaria,Kaduna,Retired,Premium,27559553.4,09/01/2020
C01404,Simisola,Balogun,Female,20-04-1987,Ikeja,Lagos,Retired,Premium,6461453.7,13-08-2022
C01405,Maryam,olawale,Female,08-05-1978,Lekki,Lagos,Retired,Premium,6650628.45,23-02-2020
C01406,Ibrahim,Adeyemi,Male,19-03-2004,Benin City,Edo,Freelancer,Retail,7717760.4,14-06-2018
C01407,Yusuf,Ibe,MALE,12/02/1975,Enugu,Enugu,Retired,Corporate,-17837558.7,12-01-2018
C01408,Chiamaka,obi,Female,01-12-1967,Nsukka,Enugu,Business Owner,Retail,5062311.0,11-08-2022
C01409,Nkechi,Aliyu,Female,22-09-2002,Ibadan,Oyo,Business Owner,Retail,19580921.25,10-02-2020
C01410,Segun,Okoro,Male,09-08-1991,Enugu,Enugu,Freelancer,Retail,4392139.05,23-02-2023
C01411,Oluwaseun,Balogun,Male,14-04-1978,Zaria,Kaduna,Student,Retail,5014546.5,10-12-2023
C01412,Halima,Ogunleye,Female,1997-08-12,Warri,Delta,Student,Retail,4792320.0,2021-01-09
C01413,Chukwuemeka,Adekunle,Male,04/15/1990,Abeokuta,Ogun   ,Salaried,SME,9133813.5,01-01-2021
C01414,Ayodele,Adesanya,Male,23-05-1993,Uyo,Akwa Ibom,Salaried,Retail,13449627.6,2024-05-12
C01415,Godwin,Suleiman,Male,05/09/1975,Asaba,Delta,Freelancer,SME,19345981.05,07/29/2023
C01416,Ayodele,Olawale,Male,01-03-1960,Zaria,Kaduna,Student,Retail,9910702.2,03-03-2020
C01417,Nnamdi,Nwankwo,Male,10-12-1966,Abeokuta,Ogun,Freelancer,Premium,9459832.35,07/05/2022
C01418,Chidi,Adeyemi,Male,12-10-1996,Abuja,FCT,Business Owner,Retail,6420514.2,01-01-2022
C01419,Chukwudi,Musa,Male,11-09-1975,Kaduna,Kaduna,Retired,Retail,5716579.35,16-07-2019
C01420,Funmilayo,Musa,Female,07-01-1986,Enugu,Enugu,Freelancer,Retail,7529376.45,10-07-2019
C01421,Yakubu,Okoro,Male,12-04-1973,Enugu,Enugu,Business Owner,Retail,22580752.2,27-08-2020
C01422,Sunday,obi,Male,26-02-1967,Abuja,FCT,Student,Retail,9567634.65,09/23/2025
C01423,Aisha,Chukwuma,Female,03/22/1994,Benin City,Edo,Civil Servant,Corporate,5940000.0,30-12-2018
C01424,Olumide,Ajayi,Male,19-04-1997,  Zaria,Kaduna,Civil Servant,Retail,5970886.95,04-02-2019
C01425,Chukwuemeka,Afolabi,Male,11/09/1961,Lekki,Lagos,Self Employed,Retail,9871700.1,20-03-2020
C01426,Rukayat,Sanni,Female,02-08-1978,Port Harcourt,Rivers,Freelancer,Premium,8856985.8,12-05-2021
C01427,Olumide,Ibe,Male,03-12-1969,Ogbomoso,Oyo,Retired,SME,5538735.45,19-12-2019
C01428,Olamide,Umeh,Male,25-02-1966,Ogbomoso,Oyo,Business Owner,Retail,3333814.95,02-01-2026
C01429,Segun,Garba,Male,17-11-1995,Zaria,Kaduna,Student,SME,14320419.6,07-10-2022
C01430,Ayodele,Eze,Male,09-08-1999,Abeokuta,Ogun,Student,Retail,25831590.45,25-04-2021
C01431,Kayode,Ogunleye,Male,03-08-1994,Ibadan,Oyo,Freelancer,SME,3780000.0,08-11-2025
C01432,Musa,Danjuma,Male,16-09-1967,Calabar,Cross River,Retired,Retail,10843903.65,07-01-2020
C01433,Ibrahim,Uzoma,Male,08-03-1974,Calabar,Cross River,Retired,SME,9480266.7,12-03-2024
C01434,Godwin,Olawale,male,1981-09-18,Warri,Delta,Student,Retail,4026598.2,03-07-2023
C01435,Femi,Chukwu,Male,23-04-1968,Nsukka,Enugu,Freelancer,Premium,12496941.3,11-08-2021
C01436,Adewale,Sanni,Male,09-11-1970,Jos,Plateau,Freelancer,Wealth,16992191.7,05-05-2018
C01437,Maryam,Nwosu,Female,25-03-1980,Warri,Delta,Salaried,Corporate,16805484.0,04-12-2022
C01438,Adaeze,Balogun,Female,02-06-2001,Calabar,Cross River,Business Owner,Corporate,26425507.05,02-04-2022
C01439,Amaka,Ibe,Female,10-11-1992,Asaba,Delta,Business Owner,Corporate,11408164.35,05-07-2023
C01440,Yetunde,eze,Female,06-03-1964,Zaria,Kaduna,Student,SME,5489022.15,15-06-2018
C01441,Ayodele,Fashola,Male,01-08-1987,Zaria,Kaduna,Business Owner,Retail,11913453.15,13-02-2026
C01442,Uche,Obi,Male,05-09-1977,Zaria,Kaduna,Business Owner,Retail,7173016.95,22-02-2022
C01443,Titi,Ogundipe,Female,27-05-1983,Ikeja,Lagos,Salaried,Retail,8676472.05,24-07-2022
C01444,Chidi,Adeyemi,Male,20-07-1975,Nsukka,Enugu,Self Employed,SME,10729042.35,22-09-2018
C01445,Tunde,Afolabi,Male,04-01-1977,Ikeja,Lagos,Business Owner,SME,5664843.9,06-01-2025
C01446,Adaobi,Adeyemi,Female,18-03-2001,Benin City,Edo,Freelancer,SME,9095767.8,08-02-2020
C01447,Adaeze,Aliyu,Female,13-02-2001,Zaria,Kaduna,Student,,10800820.65,05/03/2021
C01448,Omolara,Chukwuma,Female,14-04-1961,Abeokuta,Ogun,Salaried,Corporate,25868990.1,08-03-2023
C01449,Damilare,Sanni,Male,05/21/1984,Ikeja,Lagos,Self Employed,Retail,3832128.0,10-07-2022
C01450,Adewale,Adekunle,Male,06/11/2003,Enugu,Enugu,Student,Retail,4604944.8,26-03-2022
C01451,Segun,Obi,Male,28-05-1986,Awka,Anambra,Freelancer,Retail,9758069.55,23-03-2019
C01452,Emeka,Chukwuma,Male,23-09-1975,Uyo,Akwa Ibom,Business Owner,Retail,5474415.6,09/14/2025
C01453,Patience,Obi,Female,07-04-1978,Ikeja,Lagos,Retired,SME,3780000.0,14-07-2021
C01454,Omolara,Aliyu,Female,12/08/1985,Asaba,Delta,Retired,SME,12759249.15,03/26/2023
C01455,Ronke,Sanni,Female,20-01-1994,Asaba,Delta,Self Employed,Wealth,15215072.85,06-07-2019
C01456,Fatima,Afolabi,Female,08-06-2001,Ibadan,Oyo,Business Owner,Retail,6057429.3,14-05-2022
C01457,Sunday,Ogunleye,Male,1989-09-28,Asaba,Delta,Self Employed,Retail,9555932.4,04-05-2020
C01458,Kayode,Adesanya,Male,04-10-1961,Lagos,Lagos,,Retail,5553707.1,20-09-2025
C01459,Yetunde,Afolabi,Female,21-08-1981,Ibadan,Oyo,Salaried,Premium,8752423.65,18-12-2024
C01460,Amara,Bello,Female,20-06-1985,Nsukka,Enugu,Salaried,Corporate,12052695.3,18-01-2024
C01461,Ayodele,Abiola,Male,13-04-1974,Awka,Anambra,Self Employed,Retail,5699295.3,09-02-2026
C01462,Halima,Bello,Female,20-10-1973,Abeokuta,Ogun,Salaried,Retail,3187213.35,2019-01-13
C01463,Grace,Onyekachi,Female,24-12-1962,Benin City,Edo,Freelancer,SME,6198107.55,29-03-2018
C01464,Funmilayo,Chukwuma,Female,1975-08-13,Onitsha,Anambra,Salaried,Retail,6771512.4,22-06-2018
C01465,Bisi,Nwosu,Female,07-09-1963,Nsukka,Enugu   ,Self Employed,Retail,5191262.25,06-09-2025
C01466,Adewale,Umeh,Male,24-06-1964,Jos,Plateau,Student,Retail,4667438.85,01-06-2024
C01467,Nnamdi,Obi,Male,28-11-1991,Asaba,Delta,Retired,Retail,13330128.3,16-12-2020
C01468,Funmilayo,Chukwuma,Female,02/08/1962,Awka,Anambra,Business Owner,Retail,8517115.95,30-08-2020
C01469,Ayodele,Obi,Male,24-09-2002,Kaduna,Kaduna,Civil Servant,SME,6218370.45,25-06-2025
C01470,Oluwaseun,Abiola,MALE,23-12-1988,  Uyo,Akwa Ibom,Business Owner,Retail,12302458.05,16-03-2021
C01471,Ngozi,Adebayo,Female,01/23/1971,Lekki,Lagos,Retired,Wealth,8100000.0,03-06-2024
C01472,Wale,Ibe,Male,27-05-2002,Ibadan,Oyo,Retired,Premium,15293006.85,25-04-2021
C01473,Kayode,Adesanya,Male,19-06-1994,Port Harcourt,Rivers,Business Owner,Retail,11701741.35,29-03-2018
C01474,Hauwa,Musa,Female,20-10-1979,Zaria,Kaduna,Retired,Corporate,5940000.0,12-04-2024
C01475,Grace,Ibe,Female,23-10-1986,Ikeja,Lagos,Student,Retail,7079485.95,06-05-2018
C01476,Adaeze,Aliyu,Female,07-12-1971,Jos,Plateau,Freelancer,Retail,6798743.25,09/26/2020
C01477,Grace,Adeyemi,Female,18-11-1968,Zaria,Kaduna,Business Owner,Corporate,9587641.2,03-05-2018
C01478,Obinna,adesanya,Male,19-07-1969,Calabar,Cross River,Retired,Corporate,15335930.55,16-04-2022
C01479,Temitope,Abiola,Female,14-06-1984,Lekki,Lagos,Salaried,Premium,19893068.4,15-07-2025
C01480,Chidi,ekwueme,Male,11-09-1972,Port Harcourt,Rivers,Self Employed,Premium,8940835.65,03-08-2024
C01481,Chiamaka,Yusuf,Female,21-05-1992,Awka,Anambra,Retired,SME,3780000.0,20-05-2022
C01482,Chinedu,Ezeh,Male,04-01-1964,Ibadan,Oyo,Retired,SME,15328257.0,03-10-2021
C01483,Segun,Okonkwo,Male,13-02-1963,Lagos,Lagos,Freelancer,Retail,7684826.25,2021-08-09
C01484,Bukola,Garba,Female,25-07-1989,Ikeja,Lagos,Freelancer,Retail,7725604.35,12-08-2019
C01485,Temitope,Yakubu,Female,21-04-1983,Ikeja,Lagos,,Retail,2700000.0,27-10-2019
C01486,Simisola,nwankwo,Female,1988-03-24,Ikeja,Lagos,Civil Servant,,18819279.45,25-03-2024
C01487,Rukayat,Afolabi,Female,21-12-1991,Warri,Delta,Business Owner,SME,5517988.95,07-01-2026
C01488,Chinedu,Chukwuma,Male,13-06-1972,Abeokuta,Ogun,Freelancer,Retail,6947113.05,21-02-2019
C01489,Bisi,Nwachukwu,Female,01-03-1998,Warri,Delta,Self Employed,Retail,4194181.2,31-03-2023
C01490,Funmilayo,Umeh,Female,12-10-1994,Kaduna,Kaduna,Business Owner,Retail,3911042.1,19-12-2020
C01491,Segun,Uzoma,Male,06-12-1963,Lekki,Lagos,Civil Servant,SME,7649579.1,02-11-2022
C01492,Bayo,Adeyemi,Male,08-01-1978,  Benin City,Edo,Self Employed,Retail,18448527.75,13-03-2023
C01493,Chinedu,Okafor,Male,06-09-2002,Kaduna,Kaduna,Civil Servant,SME,27278925.45,17-01-2025
C01494,Yetunde,Danjuma,Female,14-09-1976,Nsukka,Enugu,Self Employed,Retail,7818475.95,11-10-2022
C01495,Obinna,Nnaji,Male,04-04-1994,Enugu,Enugu,Business Owner,SME,3780000.0,26-07-2020
C01496,Maryam,Ibe,Female,01-12-1988,Lekki,Lagos,Freelancer,Retail,10102249.8,03-05-2019
C01497,Emmanuel,Ogunleye,Male,02-12-1990,Jos,Plateau,Salaried,Retail,11400695.85,04-02-2022
C01498,Ifeoma,Ibe,Female,05-09-1984,Lagos,Lagos,,Retail,9823344.3,15-10-2019
C01499,Ijeoma,Okonkwo,Female,11/28/1985,Warri,Delta,Student,Premium,6000779.7,21-05-2024
C01500,Aliyu,Ibe,Male,21-09-1964,Port Harcourt,Rivers,Retired,Corporate,6634034.55,16-08-2024
C01501,Emmanuel,Yusuf,Male,08-05-2003,Calabar,Cross River,Self Employed,Retail,7668323.7,2018-06-04
C01502,Patience,Okonkwo,Female,23-10-1962,Onitsha,Anambra,Retired,Premium,16691838.75,2021-04-10
C01503,Nkechi,Obi,Female,11-10-1979,Port Harcourt,Rivers,Business Owner,SME,11715510.0,25-01-2023
C01504,Titi,Ekwueme,Female,26-08-1992,Calabar,Cross River,Self Employed,Corporate,8442566.25,18-01-2024
C01505,Halima,Bello,Female,15-10-1961,Abeokuta,Ogun,Retired,Retail,16067214.15,07-09-2019
C01506,Chukwuemeka,Obi,Male,17-07-1996,Abuja,FCT   ,Freelancer,Retail,3222201.0,20-12-2023
C01507,Ikechukwu,Ogundipe,Male,01-09-2003,Onitsha,Anambra,Freelancer,Retail,3012159.0,08-01-2021
C01508,Bayo,Obi,M,25-06-2002,Lagos,Lagos,Salaried,Wealth,14818582.35,19-07-2025
C01509,Chiamaka,Danjuma,Female,18-05-1970,Asaba,Delta,Retired,Retail,5079049.95,03-06-2022
C01510,Chioma,Balogun,Female,1968-06-27,Nsukka,Enugu,Student,SME,5430658.8,29-06-2020
C01511,Adaeze,Afolabi,Female,04-10-1994,Nsukka,Enugu,Self Employed,Retail,8550348.9,07-11-2021
C01512,Maryam,Musa,Female,06-10-1970,Ibadan,Oyo,Civil Servant,Retail,12568831.5,04-07-2020
C01513,Amaka,Chukwu,Female,23-09-1966,Zaria,Kaduna,Salaried,Retail,6548715.45,03-11-2024
C01514,Yusuf,Nwosu,Male,10-11-1991,Onitsha,Anambra,Freelancer,SME,6726747.75,09/30/2023
C01515,Chukwuemeka,Fashola,Male,16-02-1964,Lekki,Lagos,Business Owner,Premium,8047980.15,04-06-2018
C01516,Ikechukwu,Adebayo,Male,13-04-1983,  Warri,Delta,Civil Servant,Retail,4907313.6,06-06-2020
C01517,Bayo,Suleiman,Male,1983-10-07,Abeokuta,Ogun,Student,SME,8014093.65,07-01-2023
C01518,Bukola,Yusuf,Female,20-01-1962,Onitsha,Anambra,Salaried,Retail,19537087.95,25-05-2018
C01519,Bayo,Okafor,Male,13-08-1971,Uyo,Akwa Ibom,Student,Premium,14076872.85,28-01-2018
C01520,Kayode,Adeyemi,Male,08-03-1983,Benin City,Edo,Self Employed,SME,11079080.7,17-09-2021
C01521,Ngozi,umeh,Female,02-07-1987,Calabar,Cross River,Business Owner,Wealth,45420768.9,08-05-2021
C01522,Amaka,Balogun,Female,23-08-1968,Abeokuta,Ogun,Freelancer,Retail,3670108.2,06-08-2024
C01523,Musa,Yusuf,Male ,26-06-1983,Ogbomoso,Oyo,Salaried,Premium,13609149.6,10-10-2025
C01524,Ibrahim,adesanya,Male,05-01-1981,Ogbomoso,Oyo,Salaried,SME,5816364.6,26-08-2020
C01525,Ijeoma,Ogundipe,Female,26-02-2001,Port Harcourt,Rivers,Salaried,Retail,5338150.05,08-11-2023
C01526,Amaka,Fashola,Female,14-11-2000,Nsukka,Enugu,Student,Premium,8558812.95,30-07-2024
C01527,NGOZI,Ogundipe,Female,16-03-1991,Abuja,FCT,Freelancer,Wealth,9712634.4,20-08-2022
C01528,Tunde,Nnaji,Male,1960-03-12,Port Harcourt,Rivers,Self Employed,SME,16192064.25,08-12-2025
C01529,Kemi,Adekunle,Female,05-12-1966,Calabar,Cross River,Retired,Retail,3962655.9,15-01-2019
C01530,Ikechukwu,Ibrahim,Male,01-12-1984,Ikeja,Lagos,Freelancer,SME,9589120.95,2024-03-14
C01531,Adewale,Umeh,Male,18-01-1982,Jos,Plateau,Self Employed,Retail,6277586.1,04-12-2021
C01532,Blessing,Ogunleye,Female,09-06-1989,Kaduna,Kaduna,Self Employed,Corporate,10321542.0,28-05-2024
C01533,Ikechukwu,Nnaji,Male,20-03-1980,Ikeja,Lagos,Freelancer,Retail,9603357.75,23-02-2019
C01534,Musa,Nwachukwu,Male,28-09-1963,Ibadan,Oyo,Student,Retail,6219203.4,2025-09-16
C01535,Suleiman,Olawale,Male,1972-08-26,Nsukka,Enugu,Business Owner,Premium,6473997.3,01/15/2020
C01536,Adaobi,Musa,Female,19-10-1969,Abeokuta,Ogun,Business Owner,SME,5872518.9,16-05-2025
C01537,Yetunde,Garba,Female,1964-11-10,Lekki,Lagos,Freelancer,Retail,7064913.0,28-09-2020
C01538,Hauwa,Nwachukwu,Female,11-04-1994,Lekki,Lagos,Self Employed,Premium,8751468.15,24-10-2019
C01539,Tobi,Olawale,Male,01-04-1978,Ibadan,Oyo,Self Employed,Premium,8829772.8,05-01-2023
C01540,Bisi,Fashola,Female,01-08-1997,Abuja,FCT,Retired,Retail,3803272.65,01-08-2023
C01541,Bayo,Adekunle,Male,23-08-1973,Asaba,Delta,Self Employed,SME,6299537.1,04-09-2019
C01542,Chukwuemeka,adekunle,Male,02/05/2003,Lagos,Lagos,Self Employed,Corporate,9184450.05,04-06-2018
C01543,Ijeoma,Abiola,Female,16-09-1976,Ikeja,Lagos,Freelancer,Premium,12377645.4,12-05-2020
C01544,Godwin,Chukwuma,Male,12-09-2002,Uyo,Akwa Ibom,Salaried,Retail,8220536.4,13-02-2021
C01545,Aisha,Olawale,Female,21-07-1975,Awka,Anambra,Salaried,Retail,9260639.1,21-11-2021
C01546,Precious,Yusuf,Female,19-12-1973,Abeokuta,Ogun,Freelancer,SME,4246970.55,09-04-2018
C01547,Wale,Sanni,Male,16-04-1979,Warri,Delta,Salaried,Retail,13502625.9,19-06-2024
C01548,Temitope,Okoro,Female,07-02-1990,Ogbomoso,Oyo,Salaried,Premium,11941280.85,06-02-2025
C01549,Bayo,Afolabi,Male,07-02-1969,Port Harcourt,Rivers,Salaried,Retail,13853011.2,17-10-2024
C01550,CHINEDU,Chukwu,Male,13-02-1967,Warri,Delta,Student,Retail,4331247.15,12-07-2019
C01551,Segun,Nwachukwu,Male,17-12-2002,Onitsha,Anambra,Business Owner,Corporate,24280673.7,05/31/2024
C01552,Chukwudi,Okonkwo,Male,11-07-1987,Nsukka,Enugu,Self Employed,Retail,,01-03-2021
C01553,Fatima,Umeh,Female,10-02-1966,Abeokuta,Ogun,Civil Servant,Retail,7268610.45,19-06-2024
C01554,Amara,Ezeh,Female,20-03-1968,Onitsha,Anambra   ,Salaried,Retail,8851700.1,07-05-2025
C01555,Kayode,Aliyu,Male,22-12-1973,Lagos,Lagos,Salaried,Premium,6165268.05,26-07-2020
C01556,Titi,Okoro,Female,09-03-1967,Jos,Plateau,Business Owner,Retail,16516576.95,18-06-2019
C01557,Olamide,Nwachukwu,Male,03-05-1961,Nsukka,Enugu,Retired,SME,8284359.15,20-07-2023
C01558,Yetunde,Ezeh,Female,20-03-1963,Benin City,Edo,Retired,Premium,9850963.2,02-04-2018
C01559,Hauwa,Yakubu,Female,05-03-1974,Ogbomoso,Oyo,Business Owner,SME,15849144.75,12-10-2019
C01560,Funmilayo,Balogun,Female,23-12-1974,Lagos,Lagos,Retired,SME,4541072.4,03/05/2025
C01561,Precious,Ekwueme,Female,26-07-1983,Jos,Plateau,Business Owner,Retail,3176286.0,2022-10-08
C01562,Chukwuemeka,Sanni,Male,16-05-1975,Abeokuta,Ogun,Civil Servant,SME,8960434.35,08-10-2023
C01563,Amara,Yakubu,Female,01-04-1962,Asaba,Delta,Student,SME,13587878.25,05-02-2021
C01564,Chioma,Sanni,Female,14-03-1991,Warri,Delta,Civil Servant,Retail,7236914.85,30-08-2019
C01565,Emmanuel,Danjuma,Male,04-12-1961,Lekki,Lagos,Student,Wealth,28514997.9,30-01-2023
C01566,Adaeze,Ibrahim,female,15-01-1975,Asaba,Delta,Business Owner,Premium,,28-03-2020
C01567,Funmilayo,Nwosu,Female,23-02-1971,Ibadan,Oyo,Student,Retail,2963936.55,11-10-2022
C01568,Funmilayo,Yakubu,Female,16-05-1998,Ogbomoso,Oyo,Self Employed,Retail,2798452.2,2022-12-06
C01569,Olamide,Uzoma,Male,14-07-1987,Benin City,Edo,Freelancer,SME,3780000.0,30-04-2023
C01570,Sunday,Yusuf,Male,09-01-1962,Lagos,Lagos,Salaried,Retail,5993423.4,23-04-2019
C01571,Oluwaseun,Balogun,Male,16-10-1988,Ikeja,Lagos,Retired,Premium,7435312.65,11-03-2024
C01572,Kelechi,Fashola,Male,28-12-1996,Warri,Delta,Business Owner,Premium,18459630.3,07-12-2019
C01573,Chioma,Adekunle,Female,20-10-1976,Ikeja,Lagos,Student,Retail,10034910.45,18-10-2024
C01574,Precious,Chukwuma,Female,08-11-1991,Zaria,Kaduna,Student,Premium,5967446.25,10/05/2024
C01575,Bisi,Ibe,Female,1978-02-14,Calabar,Cross River,Self Employed,SME,6888644.7,13-08-2020
C01576,Halima,Adekunle,Female,06-07-1980,Abeokuta,Ogun,Retired,Retail,9585940.65,17-05-2024
C01577,Emmanuel,Nwankwo,Male,26-08-1999,Asaba,Delta,Self Employed,Retail,3809403.75,29-03-2023
C01578,Suleiman,Adekunle,Male,27-08-1992,Ikeja,Lagos,Freelancer,SME,13359312.15,18-06-2025
C01579,Bisi,Sanni,Female,21-11-2000,Lagos,Lagos,Freelancer,Retail,33299497.8,14-11-2025
C01580,Halima,Ibrahim,Female,20-09-1996,Abuja,FCT,Freelancer,Retail,3271187.55,13-09-2023
C01581,Ronke,Obi,Female,13-09-1964,Lagos,Lagos,Business Owner,SME,7497250.8,08-11-2023
C01582,Abubakar,Adekunle,Male,15-10-1974,Zaria,Kaduna,Civil Servant,Wealth,8100000.0,28-11-2020
C01583,Precious,Eze,Female,16-07-1962,Calabar,Cross River,Retired,Retail,16621496.4,15-12-2018
C01584,Temitope,Umeh,Female,03-07-1998,Awka,Anambra,Self Employed,Corporate,14902812.9,23-09-2024
C01585,Nnamdi,Ogundipe,Male,05-09-1995,Ogbomoso,Oyo,Business Owner,Retail,11671245.6,26-06-2018
C01586,Bukola,Nwosu,Female,23-04-1982,Lekki,Lagos,Retired,Retail,7232803.8,15-03-2025
C01587,Titi,Abiola,Female,10-08-1971,Enugu,Enugu,Business Owner,Premium,22914789.6,03/15/2019
C01588,Amara,Eze,Female,22-11-1997,Jos,Plateau,,Premium,5186965.35,2025-03-05
C01589,CHUKWUDI,Chukwuma,Male,13-07-1999,Awka,Anambra,Salaried,Retail,6060007.05,24-12-2022
C01590,Amara,Obi,Female,11-09-1969,Lagos,Lagos,Retired,Retail,3760732.95,02/18/2024
C01591,Damilare,Eze,Male,19-09-1960,Port Harcourt,Rivers,Retired,Wealth,28483640.1,2018-06-18
C01592,Yusuf,Garba,Male,13-05-1968,Ogbomoso,Oyo,Civil Servant,Retail,5874413.25,13-05-2021
C01593,Folake,Aliyu,Female,19-02-1973,Warri,Delta,Civil Servant,SME,10880670.3,10-08-2020
C01594,Chinedu,Uzoma,Male,14-12-1990,Nsukka,Enugu,Student,SME,5215329.0,2021-09-23
C01595,Hauwa,Musa,Female,09-06-1970,Lagos,Lagos,Business Owner,Corporate,14517573.45,04/17/2025
C01596,Amara,Adesanya,Female,10-12-1972,Ikeja,Lagos,Freelancer,Retail,10566308.55,07-06-2023
C01597,Olumide,Uzoma,Male,23-03-1993,Warri,Delta,Student,Retail,7680017.85,07-03-2023
C01598,AMARA,Aliyu,Female,09-02-1969,Calabar,Cross River,Retired,Retail,4241685.75,27-01-2020
C01599,Bisi,Ajayi,Female,09-07-2000,Ibadan,Oyo,Freelancer,Retail,8420001.9,08-12-2024
C01600,Tobi,Ekwueme,Male,05/17/1988,Calabar,Cross River,Salaried,Retail,3693486.75,24-05-2019
C01601,Femi,Chukwuma,Male,20-12-1968,Abuja,FCT,Business Owner,Premium,11559017.55,10-04-2019
C01602,Damilare,Ogunleye,Male,14-02-1990,Warri,Delta,Student,Premium,13962057.0,11-07-2021
C01603,Aliyu,Nwankwo,Male,21-12-1986,Enugu,Enugu,Student,Retail,6761464.2,12-06-2023
C01604,Ijeoma,Musa,Female,20-01-1963,Lagos,Lagos,,Premium,17017863.45,12-07-2018
C01605,Ronke,Umeh,Female,22-07-1984,Awka,Anambra,Student,SME,-26242773.0,31-07-2023
C01606,Grace,Obi,Female,26-06-1963,Ogbomoso,Oyo,Student,Retail,12019553.25,24-10-2021
C01607,Ibrahim,Fashola,Male,15-10-1961,Calabar,Cross River,Student,Corporate,11197893.0,20-06-2019
C01608,Patience,Ajayi,Female,1983-05-26,Enugu,Enugu,Business Owner,Retail,5833654.65,09-11-2025
C01609,Chukwuemeka,Musa,Male,13-02-1963,  Awka,Anambra,Freelancer,Premium,13875150.75,28-07-2025
C01610,Temitope,Uzoma,Female,04-03-1970,Ogbomoso,Oyo,Business Owner,Retail,10854474.9,02-07-2022
C01611,Ayodele,Ogundipe,Male,03-10-1980,Port Harcourt,Rivers,Business Owner,Retail,4213161.3,24-08-2023
C01612,Chioma,Fashola,Female,21-09-1994,Benin City,Edo,Retired,Retail,6315247.65,08-06-2019
C01613,Simisola,Chukwuma,Female,19-03-1965,Nsukka,Enugu,Student,Premium,25283026.5,07/07/2019
C01614,Amaka,Ezeh,Female,21-03-1976,  Ogbomoso,Oyo,Self Employed,SME,9623437.5,2022-10-28
C01615,Blessing,Obi,Female,24-10-2004,Uyo,Akwa Ibom,Business Owner,Retail,46243602.75,07-10-2023
C01616,Ngozi,Olawale,Female,04-03-1979,Abeokuta,Ogun,,Premium,15176119.5,13-07-2018
C01617,Suleiman,Nwachukwu,Male,09-07-2003,Ikeja,Lagos,Civil Servant,Retail,4631487.6,02-04-2019
C01618,Uche,Adeyemi,Male,23-03-1972,Port Harcourt,Rivers,Student,Wealth,12854632.95,01-12-2022
C01619,Tunde,Ogundipe,Male,22-04-1973,Ibadan,Oyo,Self Employed,Retail,11140713.75,23-03-2024
C01620,Sunday,Obi,Male,06-11-1984,Calabar,Cross River,Salaried,SME,16603490.55,21-10-2024
C01621,Funmilayo,Adekunle,Female,09-01-1975,Ibadan,Oyo,Freelancer,Retail,7573271.85,02/12/2024
C01622,Chinedu,Uzoma,Male,20-05-1969,Zaria,Kaduna,Freelancer,SME,7554036.9,02/11/2025
C01623,Maryam,Nwankwo,F,23-02-1992,Asaba,Delta,Business Owner,SME,8294891.7,07-12-2019
C01624,Chinedu,Adeyemi,Male,22-05-1976,Benin City,Edo,,Wealth,13441303.35,21-01-2022
C01625,Emmanuel,Garba,Male,20-10-1990,Warri,Delta,Freelancer,Retail,10214985.3,06-09-2024
C01626,Titi,Umeh,Female,15-09-1969,Asaba,Delta,Retired,Wealth,20226288.15,02-12-2023
C01627,Rukayat,Uzoma,Female,20-12-1969,Zaria,Kaduna,Student,Retail,7230107.4,21-08-2025
C01628,Godwin,Ezeh,Male,08-07-1976,Port Harcourt,Rivers,Business Owner,Retail,9581623.95,26-06-2019
C01629,Obinna,Adebayo,Male,08-11-1995,Nsukka,Enugu,Civil Servant,Premium,7878155.1,31-03-2025
C01630,Tunde,Uzoma,Male,13-01-1991,Calabar,Cross River,Freelancer,SME,6675786.75,2024-06-25
C01631,Godwin,Musa,male,1973-03-05,Calabar,Cross River,Retired,Retail,5487142.05,01/30/2025
C01632,AMAKA,Nwankwo,Female,26-09-2002,Abuja,FCT,Self Employed,Premium,,07-03-2022
C01633,Adewale,Yusuf,Male,05/02/1965,Ibadan,Oyo,Freelancer,SME,5312651.25,15-12-2018
C01634,Chukwudi,Afolabi,Male ,26-01-1992,Lekki,Lagos,Self Employed,Retail,4921554.45,13-07-2021
C01635,Ifeoma,Ogunleye,Female,11-10-1986,Awka,Anambra,Self Employed,SME,3780000.0,15-01-2018
C01636,Funmilayo,Chukwu,Female,24-06-1977,Uyo,Akwa Ibom,Student,Premium,11208151.5,30-06-2025
C01637,Ibrahim,Ogundipe,M,03-05-1987,Ibadan,Oyo,Freelancer,Retail,12454119.9,05-01-2019
C01638,Amaka,Nwachukwu,Female,26-01-1978,Enugu,Enugu,Retired,Retail,5033931.45,07-04-2023
C01639,Musa,Afolabi,Male,01-10-1993,Ikeja,Lagos,Business Owner,Retail,7133656.95,19-03-2024
C01640,Segun,Ogunleye,Male,24-09-1984,Port Harcourt,Rivers,Retired,Premium,13695405.45,16-08-2020
C01641,Tobi,Uzoma,Male,18-09-1987,Calabar,Cross River,Business Owner,Retail,7669941.9,06-05-2018
C01642,Emeka,Umeh,Male,06-07-1997,Uyo,Akwa Ibom,Freelancer,Retail,14097500.25,01-09-2024
C01643,Kayode,Afolabi,Male,03-01-1968,Enugu,Enugu,Student,Retail,2736879.75,02-03-2018
C01644,Halima,Olawale,Female,28-09-1965,Awka,Anambra,Business Owner,Retail,5745677.25,22-09-2023
C01645,Maryam,Adebayo,Female,16-08-1967,Onitsha,Anambra,Student,Retail,11982577.95,02-10-2024
C01646,Temitope,Ezeh,Female,18-02-1964,Abeokuta,Ogun,Self Employed,Premium,24155726.55,11/20/2022
C01647,Yusuf,Eze,Male,05-03-1971,Benin City,Edo,Freelancer,Premium,11437034.55,18-12-2020
C01648,Maryam,abiola,Female,04-03-1977,Uyo,Akwa Ibom,Student,SME,7569419.1,03-09-2023
C01649,Sunday,Ibrahim,Male,1960-10-05,Port Harcourt,Rivers,Freelancer,Retail,13274574.75,23-07-2018
C01650,Aliyu,Nwachukwu,Male,08-07-2000,  Warri,Delta,Self Employed,SME,17571409.35,07/12/2019
C01651,Musa,Adebayo,Male,17-03-1990,Benin City,Edo,Civil Servant,Retail,7219477.65,31-12-2018
C01652,Chinedu,Abiola,Male,27-11-1993,Kaduna,Kaduna,Self Employed,Retail,4302201.15,16-09-2022
C01653,Emeka,Ibrahim,Male,09/26/1984,Warri,Delta,Retired,Corporate,25067684.7,2022-03-03
C01654,Ifeanyi,Umeh,Male,28-03-1999,Lagos,Lagos,Freelancer,Retail,8237563.8,2022-01-25
C01655,Ibrahim,Fashola,Male,27-01-1988,Enugu,Enugu,Student,Premium,5869417.65,16-11-2020
C01656,Kemi,Yusuf,Female,26-10-1992,Warri,Delta,Student,Retail,12876678.45,26-08-2024
C01657,Aliyu,Ogundipe,Male,28-04-1996,Calabar,Cross River,Student,SME,6467857.8,2018-12-27
C01658,Chukwudi,Okoro,Male,16-03-1992,Abuja,FCT,Business Owner,Retail,4508198.7,23-09-2021
C01659,Bukola,Uzoma,Female,25-06-1969,Ikeja,Lagos,Business Owner,Premium,13662189.6,2020-05-23
C01660,Blessing,Nwankwo,Female,17-05-1988,Uyo,Akwa Ibom,Retired,Corporate,23153919.0,05-09-2018
C01661,Amaka,Ekwueme,Female,14-09-1977,Ibadan,Oyo,Business Owner,Retail,6108989.25,29-01-2024
C01662,Hauwa,Aliyu,Female,10-09-1972,Zaria,Kaduna,Self Employed,Wealth,15937191.9,22-01-2024
C01663,Amara,Chukwuma,Female,02-06-1981,Ikeja,Lagos,Student,Retail,6171383.4,14-12-2024
C01664,Emmanuel,Bello,Male,12-02-1982,Onitsha,Anambra,Retired,Wealth,,27-09-2021
C01665,Uche,Adekunle,Male,16-01-1966,Onitsha,Anambra,Business Owner,Premium,12084255.75,23-04-2021
C01666,Ngozi,Ogundipe,Female,2003-07-02,Jos,Plateau,,Premium,5198499.0,14-07-2021
C01667,Amaka,Ogundipe,Female,22-02-2004,Benin City,Edo,Salaried,Retail,3598149.3,13-02-2018
C01668,Grace,Aliyu,Female,02-12-1986,Abeokuta,Ogun,Freelancer,Retail,4158721.8,12-09-2025
C01669,Emmanuel,Musa,Male,21-08-1976,Lekki,Lagos,Student,SME,7099303.05,24-11-2025
C01670,Tobi,Okoro,Male,20-08-1968,Nsukka,Enugu,Civil Servant,Premium,13655368.05,09-02-2018
C01671,Damilare,Yusuf,Male,20-11-1978,Ibadan,Oyo,Civil Servant,Retail,3417915.45,10-02-2021
C01672,Godwin,Balogun,Male,07-01-1968,Uyo,Akwa Ibom,Civil Servant,Retail,6772303.95,2024-02-02
C01673,Segun,Adesanya,Male,04-10-2000,Awka,Anambra,Retired,Wealth,40004075.25,11-01-2022
C01674,Damilare,Yakubu,Male,22-06-1975,Uyo,Akwa Ibom,Student,Premium,7085717.25,18-06-2023
C01675,Tobi,Chukwuma,Male,21-01-1996,Lekki,Lagos,Salaried,Retail,21521479.8,18-02-2024
C01676,Adanna,Uzoma,Female,09-08-1988,Ibadan,Oyo,Freelancer,Retail,8463109.2,18-08-2025
C01677,Ibrahim,Chukwuma,Male,07-11-1973,Port Harcourt,Rivers,Civil Servant,Premium,7426569.45,28-05-2022
C01678,Adaeze,Ibrahim,Female,25-07-1989,Kaduna,Kaduna,Civil Servant,SME,5740773.3,26-10-2018
C01679,Adanna,Balogun,Female,11-07-1973,Kaduna,Kaduna,Self Employed,Retail,10522565.4,2024-07-12
C01680,Nkechi,Danjuma,Female,22-03-2000,Ikeja,Lagos,Business Owner,SME,11630177.55,26-01-2019
C01681,Yakubu,Mohammed,Male,26-12-1960,Warri,Delta,Freelancer,Retail,5281111.05,25-01-2024
C01682,Chinedu,Ekwueme,Male,09-09-1986,Calabar,Cross River,Business Owner,Retail,3501369.75,10-08-2025
C01683,Adaobi,Nnaji,Female,25-06-1989,Onitsha,Anambra,Retired,SME,12306081.0,2020-02-02
C01684,Suleiman,ogundipe,Male,24-10-1970,Warri,Delta,Student,Premium,10953087.6,11-07-2025
C01685,Folake,Musa,Female,1960-12-05,Abeokuta,Ogun,Civil Servant,Retail,5600589.9,17-10-2025
C01686,Uche,Mohammed,Male,15-01-1968,Abuja,FCT,Student,Retail,2700000.0,08-11-2025
C01687,Chidi,Garba,Male,26-11-1966,Abeokuta,Ogun,Retired,Premium,14048016.9,04-06-2024
C01688,Obinna,Ajayi,Male,12-11-1960,Kaduna,Kaduna,Retired,Premium,9071433.3,02-03-2022
C01689,Ikechukwu,Abiola,Male,1995-09-03,Onitsha,Anambra,Freelancer,Corporate,33596658.45,30-09-2025
C01690,Adewale,Ibrahim,Male,17-09-1984,Asaba,Delta,Civil Servant,Retail,5443623.3,21-02-2024
C01691,Ronke,Eze,Female,17-03-1998,Ibadan,Oyo,Business Owner,SME,9077014.65,07-08-2018
C01692,Olamide,Chukwuma,Male,06-03-1992,Asaba,Delta,Retired,Premium,11685900.75,21-04-2021
C01693,Olumide,Ezeh,Male,27-11-1968,Calabar,Cross River,Salaried,Wealth,34278953.4,23-09-2022
C01694,Obinna,Nnaji,Male,10/23/1996,Uyo,Akwa Ibom,,Retail,7495048.8,05-01-2026
C01695,Ibrahim,Chukwuma,Male,05-03-1974,Port Harcourt,Rivers,Business Owner,Premium,11797355.1,01/19/2026
C01696,Wale,Chukwu,Male,17-03-1962,Nsukka,Enugu,Civil Servant,Retail,5638578.75,26-08-2025
C01697,Adanna,Ezeh,Female,26-12-1982,Ikeja,Lagos,Retired,Premium,24854833.5,29-01-2019
C01698,Rukayat,Eze,Female,05-04-1994,Abuja,FCT,Freelancer,Corporate,24021787.95,09-09-2025
C01699,Kelechi,Ibe,Male,13-05-1990,Warri,Delta,Business Owner,SME,53506475.4,12-10-2020
C01700,Yakubu,Nwankwo,Male,20-02-1977,Calabar,Cross River,Student,Retail,3175992.75,18-06-2023
C01701,Adanna,Umeh,Female,12-01-1992,Lagos,Lagos,Business Owner,Retail,4384922.1,21-01-2022
C01702,Chioma,Sanni,Female,10-10-1979,Ikeja,Lagos,Student,Corporate,21392308.35,15-03-2020
C01703,Nkechi,Olawale,Female,23-04-1998,Awka,Anambra,Self Employed,Retail,6131208.75,2023-02-02
C01704,Musa,Yakubu,Male,13-03-1968,Nsukka,Enugu,Freelancer,Retail,5293028.4,08-11-2021
C01705,Adanna,Eze,Female,09-06-2004,Calabar,Cross River,,,5503561.5,09/15/2025
C01706,Chioma,Okafor,Female,1966-12-20,Abuja,FCT,Business Owner,SME,5997529.8,22-06-2020
C01707,Sunday,Ibe,Male,26-06-1995,Nsukka,Enugu,Self Employed,Retail,5800881.6,03-12-2020
C01708,Yetunde,Mohammed,Female,08-12-1962,Nsukka,Enugu,Student,Retail,9021804.75,25-04-2018
C01709,Fatima,Suleiman,Female,28-06-1977,Uyo,Akwa Ibom,Retired,Retail,7204684.5,26-12-2025
C01710,Amara,Okonkwo,Female,07-06-2000,Benin City,Edo,Student,Retail,4493316.45,02-03-2026
C01711,Ijeoma,Musa,Female,26-07-1992,Abuja,FCT,Business Owner,Retail,4529025.9,2022-02-24
C01712,Kayode,Adekunle,Male,1994-12-01,Lagos,Lagos,Student,Premium,21065577.9,06-09-2024
C01713,Chukwudi,Olawale,Male,19-06-1980,Port Harcourt,Rivers,Student,Retail,4735318.95,05-02-2021
C01714,Bukola,Onyekachi,Female,25-06-1975,Port Harcourt,Rivers,,Premium,4860000.0,09-02-2024
C01715,Nnamdi,Aliyu,Male,26-04-1972,Lekki,Lagos,Student,SME,7058295.3,09-05-2024
C01716,Amara,Uzoma,Female,25-11-1974,Ogbomoso,Oyo,Self Employed,Retail,11056921.95,05-08-2019
C01717,Nnamdi,Suleiman,Male,24-06-1965,Asaba,Delta,Student,Retail,5193580.5,2023-09-02
C01718,Kelechi,Ajayi,Male,28-05-1976,Jos,Plateau,Freelancer,Premium,24878105.85,02-11-2019
C01719,Aisha,Nnaji,Female,14-09-2004,Lagos,Lagos,Student,Corporate,9111916.05,25-08-2025
C01720,Uche,Mohammed,Male,07-04-1986,Onitsha,Anambra,Student,Retail,7665613.65,09-01-2024
C01721,Ifeoma,Ibrahim,Female,06/11/1961,Warri,Delta,Freelancer,Premium,13968649.5,31-12-2019
C01722,Ijeoma,Musa,Female,05/06/1964,Port Harcourt,Rivers,Retired,Retail,8162318.55,14-01-2025
C01723,Fatima,Ajayi,Female,02-03-1991,Warri,Delta,Self Employed,Retail,3120919.05,31-01-2026
C01724,Tobi,Okonkwo,Male,06-11-1998,Lagos,Lagos,Freelancer,Premium,15187499.7,10-03-2022
C01725,Emmanuel,Bello,Male,22-11-1982,  Abuja,FCT,Freelancer,Retail,4909840.35,27-11-2024
C01726,Bukola,Garba,Female,20-10-1993,Nsukka,Enugu,Self Employed,Retail,2700000.0,14-06-2019
C01727,Ifeoma,Umeh,Female,03-07-1987,Enugu,Enugu,Civil Servant,Retail,15364921.2,26-09-2023
C01728,Comfort,Fashola,Female ,16-10-1984,Abeokuta,Ogun,Civil Servant,Corporate,7079480.7,09-02-2019
C01729,Kayode,Sanni,Male,05-02-1991,Lagos,Lagos,Retired,Retail,2727221.55,08-08-2025
C01730,Ijeoma,Aliyu,Female,23-03-2000,Calabar,Cross River,Retired,Retail,18310227.9,23-11-2020
C01731,Ayodele,Onyekachi,Male,11-04-1990,  Ibadan,Oyo,Self Employed,Retail,5106791.4,26-12-2025
C01732,Olamide,Ogundipe,Male,04-11-1961,Zaria,Kaduna,Freelancer,Corporate,31803641.4,19-12-2021
C01733,Wale,Nwachukwu,Male,06-07-1963,Ibadan,Oyo,Freelancer,SME,4205090.55,05-02-2026
C01734,Omolara,Olawale,Female,28-02-1975,Kaduna,Kaduna,Salaried,Premium,12443790.75,25-08-2020
C01735,Yetunde,Ibrahim,Female,11-11-1991,Lagos,Lagos,Self Employed,,7188463.8,25-02-2018
C01736,Chiamaka,Ezeh,Female ,06-07-1974,Warri,Delta,Student,Retail,,17-09-2018
C01737,Zainab,Eze,Female,02-08-1977,Onitsha,Anambra,Salaried,Retail,5153146.35,20-10-2022
C01738,Adewale,Nwosu,Male,19-02-1964,Benin City,Edo,Retired,Corporate,18632982.45,31-01-2026
C01739,Folake,Chukwu,Female,19-04-1997,Ibadan,Oyo,Civil Servant,Retail,7111884.75,16-07-2019
C01740,Musa,Danjuma,Male,14-03-1976,Lagos,Lagos,Self Employed,Wealth,23581110.6,03/05/2026
C01741,Ngozi,Musa,Female,03-05-1969,Warri,Delta,Student,SME,12197225.7,12/19/2023
C01742,Adanna,Garba,Female,13-08-2001,Lekki,Lagos,Student,Retail,15020324.1,2023-06-05
C01743,Nkechi,Ajayi,Female,25-10-1965,Enugu,Enugu,Business Owner,Retail,6028506.9,19-10-2025
C01744,Chioma,Bello,Female,20-09-1993,Lekki,Lagos,Self Employed,Retail,7082758.35,04/18/2019
C01745,Ifeoma,Onyekachi,Female,25-11-1965,Abuja,FCT,Self Employed,Retail,5508841.95,13-08-2020
C01746,Ifeoma,Eze,Female,06-01-1969,Asaba,Delta,Retired,Retail,10988996.7,06-03-2025
C01747,Ngozi,Ibrahim,Female,01-08-1978,Jos,Plateau,Business Owner,Premium,5299723.05,06/20/2021
C01748,Kelechi,Abiola,Male,16-07-2002,  Calabar,Cross River,Student,Retail,7849179.3,04-04-2020
C01749,Suleiman,Balogun,Male,23-07-1982,Ibadan,Oyo,Business Owner,Wealth,14133192.75,13-07-2021
C01750,Tobi,Abiola,Male,02-04-1990,Enugu,Enugu,Student,Premium,10305212.1,2022-12-13
C01751,Ikechukwu,Eze,Male,19-11-1967,Warri,Delta,Salaried,Premium,4860000.0,16-10-2025
C01752,Halima,Adebayo,Female,24-08-1997,Uyo,Akwa Ibom,Student,Retail,5769508.65,07/25/2025
C01753,Comfort,Okoro,Female,08-05-1987,Nsukka,Enugu,Retired,Wealth,47228835.15,31-05-2022
C01754,Obinna,Musa,Male,07/22/1978,Uyo,Akwa Ibom,Business Owner,Retail,4996076.85,14-12-2025
C01755,Nnamdi,Suleiman,Male,20-05-1964,Benin City,Edo,Freelancer,Retail,7827524.55,24-11-2020
C01756,Femi,Danjuma,Male,10-08-1997,Benin City,Edo,Self Employed,Retail,4147578.75,08-07-2020
C01757,Nkechi,Okafor,Female,17-06-1997,Ikeja,Lagos,Salaried,Retail,8026680.75,17-10-2020
C01758,Ifeanyi,Ezeh,Male,25-01-1966,Abeokuta,Ogun,Student,Premium,4860000.0,31-08-2021
C01759,Godwin,Sanni,Male,07-06-1993,Awka,Anambra,Self Employed,Retail,9295993.5,02-06-2018
C01760,Godwin,Bello,Male,10-01-1960,  Enugu,Enugu,Freelancer,Retail,6058360.2,07-11-2024
C01761,Chioma,Chukwu,Female,27-01-1996,Enugu,Enugu,Self Employed,Retail,5120430.3,16-09-2021
C01762,Obinna,Afolabi,Male,22-11-1981,Lekki,Lagos,Salaried,,24861945.3,05-12-2020
C01763,Chinedu,Chukwu,Male,07-05-1995,Uyo,Akwa Ibom,Retired,Retail,5084843.25,05-03-2024
C01764,Ifeanyi,Chukwu,male,10-04-1963,Uyo,Akwa Ibom,Self Employed,SME,5675838.0,09-03-2020
C01765,Amara,Adebayo,Female,06-05-1989,Awka,Anambra,Freelancer,Retail,4872711.75,01-07-2024
C01766,Ikechukwu,Nwankwo,Male,23-12-1992,Ogbomoso,Oyo,Retired,Premium,23630481.75,04/21/2025
C01767,CHIAMAKA,Ezeh,Female,28-10-1969,Onitsha,Anambra,Self Employed,Retail,5955322.05,03-06-2018
C01768,Kayode,Ibe,Male,02-06-1973,Awka,Anambra,Self Employed,Retail,7829471.7,09-04-2024
C01769,Oluwaseun,Nwachukwu,Male,13-07-1977,Abuja,FCT,Self Employed,Retail,6166984.35,2019-07-01
C01770,Musa,Adebayo,Male,10/26/1969,Zaria,Kaduna,Self Employed,Retail,4464082.05,17-04-2020
C01771,Bukola,Ekwueme,Female,08-01-1974,Lagos,Lagos,Student,Retail,5684547.75,04-02-2022
C01772,Kelechi,Okonkwo,Male,05-07-1988,Lagos,Lagos,Freelancer,Corporate,17108184.0,21-08-2018
C01773,Kelechi,Ekwueme,Male,12-11-1977,Abeokuta,Ogun,Civil Servant,Retail,7127382.75,06-06-2020
C01774,OBINNA,Mohammed,Male,05-01-1968,Benin City,Edo,Civil Servant,Retail,3187196.1,04-02-2023
C01775,Simisola,Adebayo,Female,26-11-1970,Abeokuta,Ogun,Freelancer,Retail,3381178.05,17-02-2024
C01776,Tunde,Abiola,Male,21-08-1966,Jos,Plateau,Business Owner,Premium,11639775.3,24-07-2018
C01777,Yusuf,Fashola,Male,18-11-1983,Ibadan,Oyo,Business Owner,Retail,12438312.9,03-09-2023
C01778,Halima,Olawale,Female,11-03-1971,Warri,Delta,Student,Premium,23768254.95,27-12-2023
C01779,Bisi,Ibe,Female,24-09-1976,Awka,Anambra,Retired,Corporate,33147949.2,09-11-2018
C01780,Wale,Balogun,Male,03-03-1966,Abeokuta,Ogun,Freelancer,Retail,2700000.0,11/20/2021
C01781,Emeka,Eze,Male,20-12-1986,Calabar,Cross River,Retired,Retail,12899219.1,11-09-2019
C01782,Bisi,Ibe,Female,20-10-1966,Uyo,Akwa Ibom,Salaried,Premium,14933048.7,09-12-2019
C01783,Chinedu,Olawale,Male,13-08-1969,Abeokuta,Ogun,Business Owner,Corporate,8562328.5,30-03-2021
C01784,Omolara,Onyekachi,Female,13-02-1969,Port Harcourt,Rivers,Self Employed,Retail,11350482.0,10-03-2020
C01785,Grace,Afolabi,Female,27-09-2004,Lagos,Lagos,Retired,Retail,12544677.15,26-10-2023
C01786,Chukwuemeka,Uzoma,Male,19-10-1992,Kaduna,Kaduna,Business Owner,SME,3929503.35,19-11-2024
C01787,Chiamaka,Okoro,Female,12-11-1992,Ibadan,Oyo,Business Owner,Retail,9564989.7,30-12-2024
C01788,Ngozi,Olawale,Female,21-07-1985,Abeokuta,Ogun,Student,Premium,17611915.35,27-04-2023
C01789,Bayo,Okoro,Male,12-03-1970,Onitsha,Anambra,Salaried,Premium,9705336.9,03-05-2025
C01790,Damilare,Okonkwo,Male,06-12-1996,Uyo,Akwa Ibom,Civil Servant,Retail,5338509.75,14-09-2019
C01791,Godwin,Umeh,Male,25-06-1980,Lekki,Lagos,Freelancer,Premium,13205223.75,01-08-2022
C01792,Chukwudi,Nwankwo,Male,10-12-1999,Abeokuta,Ogun,Freelancer,Premium,10031439.0,02-07-2025
C01793,Yusuf,Bello,Male,07-02-1981,Calabar,Cross River,Business Owner,Retail,2700000.0,08-06-2024
C01794,Amaka,Eze,FEMALE,28-12-1974,Calabar,Cross River,Retired,Retail,5590791.75,22-09-2019
C01795,Bayo,Nwosu,Male,18-07-1994,Ogbomoso,Oyo,Retired,Retail,2769006.3,31-08-2021
C01796,Musa,Olawale,Male,02-09-1995,Benin City,Edo,Retired,Retail,17594292.9,21-08-2023
C01797,Amaka,Suleiman,Female,17-11-1988,Kaduna,Kaduna,Business Owner,Retail,12756462.6,24-06-2022
C01798,Musa,Okoro,Male,14-10-1967,Awka,Anambra,Freelancer,Premium,5475995.85,22-11-2022
C01799,Amara,Ibe,Female,07-02-1971,Port Harcourt,Rivers,Retired,Retail,5455475.25,07-06-2020
C01800,Uche,Adeyemi,Male,16-12-1978,Asaba,Delta,Student,SME,23118032.25,24-11-2024
C01801,Emeka,Chukwu,Male,19-07-1969,Jos,Plateau,Freelancer,Premium,22267103.55,21-10-2019
C01802,Kayode,Olawale,Male,04-04-2004,Zaria,Kaduna,Civil Servant,Corporate,13095497.85,23-01-2018
C01803,Kayode,Okoro,Male ,06-12-1972,Uyo,Akwa Ibom,Business Owner,Retail,4110510.6,2025-01-31
C01804,Kemi,Okonkwo,Female,09-03-1980,Ikeja,Lagos,Retired,Retail,6881748.15,23-09-2025
C01805,Halima,Ezeh,Female,1986-10-06,Abeokuta,Ogun,Retired,Premium,13972565.1,27-10-2025
C01806,Emeka,Nwosu,Male,25-08-1970,Ogbomoso,Oyo,Retired,Retail,4855367.25,01-11-2024
C01807,Chinedu,Nwankwo,Male,07-04-2003,Ibadan,Oyo,Freelancer,SME,,31-01-2024
C01808,Bayo,Nwankwo,Male,15-07-1971,Ibadan,Oyo,Civil Servant,Retail,6068115.45,17-02-2020
C01809,Adewale,Adekunle,Male,26-09-2002,Port Harcourt,Rivers,Business Owner,Retail,2700000.0,05-02-2020
C01810,Ifeoma,Ibrahim,Female,28-12-1998,Jos,Plateau,Student,Retail,6157917.45,13-07-2023
C01811,Chukwuemeka,Mohammed,Male,02-11-1966,Ibadan,Oyo,Freelancer,Retail,8052936.3,14-01-2024
C01812,Maryam,Chukwuma,Female,27-11-1966,Zaria,Kaduna,Student,Retail,13011433.95,24-04-2019
C01813,Halima,Ajayi,Female,04-12-1992,Jos,Plateau,Business Owner,Retail,8184072.45,30-05-2025
C01814,Nkechi,Garba,Female,22-12-1971,Kaduna,Kaduna,Business Owner,Retail,14201494.2,21-10-2025
C01815,Folake,Nwosu,Female,25-07-1994,Ibadan,Oyo,Student,Retail,15077639.1,16-04-2020
C01816,Grace,Musa,Female,19-09-1999,Awka,Anambra,Freelancer,Premium,22885241.55,18-11-2022
C01817,Ifeoma,Onyekachi,Female,10-12-1988,Lagos,Lagos,Self Employed,SME,11244502.5,03-12-2024
C01818,Chukwuemeka,Bello,Male,10-10-1987,Ogbomoso,Oyo,Retired,Retail,5690448.75,04-09-2024
C01819,Temitope,Obi,Female,22-11-1979,Jos,Plateau,Student,Retail,7925175.75,03-02-2021
C01820,Femi,Nwosu,Male,26-04-1992,Warri,Delta,Business Owner,Premium,12011060.4,21-02-2023
C01821,Rukayat,Ezeh,Female,07-06-2000,Zaria,Kaduna,Retired,Retail,9915201.6,27-12-2023
C01822,Ayodele,Ibe,Male,05/11/1976,Lagos,Lagos,Business Owner,Retail,8901466.8,02-12-2019
C01823,Femi,Ajayi,Male,13-03-1962,Asaba,Delta,Salaried,Retail,6220916.4,2024-02-08
C01824,Chukwudi,Eze,Male,27-09-1977,Abeokuta,Ogun,Freelancer,Retail,7206553.5,2018-06-18
C01825,Titi,Ajayi,Female,22-05-1990,Onitsha,Anambra,Freelancer,,10542616.5,11-03-2019
C01826,Olamide,Okoro,Male,28-07-1982,Calabar,Cross River,Retired,Retail,12162855.0,09-09-2024
C01827,Titi,Ajayi,Female,04/01/2001,Uyo,Akwa Ibom,Retired,SME,18589574.85,2020-02-24
C01828,Chioma,Mohammed,Female,28-11-1994,Jos,Plateau,Freelancer,SME,6531854.85,2018-03-21
C01829,Amara,Garba,Female,06-08-1993,Asaba,Delta,Business Owner,Retail,7630037.85,18-09-2025
C01830,Ijeoma,Mohammed,Female,09-04-1963,Asaba,Delta,Business Owner,SME,3935035.2,17-06-2025
C01831,Kelechi,Ajayi,Male,13-09-1987,Onitsha,Anambra,Self Employed,SME,7840197.3,24-04-2019
C01832,Yakubu,Onyekachi,Male,1982-10-20,Onitsha,Anambra,Self Employed,Retail,6435217.2,27-05-2019
C01833,Halima,Garba,Female,08-06-1960,Abuja,FCT,,Retail,9656572.95,12-06-2021
C01834,Precious,Nwankwo,Female,18-05-1984,Kaduna,Kaduna,Business Owner,Retail,10192891.5,01-12-2019
C01835,Amaka,Chukwuma,Female,08-09-1974,Asaba,Delta,Freelancer,Retail,6562274.55,25-11-2021
C01836,Tunde,Nwankwo,Male,23-03-1966,Nsukka,Enugu,Salaried,SME,13524764.4,16-01-2026
C01837,Yakubu,Nwankwo,Male,05-11-1975,Kaduna,Kaduna,Retired,Premium,11464586.7,20-11-2021
C01838,Femi,Yakubu,Male,22-12-1980,Calabar,Cross River,Freelancer,Retail,5422864.35,19-11-2021
C01839,Amaka,Yusuf,Female,13-02-1980,Port Harcourt,Rivers   ,Salaried,Retail,6665160.6,13-08-2018
C01840,Kemi,Bello,Female,28-09-1963,Onitsha,Anambra,Business Owner,Premium,8657116.35,07-01-2021
C01841,Adaeze,Okoro,Female,21-06-1974,Kaduna,Kaduna,Civil Servant,Retail,9567838.05,05-03-2023
C01842,Adewale,Ibrahim,Male,10-10-1982,Asaba,Delta,Salaried,Premium,27609602.25,27-09-2021
C01843,Suleiman,Ezeh,Male,18-09-1991,Enugu,Enugu,Freelancer,Retail,3599911.2,03-04-2020
C01844,Aliyu,Okafor,Male,20-09-2001,Enugu,Enugu,Retired,Wealth,18536028.75,07-10-2018
C01845,Damilare,Nwosu,Male,18-08-1971,Uyo,Akwa Ibom,Salaried,Retail,6065377.8,29-12-2022
C01846,Ifeanyi,Fashola,Male,27-06-1986,Awka,Anambra,Retired,Premium,10978588.5,01-05-2024
C01847,Funmilayo,Adekunle,Female,22-07-1982,Asaba,Delta,Student,Retail,2700000.0,01-04-2022
C01848,Zainab,Afolabi,Female,19-07-1997,Abeokuta,Ogun,Student,SME,13088533.5,20-01-2025
C01849,Uche,Afolabi,Male,02-06-1976,Ogbomoso,Oyo,Civil Servant,Premium,16748381.1,21-12-2023
C01850,Ibrahim,Ajayi,Male,16-06-1995,Abuja,FCT,Freelancer,Retail,17904750.15,15-12-2018
C01851,Yetunde,Adebayo,Female,22-07-1998,Calabar,Cross River,Freelancer,Retail,10512878.4,09-10-2023
C01852,Nkechi,Abiola,female,25-10-1979,Zaria,Kaduna,Student,SME,21346469.7,01-12-2019
C01853,Kayode,Uzoma,Male,11-08-1983,Calabar,Cross River,Retired,Premium,15689068.5,30-07-2018
C01854,Ibrahim,Adekunle,Male,15-02-1969,Abeokuta,Ogun,Business Owner,Corporate,13528647.0,07-12-2023
C01855,Ifeoma,Fashola,Female,20-11-1972,Calabar,Cross River,Business Owner,SME,8842134.45,09/08/2021
C01856,Aliyu,Adekunle,Male,14-04-1977,Asaba,Delta   ,Civil Servant,Retail,13903647.15,01/17/2020
C01857,Kelechi,Garba,Male,07-01-2000,Nsukka,Enugu,Retired,Retail,5096150.25,03-10-2020
C01858,Godwin,Chukwuma,Male,03-09-1991,Abuja,FCT,Salaried,Retail,16780279.2,29-12-2022
C01859,Uche,Yusuf,Male,12-01-1996,Jos,Plateau,Self Employed,Retail,7326401.4,11-03-2022
C01860,Tobi,Okonkwo,Male,11-11-2000,Warri,Delta,Freelancer,Corporate,15150785.7,28-07-2021
C01861,Damilare,Eze,Male,13-11-1968,Nsukka,Enugu,Salaried,Retail,8629235.4,15-10-2020
C01862,Bukola,Sanni,Female,16-10-1968,Calabar,Cross River,Salaried,Retail,,08-06-2024
C01863,Aliyu,Garba,Male,11-09-2004,Ikeja,Lagos,Business Owner,SME,11508349.5,19-05-2020
C01864,Kelechi,Yusuf,Male,03-07-1973,Jos,Plateau,Student,SME,9638352.15,2018-11-20
C01865,Aliyu,Yakubu,Male,17-06-2004,Nsukka,Enugu,Freelancer,Premium,10553695.8,30-01-2018
C01866,Patience,Afolabi,Female,28-06-1994,Onitsha,Anambra,Freelancer,Wealth,35048692.8,05-10-2020
C01867,Ronke,Onyekachi,Female,28-06-2001,Warri,Delta,Business Owner,Retail,5001773.55,19-04-2019
C01868,Damilare,Yusuf,Male,1984-05-08,Asaba,Delta,Student,Retail,-7915247.7,15-06-2023
C01869,Adaobi,balogun,Female,28-01-1989,Abeokuta,Ogun,Self Employed,Retail,,05-11-2023
C01870,Amaka,Mohammed,Female,09-05-1984,Warri,Delta,Business Owner,Retail,9219154.5,12-02-2025
C01871,Aisha,Yusuf,Female,28-09-1981,Nsukka,Enugu,Salaried,SME,18150518.85,03-06-2018
C01872,Bukola,Ajayi,Female,18-09-2002,Nsukka,Enugu,Student,Retail,6560281.65,04-05-2020
C01873,Ifeanyi,Okafor,Male,28-09-1968,Ogbomoso,Oyo,Retired,Retail,9802041.6,22-07-2021
C01874,Yakubu,Yusuf,Male,14-10-1961,Nsukka,Enugu,Retired,Premium,5101452.15,2019-12-13
C01875,Ronke,Ajayi,Female,25-09-1992,Abeokuta,Ogun,Business Owner,SME,21582608.85,04/04/2019
C01876,Tunde,Ekwueme,Male,24-09-1981,Enugu,Enugu,Salaried,SME,4729948.05,2025-03-13
C01877,Abubakar,Garba,Male,04-09-1995,Ogbomoso,Oyo,Retired,Corporate,11573152.8,15-07-2023
C01878,Olamide,Aliyu,Male,15-08-1995,Nsukka,Enugu,Student,Premium,9097512.9,09-03-2021
C01879,Tobi,Ibe,Male,27-01-1988,Kaduna,Kaduna,Self Employed,Retail,12596030.55,11-02-2024
C01880,Adewale,Olawale,Male,12-03-1985,Port Harcourt,Rivers,Retired,Retail,3459577.95,23-05-2018
C01881,Ijeoma,Yusuf,Female,05-08-1988,Uyo,Akwa Ibom,Civil Servant,Retail,8612511.45,03-05-2024
C01882,Grace,Umeh,Female,12-05-1970,Nsukka,Enugu,Freelancer,Wealth,11535091.65,28-11-2024
C01883,Adaobi,Garba,Female,05-11-1966,Awka,Anambra,Self Employed,Retail,7078225.65,21-01-2020
C01884,Aliyu,Onyekachi,Male,16-02-1983,Abeokuta,Ogun,Self Employed,SME,13052283.9,14-09-2022
C01885,Nnamdi,Nwankwo,M,27-09-1966,Asaba,Delta,Freelancer,Premium,6354781.8,12-04-2022
C01886,Musa,Nwosu,Male,01-08-1963,Nsukka,Enugu,Salaried,Retail,4863423.15,11-05-2018
C01887,Olumide,Ekwueme,Male,13-04-1981,Abuja,FCT,Student,SME,8459233.65,06-02-2024
C01888,Chidi,Adekunle,Male,11-01-1961,Lekki,Lagos,Self Employed,Retail,7349230.35,28-09-2021
C01889,Funmilayo,Chukwuma,Female,26-01-1960,Lekki,Lagos,Self Employed,Retail,7478690.1,19-10-2019
C01890,Ifeoma,Okonkwo,Female,1966-04-18,Warri,Delta,Student,SME,11856997.05,07-08-2019
C01891,Aisha,Ibrahim,Female,26-01-1967,Abeokuta,Ogun,Civil Servant,SME,25404308.1,21-05-2024
C01892,Chukwuemeka,Mohammed,Male,16-02-1995,Abeokuta,Ogun,Self Employed,SME,8736489.45,20-05-2021
C01893,Chukwudi,Abiola,Male,1968-03-12,Awka,Anambra,Self Employed,Retail,5490912.45,20-03-2026
C01894,Omolara,Adeyemi,Female,10-05-1997,Lagos,Lagos,Retired,Corporate,10567874.1,03-04-2018
C01895,Omolara,Okoro,Female,14-03-2003,Nsukka,Enugu,Student,Premium,10250224.05,20-11-2018
C01896,Adaobi,Aliyu,Female,24-05-1998,Jos,Plateau,Civil Servant,Premium,8580873.75,15-04-2022
C01897,Grace,Okoro,Female,04-02-1968,Ikeja,Lagos,Retired,Premium,18714013.2,16-07-2022
C01898,Yetunde,Nwachukwu,Female,14-09-1998,Awka,Anambra,Self Employed,Retail,8546861.85,26-05-2020
C01899,Damilare,Obi,male,01-01-1984,Jos,Plateau,Student,Retail,4446649.95,16-05-2025
C01900,Yusuf,Aliyu,Male,04-10-1965,Calabar,Cross River,Student,Premium,11672565.45,05/16/2021
C01901,Emmanuel,Adesanya,Male,19-07-1963,Ikeja,Lagos,Business Owner,Corporate,7119804.75,2020-08-01
C01902,Emmanuel,Ogundipe,Male,17-05-1994,Benin City,Edo,Self Employed,Retail,2700000.0,09-06-2024
C01903,Tobi,Yusuf,Male,09-06-1986,Zaria,Kaduna,Business Owner,Retail,2700000.0,08-09-2021
C01904,Bukola,Ibrahim,Female,01-04-1973,Lagos,Lagos,Self Employed,Retail,4748069.7,28-08-2024
C01905,Precious,Uzoma,Female,1999-01-01,Asaba,Delta,Salaried,Retail,9003697.2,22-07-2022
C01906,Chukwuemeka,Ibrahim,Male ,28-10-1961,Lagos,Lagos,Self Employed,SME,5976250.2,08-09-2025
C01907,Femi,Olawale,Male,24-08-1972,Kaduna,Kaduna,Student,SME,10631359.2,06-02-2018
C01908,Chioma,Okonkwo,Female,18-05-1981,Calabar,Cross River,Self Employed,Wealth,42767086.5,16-06-2018
C01909,Aisha,Okoro,Female,27-10-1961,Ikeja,Lagos,Salaried,SME,10442125.65,01-02-2019
C01910,Patience,Suleiman,Female,04-02-1988,Enugu,Enugu,Retired,Retail,8757366.75,03-08-2019
C01911,Precious,Chukwu,Female,01-03-1979,Lekki,Lagos,Self Employed,Retail,2700000.0,19-08-2021
C01912,Rukayat,Garba,Female,14-07-1977,Enugu,Enugu,Student,Retail,7594952.7,14-12-2022
C01913,Chinedu,Adekunle,Male,02-02-1963,Port Harcourt,Rivers,Freelancer,Premium,6442009.95,08-09-2023
C01914,Simisola,Okoro,Female,08-11-1968,Port Harcourt,Rivers,Self Employed,Retail,9808688.1,18-05-2018
C01915,Fatima,Balogun,Female,03-09-1982,Zaria,Kaduna,Business Owner,Retail,5737680.75,17-10-2019
C01916,Uche,Balogun,Male,01-08-1982,Enugu,Enugu,Retired,Retail,2700000.0,12-11-2025
C01917,Segun,Ogunleye,Male,04-09-1966,Onitsha,Anambra,,Premium,50914096.5,30-09-2024
C01918,Bayo,Aliyu,Male,01/09/1974,Abeokuta,Ogun,Salaried,Retail,7494315.45,11-02-2026
C01919,Kayode,Afolabi,Male,19-03-1972,Abeokuta,Ogun,Salaried,Corporate,29414077.05,06-05-2025
C01920,Rukayat,Afolabi,Female,12-12-1994,Benin City,Edo,Business Owner,Retail,9834127.35,13-04-2022
C01921,Grace,Yakubu,Female,06-11-1979,Ikeja,Lagos,Salaried,SME,20206254.75,15-03-2019
C01922,Ronke,Okafor,Female,08-06-1965,Abuja,FCT,Student,,6617199.9,02-09-2019
C01923,Aliyu,Balogun,Male,18-06-1975,Benin City,Edo,Student,Wealth,20704328.55,29-06-2025
C01924,Rukayat,Abiola,Female,01-08-1985,Abeokuta,Ogun,Self Employed,Retail,20047329.6,17-06-2019
C01925,Yetunde,Sanni,Female,15-10-1964,Benin City,Edo,Student,SME,7686784.2,03/29/2023
C01926,Ngozi,Adebayo,Female,19-03-2002,Warri,Delta,Retired,Retail,2700000.0,05-05-2024
C01927,Kelechi,Abiola,Male,05-03-1979,Kaduna,Kaduna,Salaried,,5106378.45,10-09-2019
C01928,Adaeze,Afolabi,Female,14-11-1981,Warri,Delta,Retired,SME,13814431.65,2019-12-06
C01929,Musa,Ibe,Male,23-11-1985,Lagos,Lagos,Freelancer,Retail,2700000.0,19-12-2025
C01930,Yakubu,Umeh,Male,18-04-1991,Abuja,FCT,Business Owner,Premium,12618973.05,07/12/2020
C01931,Funmilayo,Chukwu,Female,26-10-2003,Onitsha,Anambra,Retired,Retail,13503438.45,16-09-2022
C01932,Bayo,Yusuf,Male,13-07-1961,Calabar,Cross River,Self Employed,Retail,9863421.0,09-01-2019
C01933,Aliyu,Adeyemi,M,07-05-1983,Abeokuta,Ogun,Salaried,Premium,4860000.0,10-12-2025
C01934,Yakubu,Obi,Male,20-05-1963,Ibadan,Oyo,Salaried,Corporate,14990633.1,01-01-2026
C01935,Tunde,Nwosu,Male,02-01-1984,Zaria,Kaduna,Salaried,Retail,3383734.95,02-01-2019
C01936,Ijeoma,Bello,Female,07-01-1962,Benin City,Edo,Freelancer,Retail,2700000.0,22-03-2024
C01937,Amara,ogundipe,Female,1962-12-04,Ogbomoso,Oyo,Civil Servant,SME,5741634.15,07/11/2024
C01938,Emmanuel,Musa,Male,27-08-2000,Awka,Anambra,Business Owner,Retail,7569262.35,12-12-2023
C01939,Yakubu,Musa,Male,16-01-1967,Abeokuta,Ogun,Student,SME,11003796.15,18-07-2019
C01940,Abubakar,Nwankwo,Male,23-01-1998,Jos,Plateau,Retired,Retail,3547071.9,10-04-2023
C01941,Maryam,Bello,Female,22-04-1968,Port Harcourt,Rivers,Student,Premium,23229235.65,10-05-2019
C01942,Chukwuemeka,Ekwueme,Male,11-08-1972,Calabar,Cross River,Business Owner,SME,9894499.2,2024-02-19
C01943,Chukwudi,Ekwueme,Male,23-12-2003,Lagos,Lagos,Self Employed,Retail,10963443.3,21-04-2025
C01944,Ronke,Okonkwo,Female,07-05-2002,Benin City,Edo,Retired,Corporate,24121579.05,14-12-2021
C01945,Kelechi,Fashola,Male,22-07-1976,Jos,Plateau,Student,Retail,5499024.6,13-12-2024
C01946,Titi,Okoro,Female,28-10-1975,Asaba,Delta,Civil Servant,Wealth,10801748.25,19-01-2018
C01947,Ronke,Adebayo,Female,04/07/1960,Kaduna,Kaduna,Self Employed,Retail,12117075.6,18-11-2025
C01948,Ikechukwu,Sanni,Male,1999-09-28,Asaba,Delta,Self Employed,Retail,3142110.9,07-04-2018
C01949,Folake,Danjuma,Female,24-02-1979,Lagos,Lagos,Freelancer,Retail,12378451.5,06-04-2021
C01950,Femi,Ibe,Male,1975-04-22,Ibadan,Oyo,Salaried,SME,10915758.0,13-01-2018
C01951,Omolara,Umeh,Female,25-02-1961,Onitsha,Anambra,Civil Servant,Retail,6624953.85,03-08-2021
C01952,Halima,Chukwu,Female,11-09-1975,Kaduna,Kaduna,Retired,,5551726.65,01-08-2023
C01953,Oluwaseun,Umeh,Male,12-06-1966,Zaria,Kaduna,Self Employed,Retail,7413839.25,25-04-2021
C01954,Kayode,obi,Male,27-12-1987,Awka,Anambra,Salaried,Wealth,31041921.15,06-01-2022
C01955,Halima,Nwachukwu,Female,01-02-1988,Warri,Delta,Business Owner,Retail,2898868.2,25-04-2025
C01956,Adanna,Ogundipe,Female,25-11-1994,Kaduna,Kaduna,Business Owner,Retail,7829905.05,23-07-2020
C01957,Aisha,Olawale,Female,15-03-1961,Zaria,Kaduna,Freelancer,Retail,3726340.5,12-01-2020
C01958,Simisola,Abiola,Female,19-03-1963,Ibadan,Oyo,Self Employed,Retail,2700000.0,21-01-2023
C01959,Olumide,Okafor,Male,27-09-1995,Abeokuta,Ogun,Student,Retail,3182792.7,27-04-2025
C01960,Bukola,Aliyu,Female,05-04-2003,Ibadan,Oyo,Student,Retail,4367077.2,07-09-2022
C01961,Aliyu,Adesanya,Male,05-10-1982,Port Harcourt,Rivers,Student,Retail,7323043.5,14-07-2025
C01962,Ronke,Uzoma,Female,17-09-1976,Lagos,Lagos,Self Employed,Wealth,22278098.25,29-11-2020
C01963,Yetunde,Nwosu,Female,1982-01-22,Lagos,Lagos,Retired,Retail,6265382.25,2023-01-15
C01964,Omolara,Okoro,Female,11-01-1976,Ogbomoso,Oyo,Retired,Retail,8247103.2,04-09-2024
C01965,Amaka,Mohammed,Female,11-12-1991,Jos,Plateau,Self Employed,Retail,12038770.8,12-01-2020
C01966,Damilare,Olawale,Male,24-07-1973,Kaduna,Kaduna,Freelancer,SME,8811391.5,27-08-2019
C01967,Adanna,Musa,Female,02/25/1966,Kaduna,Kaduna,Retired,Retail,6294781.2,10-05-2019
C01968,Kayode,Ogundipe,Male,06-07-1966,Kaduna,Kaduna,Business Owner,Retail,4001337.45,03-01-2021
C01969,Titi,Musa,Female,18-10-1985,Calabar,Cross River,Retired,Retail,9471612.6,01-03-2024
C01970,Ibrahim,Aliyu,Male,06-05-1966,Lagos,Lagos,Salaried,Premium,4860000.0,20-01-2023
C01971,Fatima,Umeh,Female,26-04-1961,Jos,Plateau,Freelancer,Wealth,17710496.1,14-02-2018
C01972,Adaobi,Nwachukwu,Female,07-10-1978,Ikeja,Lagos,Retired,Retail,5704868.55,05-07-2020
C01973,Blessing,Ajayi,Female,19-03-1988,Asaba,Delta,Business Owner,Retail,3644346.9,07-09-2018
C01974,Yusuf,Okonkwo,Male,24-10-1982,Abeokuta,Ogun,Freelancer,Premium,23585243.85,12-10-2024
C01975,Godwin,Ogunleye,Male,1968-08-23,Enugu,Enugu,Retired,Retail,8931666.45,04/28/2019
C01976,Adaobi,Ekwueme,Female,21-06-1974,Ibadan,Oyo,Student,Retail,6148427.85,30-03-2025
C01977,Rukayat,Okoro,F,28-08-1970,Onitsha,Anambra,Business Owner,Retail,8200931.1,28-12-2024
C01978,Blessing,Ibe,Female,15-01-1983,Lekki,Lagos,Freelancer,Premium,12086682.3,22-07-2023
C01979,Emeka,Ibe,Male,06-01-1986,Uyo,Akwa Ibom,Business Owner,Retail,14806117.05,10-05-2021
C01980,Suleiman,Adebayo,Male,09-01-1999,Enugu,Enugu,Business Owner,Retail,7122948.15,28-02-2020
C01981,Adaeze,Garba,Female,01-03-1973,Enugu,Enugu,Business Owner,Wealth,15377121.45,01-09-2018
C01982,Nnamdi,Eze,Male,08-12-1999,Asaba,Delta,Student,Wealth,8100000.0,07-07-2024
C01983,Emeka,Adebayo,Male,10-09-1995,Zaria,Kaduna,Self Employed,Premium,8489473.35,21-04-2021
C01984,Damilare,Umeh,Male,19-03-1985,Enugu,Enugu,Self Employed,Retail,3751372.65,08-01-2021
C01985,Nnamdi,Umeh,Male,19-03-1965,Benin City,Edo,Salaried,Retail,19208616.45,28-04-2019
C01986,AYODELE,Ibe,Male,13-08-1975,Port Harcourt,Rivers,Salaried,Retail,6467326.5,02-03-2018
C01987,Nkechi,ibrahim,Female,25-10-1971,Ibadan,Oyo,,SME,12624333.75,05-02-2019
C01988,Comfort,Adesanya,Female,13-03-1968,Lekki,Lagos,Self Employed,Retail,8209737.15,01-10-2022
C01989,Abubakar,Sanni,Male,05-06-1990,  Benin City,Edo,Self Employed,Premium,13199184.9,12-11-2025
C01990,Bisi,Ajayi,Female,04-07-1999,Lagos,Lagos,Business Owner,Retail,7186654.05,17-07-2019
C01991,Bukola,Balogun,Female,1963-04-06,Benin City,Edo,Self Employed,Premium,20221280.4,27-01-2026
C01992,Maryam,Ekwueme,Female,10/21/1966,Port Harcourt,Rivers,Freelancer,Retail,6834500.85,27-07-2019
C01993,Segun,Obi,Male,05-10-1989,Benin City,Edo,Retired,Retail,7681956.75,09-01-2020
C01994,Nnamdi,Onyekachi,Male,16-09-1979,Lagos,Lagos,Self Employed,Retail,,18-08-2020
C01995,Adaobi,Nnaji,Female,18-10-1997,Abeokuta,Ogun,Civil Servant,Retail,6202661.1,30-10-2023
C01996,Chinedu,Adekunle,Male,26-09-2000,Onitsha,Anambra,Business Owner,Corporate,23421580.35,05-11-2025
C01997,Emmanuel,Adeyemi,Male,13-03-1990,Ogbomoso,Oyo,Freelancer,Corporate,5940000.0,22-07-2024
C01998,Zainab,Yakubu,Female,07-05-1983,Abeokuta,Ogun,Self Employed,SME,11242408.65,25-03-2024
C01999,Segun,Nwachukwu,Male,28-03-1971,Abeokuta,Ogun,Business Owner,Retail,11112001.05,06-01-2023
C02000,Segun,Adekunle,Male,07-07-1995,Abeokuta,Ogun,Self Employed,Premium,8978296.8,03-10-2020
C02001,Adanna,Uzoma,Female,19-05-1965,Benin City,Edo,,Premium,18154261.05,12-10-2025
C02002,Halima,Ibrahim,Female,14-03-1962,Jos,Plateau,Student,Retail,2700000.0,06-03-2020
C02003,Obinna,Adeyemi,Male,27-08-1964,Abeokuta,Ogun,Self Employed,Retail,7435549.2,27-02-2022
C02004,Kayode,Eze,Male,06-10-1994,Nsukka,Enugu,Student,Retail,4650385.5,24-01-2018
C02005,Zainab,Onyekachi,Female,17-01-1986,Ikeja,Lagos,Salaried,Retail,6544828.05,07-09-2025
C02006,Tunde,Ajayi,Male,14-08-1963,Ogbomoso,Oyo,Salaried,SME,8144445.9,02-06-2024
C02007,Chidi,Ajayi,Male,06-08-1974,Onitsha,Anambra,Freelancer,Retail,5828890.05,01-04-2019
C02008,Precious,Abiola,FEMALE,04-07-1972,Nsukka,Enugu,Business Owner,Retail,19479678.6,17-07-2019
C02009,Hauwa,Uzoma,Female,12-07-1966,Nsukka,Enugu,Self Employed,Retail,9310502.7,03/16/2023
C02010,Temitope,Adeyemi,Female,17-07-2002,Kaduna,Kaduna,Retired,Retail,10014034.65,12-04-2021
C02011,Bayo,Nwosu,Male,27-01-1999,Abeokuta,Ogun,Retired,Retail,6172527.75,04-03-2024
C02012,Obinna,Adebayo,Male,27-02-1961,Jos,Plateau,Salaried,SME,12042927.15,22-11-2019
C02013,Ibrahim,Musa,Male,15-04-1995,Awka,Anambra,Business Owner,Retail,8760987.6,15-11-2021
C02014,Ikechukwu,Aliyu,Male,17-04-1981,Ogbomoso,Oyo,Business Owner,SME,10519703.85,16-04-2021
C02015,Halima,Sanni,Female,08-12-1983,Calabar,Cross River,Freelancer,Retail,10132975.5,31-03-2023
C02016,Maryam,Yakubu,Female,14-09-1972,Abeokuta,Ogun,Self Employed,Corporate,7733928.9,2023-08-14
C02017,Chidi,Ekwueme,Male,16-06-2000,Onitsha,Anambra,Business Owner,Corporate,11473006.35,13-08-2024
C02018,Tobi,Nwankwo,Male,19-01-1961,Abuja,FCT,Business Owner,Corporate,14259496.35,25-06-2023
C02019,Ronke,Balogun,Female,08-05-1966,Ogbomoso,Oyo,Civil Servant,Retail,16347198.0,11-06-2022
C02020,Adaeze,Yakubu,Female,25-09-1965,Ibadan,Oyo,Student,Retail,17963022.0,30-03-2023
C02021,Nkechi,Ekwueme,Female,25-07-2003,Port Harcourt,Rivers,Freelancer,Retail,8643288.0,01-05-2021
C02022,Hauwa,Obi,Female,27-06-1993,Warri,Delta,Student,Retail,7380837.6,20-10-2025
C02023,Comfort,Ibe,Female,01-02-1996,Abeokuta,Ogun,Salaried,Corporate,12087291.75,03-04-2021
C02024,Ifeanyi,Ezeh,Male,25-07-1983,Enugu,Enugu,Self Employed,SME,6603551.25,21-04-2018
C02025,Oluwaseun,Adesanya,Male,11/15/1990,Ibadan,Oyo,Self Employed,Premium,5602957.65,22-01-2020
C02026,PATIENCE,Okafor,Female,19-08-1986,Ogbomoso,Oyo,Retired,Premium,23471098.35,04-04-2025
C02027,Grace,Abiola,Female,07-06-1987,Zaria,Kaduna,Student,Retail,4448372.1,20-04-2020
C02028,Patience,Garba,Female,10-04-1986,Lekki,Lagos,Student,Premium,6275455.8,09-04-2018
C02029,Uche,Okoro,Male,28-06-2000,Onitsha,Anambra,Freelancer,Retail,8360982.0,09-02-2023
C02030,Simisola,Eze,Female,1976-11-28,Ikeja,Lagos,Salaried,Premium,34590602.4,2022-07-26
C02031,Adanna,Ezeh,Female,27-03-1973,Ibadan,Oyo,,Retail,46263372.6,04-07-2024
C02032,Adaobi,Adeyemi,Female,27-09-1971,Lekki,Lagos,Civil Servant,Premium,17405620.95,20-04-2024
C02033,Adewale,Sanni,Male,12/11/1986,  Port Harcourt,Rivers,Student,Wealth,60904182.6,25-01-2018
C02034,Wale,Abiola,Male,20-05-1987,Calabar,Cross River,Salaried,Retail,5848855.5,26-07-2025
C02035,Kemi,Suleiman,Female,22-05-1980,Enugu,Enugu,Student,Wealth,21950889.75,20-04-2018
C02036,Aisha,Adekunle,Female,03-03-1998,Ibadan,Oyo,,Premium,20448616.8,13-12-2023
C02037,Godwin,Uzoma,Male,18-04-1977,Abeokuta,Ogun,Freelancer,SME,12754600.35,08/24/2019
C02038,Titi,Fashola,Female,1989-12-18,Warri,Delta,Freelancer,Retail,,15-01-2021
C02039,Sunday,Ezeh,Male,11-02-2003,Enugu,Enugu,Student,SME,11254741.5,2025-04-18
C02040,Kayode,Nnaji,Male,22-12-1997,Benin City,Edo,Student,Retail,13036154.4,09-07-2018
C02041,Segun,Ibrahim,Male,1990-01-20,Asaba,Delta,Civil Servant,Wealth,17693078.4,03-10-2023
C02042,Nkechi,Sanni,Female,21-09-1962,Calabar,Cross River,Retired,SME,6364638.45,14-12-2019
C02043,Comfort,Uzoma,Female,11-09-1979,Awka,Anambra,Retired,Corporate,13441756.95,24-01-2020
C02044,Ifeoma,Chukwuma,Female,03-05-2000,Jos,Plateau,Civil Servant,Retail,7082882.85,04-12-2019
C02045,Kemi,Fashola,Female,05-07-1985,Kaduna,Kaduna,Self Employed,Retail,5926058.1,17-07-2025
C02046,Funmilayo,Nwosu,Female,07-05-1977,Benin City,Edo,Retired,Retail,8453566.35,19-08-2025
C02047,Comfort,Garba,Female,06-02-1960,Kaduna,Kaduna,Self Employed,Retail,22631133.0,17-05-2025
C02048,Emmanuel,Chukwuma,Male,20-07-1973,Uyo,Akwa Ibom,Retired,Retail,14710764.75,26-12-2020
C02049,Damilare,Nwosu,Male,27-07-1988,Lekki,Lagos,Self Employed,,12011938.5,2021-04-17
C02050,Olumide,Olawale,Male,05-06-1984,Enugu,Enugu,Freelancer,SME,15846400.95,07-10-2022
C02051,Ibrahim,Eze,Male,23-02-1992,Benin City,Edo,Student,Retail,6064793.4,14-11-2025
C02052,Halima,Yakubu,Female,09/05/1992,Benin City,Edo,Business Owner,Retail,15085379.85,27-12-2025
C02053,Omolara,nwankwo,Female,07-03-1986,Ibadan,Oyo,Business Owner,Wealth,,25-07-2024
C02054,Yakubu,Abiola,Male,19-06-1968,Warri,Delta   ,Business Owner,Retail,18138635.1,01-02-2020
C02055,Simisola,Fashola,Female,06-07-1993,Abuja,FCT,Student,Retail,,25-10-2018
C02056,Kelechi,Eze,Male,14-10-1996,Jos,Plateau,Retired,Retail,12025190.1,06-10-2024
C02057,Folake,Ajayi,Female,11-04-1975,Calabar,Cross River,Retired,Corporate,12015413.85,07-02-2020
C02058,Damilare,Adesanya,Male,10-01-1987,Uyo,Akwa Ibom,Salaried,Retail,5017375.05,02-09-2021
C02059,Obinna,Chukwu,Male,24-09-1998,Nsukka,Enugu,Salaried,Retail,8715610.5,19-01-2018
C02060,Obinna,Abiola,Male,02-05-1978,Warri,Delta,Business Owner,Premium,15801622.05,24-04-2025
C02061,Amara,Ogunleye,Female,1962-05-24,Enugu,Enugu,Business Owner,SME,5206696.8,16-09-2019
C02062,Chioma,Nwachukwu,Female,02-03-1990,Calabar,Cross River,Self Employed,Premium,13287947.4,25-06-2025
C02063,Ibrahim,Okonkwo,Male,11-01-1978,Port Harcourt,Rivers,Business Owner,Premium,15076816.95,08/08/2020
C02064,Tobi,Ibrahim,Male,1996-08-14,Lagos,Lagos,Retired,Retail,17121002.25,12-02-2024
C02065,Ngozi,Mohammed,Female ,06/13/2001,Ikeja,Lagos,Retired,Retail,8095937.1,01-08-2022
C02066,Amara,Eze,Female,14-09-1966,Ogbomoso,Oyo,Self Employed,Premium,21452546.85,12-06-2021
C02067,Ngozi,Bello,Female,23-02-1976,Kaduna,Kaduna,Student,Retail,5019441.0,02-02-2019
C02068,Olamide,Okafor,Male,16-08-1963,Lagos,Lagos,,Retail,7671301.8,19-12-2018
C02069,Yusuf,Adesanya,Male,02-03-2002,Lekki,Lagos,Retired,Retail,4379708.85,23-03-2020
C02070,Omolara,Sanni,Female,07-04-1990,Zaria,Kaduna,Business Owner,Retail,2700000.0,12-01-2023
C02071,Ijeoma,Nwachukwu,Female,1995-10-01,Awka,Anambra,Self Employed,Corporate,14506377.9,12-07-2020
C02072,Olumide,Chukwuma,Male,23-01-1964,Onitsha,Anambra,,SME,8505403.2,23-01-2025
C02073,Comfort,Ibrahim,Female,28-09-2004,Ikeja,Lagos,Salaried,Corporate,11249983.8,02-01-2021
C02074,Yusuf,Adesanya,Male,09-04-1984,Uyo,Akwa Ibom,Business Owner,Retail,12977777.85,19-11-2021
C02075,Temitope,Abiola,Female,12/24/1965,Calabar,Cross River,Freelancer,SME,3780000.0,07-02-2022
C02076,Obinna,Bello,Male,04-11-1998,Enugu,Enugu,Business Owner,SME,4005205.2,16-02-2018
C02077,Kayode,Fashola,Male,23-01-1975,Lekki,Lagos,Self Employed,Retail,12367551.75,30-11-2018
C02078,Chidi,Chukwu,Male,1961-11-07,Calabar,Cross River   ,Retired,Premium,10599735.6,03-03-2022
C02079,Chukwuemeka,Adekunle,Male,22-07-1995,Calabar,Cross River,Self Employed,SME,13789963.35,24-05-2022
C02080,Tunde,Suleiman,Male,23-10-1970,Onitsha,Anambra,Self Employed,Retail,13619995.65,06-02-2026
C02081,Aliyu,Ogunleye,Male,14-12-1981,Enugu,Enugu,Student,Retail,12767105.85,20-06-2023
C02082,Adanna,Ibrahim,Female,20-12-1992,Ikeja,Lagos,Self Employed,Premium,19852541.85,20-11-2018
C02083,Temitope,Nwankwo,Female,1972-11-28,Warri,Delta,Retired,SME,14892345.45,18-10-2021
C02084,Titi,Okafor,Female,06-06-1963,Calabar,Cross River,Civil Servant,SME,4545245.1,24-04-2021
C02085,Titi,Obi,Female,06-11-2003,Jos,Plateau,Student,Retail,4271754.3,21-01-2021
C02086,Olumide,Nwankwo,Male,16-05-1977,Uyo,Akwa Ibom,Civil Servant,Premium,15762057.6,23-12-2022
C02087,Ronke,Adekunle,Female,24-07-1978,Warri,Delta,Student,Retail,7848931.05,14-06-2023
C02088,Olumide,Sanni,Male,28-03-1986,Ibadan,Oyo,Business Owner,Retail,2980988.55,08-08-2020
C02089,Bisi,Nwankwo,Female,13-12-1968,Lagos,Lagos,Salaried,Retail,6860303.55,04-06-2020
C02090,Yetunde,Okoro,Female,02-07-1993,Ibadan,Oyo,Self Employed,Retail,10791442.35,11/13/2022
C02091,Olamide,Ibrahim,Male,05-01-1983,Lagos,Lagos,Civil Servant,Corporate,17328120.75,05-06-2020
C02092,Amara,Ekwueme,Female,10/04/1962,Lekki,Lagos,Business Owner,Wealth,23203922.4,10-10-2019
C02093,Suleiman,Olawale,Male,19-06-1989,Nsukka,Enugu,Student,Retail,7479427.8,20-06-2018
C02094,AMARA,Ekwueme,Female,18-12-1999,Ikeja,Lagos,Business Owner,Retail,3072853.65,24-01-2021
C02095,Patience,Ajayi,Female,01/11/1968,Lekki,Lagos,Self Employed,Retail,7601136.3,06-10-2023
C02096,Patience,Balogun,Female,01-09-1967,Warri,Delta,Retired,Premium,5412231.6,15-05-2020
C02097,Ikechukwu,Afolabi,Male,13-06-1978,Awka,Anambra,Civil Servant,Wealth,13492233.0,14-07-2023
C02098,Chukwudi,Mohammed,Male,11-01-1991,Abuja,FCT,Student,Premium,10300898.85,26-07-2019
C02099,Grace,Suleiman,Female,01-07-1994,Awka,Anambra,Civil Servant,Retail,2700000.0,21-06-2019
C02100,Chukwuemeka,uzoma,Male,12-02-1982,Nsukka,Enugu,Student,Retail,3252250.65,01-08-2020
C02101,Ikechukwu,Ezeh,Male,26-08-1987,Warri,Delta,Business Owner,Retail,5939708.4,13-06-2019
C02102,Olumide,Suleiman,Male,03-05-1976,Abeokuta,Ogun,Freelancer,Retail,,18-03-2022
C02103,Ibrahim,Abiola,Male,04-04-1983,Benin City,Edo,Retired,Premium,30787112.85,24-11-2018
C02104,Titi,Okoro,Female,18-10-2000,Zaria,Kaduna,Student,Retail,11512361.25,20-05-2019
C02105,Adaeze,Adeyemi,Female,11-04-1975,Calabar,Cross River,Retired,Premium,11791850.4,29-01-2018
C02106,Yetunde,Olawale,Female,02-08-2003,Uyo,Akwa Ibom,Self Employed,Corporate,48531725.25,25-01-2018
C02107,Ayodele,Obi,Male,1996-03-06,Asaba,Delta,Freelancer,Retail,5123724.15,2025-12-03
C02108,Nkechi,Yusuf,Female,07-08-2004,Abuja,FCT,Business Owner,Corporate,6583478.55,13-06-2018
C02109,Adaeze,Mohammed,Female,11-03-1995,Abeokuta,Ogun,Retired,Retail,3929460.75,28-08-2024
C02110,Segun,Okonkwo,Male,1976-03-15,Abeokuta,Ogun,Salaried,Retail,2700000.0,2019-07-14
C02111,Chioma,Nwachukwu,Female,01-03-2003,Enugu,Enugu,Business Owner,Premium,4860000.0,21-07-2019
C02112,Maryam,Okonkwo,Female,22-08-1979,Nsukka,Enugu,Business Owner,Retail,7340928.75,08-08-2021
C02113,Ikechukwu,Nnaji,Male,23-05-1981,Warri,Delta,,Retail,12022330.35,07-03-2024
C02114,Olamide,Nwosu,Male,01-01-1967,Enugu,Enugu,Self Employed,Premium,10378253.25,07-11-2022
C02115,Titi,Aliyu,Female,15-08-1968,Port Harcourt,Rivers   ,Student,Retail,4938165.6,08-05-2021
C02116,Simisola,Ajayi,Female,01-08-1961,Kaduna,Kaduna,Retired,Retail,5590349.55,06-07-2021
C02117,Nkechi,Yusuf,Female,26-09-1999,Abeokuta,Ogun,Freelancer,Retail,7589359.95,03-05-2021
C02118,Emmanuel,Adekunle,Male,09-08-1968,Ikeja,Lagos,Student,Retail,8494425.45,01-02-2023
C02119,Emmanuel,Eze,Male,19-06-1968,Ogbomoso,Oyo,Self Employed,SME,16356120.45,04-12-2025
C02120,NKECHI,Chukwuma,Female,22-09-1972,Ibadan,Oyo,Freelancer,Wealth,36812413.8,18-10-2018
C02121,Ayodele,Fashola,Male,09-08-1996,Awka,Anambra,Retired,Retail,6423325.2,03-11-2025
C02122,Temitope,Garba,Female,24-08-2003,Lekki,Lagos,Retired,Premium,12613713.9,02-12-2025
C02123,Comfort,Chukwuma,Female,19-01-1987,Zaria,Kaduna,Business Owner,Corporate,25666277.4,05-06-2020
C02124,Ifeanyi,Ogunleye,Male,08-12-1968,Port Harcourt,Rivers,Freelancer,Wealth,,23-02-2024
C02125,Amaka,Bello,Female,03-11-1994,Lekki,Lagos,Self Employed,Premium,21277435.8,27-10-2020
C02126,Chukwuemeka,Abiola,Male,03-12-1960,Lagos,Lagos,Self Employed,Retail,5538576.0,20-08-2024
C02127,Adanna,Adesanya,Female,10-08-1979,Zaria,Kaduna,Freelancer,Retail,18263430.15,27-08-2023
C02128,Nnamdi,Ogunleye,Male,25-09-1964,Kaduna,Kaduna,Business Owner,Retail,3689710.2,16-05-2025
C02129,Adaeze,Olawale,Female,13-02-1978,Calabar,Cross River,Retired,Retail,5896640.25,16-03-2025
C02130,Patience,Ogundipe,Female,1985-05-15,Uyo,Akwa Ibom,Salaried,Corporate,17006133.6,15-08-2025
C02131,Tobi,Ibe,Male,22-07-1992,Onitsha,Anambra,Salaried,Retail,2700000.0,18-12-2024
C02132,Maryam,Yakubu,Female,13-04-1969,Jos,Plateau,,,3780000.0,23-04-2022
C02133,Rukayat,Afolabi,Female,04-01-1968,Ibadan,Oyo,Business Owner,Retail,5438919.3,15-09-2021
C02134,Obinna,Adebayo,Male,13-09-2002,Kaduna,Kaduna,Self Employed,Retail,9608019.6,09-11-2020
C02135,Chidi,Nwankwo,Male,01-05-1987,Kaduna,Kaduna,Business Owner,Retail,5468172.6,30-08-2025
C02136,Amara,Yusuf,Female,14-02-1982,Ikeja,Lagos,Business Owner,Retail,,09-10-2018
C02137,Bukola,Okafor,Female,1997-10-16,Zaria,Kaduna,Civil Servant,SME,13773759.15,01-10-2023
C02138,Kemi,Bello,Female,28-08-1980,Enugu,Enugu,Business Owner,Retail,4924419.15,09/23/2019
C02139,Emmanuel,Onyekachi,Male,14-11-1992,Nsukka,Enugu,Salaried,Retail,10671717.75,29-10-2024
C02140,Ijeoma,Nwosu,Female,09-04-1964,Benin City,Edo,Retired,Premium,24993436.95,18-06-2023
C02141,Wale,Ogundipe,Male,05-06-1977,Port Harcourt,Rivers,Business Owner,Premium,6701383.05,25-07-2021
C02142,Chukwudi,Adesanya,Male,12-04-1989,Ikeja,Lagos,Retired,Corporate,10044294.15,11-08-2021
C02143,Yakubu,Balogun,Male,08-11-2000,Kaduna,Kaduna,Self Employed,Premium,53178008.55,18-05-2025
C02144,Ifeanyi,Adeyemi,Male,23-03-1960,Ogbomoso,Oyo,Civil Servant,Premium,6422486.25,2021-12-20
C02145,Blessing,Ogunleye,Female,11-03-1998,Zaria,Kaduna,Self Employed,Retail,14894174.25,06/17/2018
C02146,Ijeoma,Okafor,Female,24-10-1966,Enugu,Enugu,Retired,Retail,6293302.95,05-02-2022
C02147,Ibrahim,Okonkwo,Male,03-05-2002,Asaba,Delta,Self Employed,Retail,6028038.6,2018-01-16
C02148,Ronke,Danjuma,Female,05-12-1993,Zaria,Kaduna,Salaried,SME,5785854.3,25-05-2024
C02149,Aliyu,Eze,Male,21-04-1970,Ogbomoso,Oyo,Student,Corporate,20449236.45,17-09-2022
C02150,Chukwudi,Adekunle,Male,07-09-1978,Kaduna,Kaduna,Freelancer,Retail,3023537.85,15-03-2025
C02151,Comfort,Eze,Female,26-02-1983,Warri,Delta,Business Owner,Retail,6255559.35,2021-10-24
C02152,Femi,Uzoma,Male,20-07-1979,Lekki,Lagos,Freelancer,Retail,11253016.65,25-04-2023
C02153,Chukwudi,Ezeh,Male,17-10-1988,Asaba,Delta,Civil Servant,SME,5165915.85,11-12-2025
C02154,Maryam,Garba,Female,28-05-1980,Ogbomoso,Oyo,Student,Corporate,16293964.5,04-01-2023
C02155,Wale,Aliyu,Male,09-12-1980,Lekki,Lagos,Retired,Retail,10661347.65,20-11-2023
C02156,Bayo,Nwachukwu,Male,20-09-1994,Warri,Delta,Business Owner,Premium,43354350.6,16-07-2024
C02157,Kayode,Chukwuma,Male,20-08-1980,Warri,Delta,Student,Retail,7491882.0,02-03-2024
C02158,Nnamdi,Adeyemi,Male,18-05-1992,Nsukka,Enugu,Freelancer,Retail,5560863.9,16-05-2023
C02159,Suleiman,Eze,Male,08-03-1965,Ibadan,Oyo,Freelancer,Premium,14716904.55,2021-09-28
C02160,Yusuf,Yakubu,Male,04-09-1995,Warri,Delta,Retired,Retail,8958742.65,03-07-2019
C02161,Suleiman,Adeyemi,Male,01-08-2001,Lagos,Lagos,Civil Servant,SME,5977522.35,06-02-2023
C02162,Chukwuemeka,Danjuma,Male,16-04-1968,Lekki,Lagos,Self Employed,Corporate,16112977.95,30-01-2021
C02163,Precious,Abiola,Female,22-07-2002,Zaria,Kaduna,Student,Retail,4652431.5,25-09-2023
C02164,Rukayat,Okonkwo,Female,26-09-1986,Abuja,FCT,Self Employed,Premium,7296537.75,20-02-2019
C02165,Precious,Eze,Female,04-04-2002,Abeokuta,Ogun,Freelancer,Retail,-5669482.8,15-05-2018
C02166,Zainab,Ajayi,Female,03-11-1968,Uyo,Akwa Ibom,Freelancer,Retail,9348924.75,21-02-2021
C02167,Femi,Aliyu,Male,12-05-1962,Benin City,Edo,Business Owner,Wealth,20708835.75,03-06-2023
C02168,Temitope,Balogun,Female,04-12-2001,Ikeja,Lagos,Freelancer,Corporate,7909989.75,31-05-2022
C02169,Zainab,Nnaji,Female,24-02-1998,Calabar,Cross River,Retired,Retail,19483473.9,07-08-2018
C02170,Simisola,Balogun,Female,10-11-1974,Port Harcourt,Rivers,Student,SME,11203711.05,22-04-2023
C02171,Adanna,Umeh,Female,25-01-1978,Lekki,Lagos,Salaried,Wealth,33571917.45,29-09-2018
C02172,Damilare,Adekunle,Male,20-03-1973,Ogbomoso,Oyo,Business Owner,Retail,3908072.7,13-07-2024
C02173,Sunday,Uzoma,Male,23-08-1983,Kaduna,Kaduna,Civil Servant,SME,12826841.4,17-09-2023
C02174,Damilare,Adebayo,Male,07-12-1995,Ibadan,Oyo,Self Employed,Premium,9286306.5,2020-07-17
C02175,Abubakar,Eze,Male,13-02-1979,Abeokuta,Ogun,Retired,SME,11805634.2,08-11-2022
C02176,Amara,Yusuf,Female,07-08-1961,Ibadan,Oyo,Freelancer,Retail,9163243.65,02-02-2025
C02177,Adewale,Yakubu,Male,10-09-1982,Lekki,Lagos,Student,Premium,25940433.3,18-09-2018
C02178,Rukayat,Ogundipe,Female,01-06-1960,Jos,Plateau,Civil Servant,SME,12055221.3,22-07-2020
C02179,Zainab,Okonkwo,Female,16-11-1977,Awka,Anambra,Business Owner,Retail,3913875.45,16-04-2018
C02180,Kayode,Fashola,Male,12/28/1997,Port Harcourt,Rivers,Self Employed,Retail,5081508.6,06-10-2022
C02181,Wale,Umeh,Male,1961-10-24,Uyo,Akwa Ibom,Student,Premium,6537236.25,2022-03-25
C02182,Chukwuemeka,Adeyemi,Male,20-02-1989,Jos,Plateau,Business Owner,Corporate,32126955.6,03-06-2022
C02183,Amaka,Adeyemi,Female,26-03-1977,Enugu,Enugu,Retired,Wealth,28776963.6,07-08-2024
C02184,Nnamdi,Eze,Male,07-02-1962,Calabar,Cross River,Student,Premium,24566523.15,01/27/2023
C02185,Nnamdi,Adeyemi,Male,05-06-1964,Abuja,FCT,Retired,Premium,8381823.3,04-11-2019
C02186,Segun,Musa,Male,03-06-1975,Nsukka,Enugu,Salaried,Retail,6068062.2,01-03-2024
C02187,Ronke,Nwosu,Female,1975-08-25,Ibadan,Oyo,Retired,Retail,3587928.6,08-02-2025
C02188,Chukwuemeka,Musa,Male,25-10-1982,Onitsha,Anambra,Business Owner,Retail,2700000.0,25-10-2024
C02189,Grace,Danjuma,Female,28-04-1961,Ikeja,Lagos,Business Owner,Wealth,47726820.0,18-09-2018
C02190,Godwin,Ibe,Male,22-05-1977,  Nsukka,Enugu,Retired,Retail,7258943.25,04-01-2018
C02191,Amara,Fashola,Female,08-04-1990,Awka,Anambra,Freelancer,Retail,11549078.85,30-05-2023
C02192,Patience,Nwachukwu,Female,05-04-1997,Awka,Anambra,Retired,Retail,2700000.0,2021-07-21
C02193,Bukola,Suleiman,Female,28-03-1964,Nsukka,Enugu,Student,Premium,7417741.65,18-04-2025
C02194,Abubakar,Adeyemi,male,17-02-1987,Ogbomoso,Oyo,Civil Servant,Retail,17276978.4,09-02-2026
C02195,Olumide,Adeyemi,Male,03-04-1990,Calabar,Cross River,Student,Retail,7444718.1,05/26/2023
C02196,Adanna,Okoro,Female,21-03-1986,Calabar,Cross River,Salaried,Retail,11512872.0,05-07-2018
C02197,Segun,Okafor,Male,21-07-2002,Abuja,FCT,Student,Retail,6106806.0,03/15/2025
C02198,Hauwa,Garba,Female,05-01-2001,Calabar,Cross River,Business Owner,SME,22500223.05,05-01-2020
C02199,Grace,Ekwueme,Female,1960-07-02,Nsukka,Enugu,Freelancer,Retail,4663201.95,02-10-2025
C02200,Ibrahim,Nwosu,Male,22-01-2004,Onitsha,Anambra,Business Owner,Retail,9659474.1,21-09-2019
C02201,Kelechi,Okoro,Male,16-07-1985,Lagos,Lagos,Civil Servant,Retail,5248487.85,26-01-2019
C02202,Adaeze,Ajayi,Female,07-04-1987,Ibadan,Oyo,Civil Servant,SME,9486976.95,10-05-2018
C02203,Emeka,Fashola,Male,05-10-1974,Onitsha,Anambra,Freelancer,Retail,4077795.6,19-11-2024
C02204,Yusuf,Danjuma,Male,1964-02-25,Ikeja,Lagos,Self Employed,Retail,6912428.7,13-03-2025
C02205,Ngozi,Okoro,Female,17-03-1983,Abeokuta,Ogun,Freelancer,Retail,2700000.0,06-03-2021
C02206,Nkechi,Olawale,Female,10-04-1968,Onitsha,Anambra,Student,Retail,4378211.1,21-01-2018
C02207,Patience,Mohammed,Female,17-10-1976,Abeokuta,Ogun,Self Employed,Retail,4675250.1,27-11-2022
C02208,Blessing,Olawale,Female,16-11-2000,Jos,Plateau,Self Employed,Premium,18867193.05,22-12-2024
C02209,Halima,Ezeh,Female,13-06-1974,Kaduna,Kaduna,Student,SME,5716012.2,17-05-2022
C02210,Tunde,Suleiman,Male,04/28/1983,Abeokuta,Ogun,Self Employed,Premium,10938229.5,15-07-2022
C02211,Wale,Chukwuma,Male,06-06-2004,Lekki,Lagos,Business Owner,Retail,2700000.0,03-05-2020
C02212,Ngozi,Ibe,Female,1997-12-23,Calabar,Cross River,Freelancer,Premium,8286808.35,20-10-2020
C02213,Ifeanyi,Yusuf,Male,23-04-1978,Port Harcourt,Rivers,Business Owner,Corporate,5940000.0,29-04-2023
C02214,Adewale,Sanni,Male,15-11-1970,Warri,Delta,Business Owner,SME,12806411.55,16-01-2021
C02215,Adewale,Okafor,Male,14-05-2002,Nsukka,Enugu,Student,Retail,6638518.95,19-02-2019
C02216,Obinna,Nwosu,Male,10-03-1994,Ibadan,Oyo,Student,Premium,13354094.7,01/29/2019
C02217,Comfort,Okonkwo,Female,17-11-1974,Uyo,Akwa Ibom,Civil Servant,Retail,4191522.75,30-04-2018
C02218,Sunday,Nwachukwu,Male,26-08-1961,Enugu,Enugu,Business Owner,Retail,14792421.75,06-01-2024
C02219,Segun,Nnaji,Male,18-08-1987,Abuja,FCT,,SME,8015729.85,15-03-2021
C02220,MUSA,Musa,Male,25-10-1972,Ibadan,Oyo,Freelancer,Retail,10175918.1,26-06-2024
C02221,Yakubu,Musa,Male,10-12-1984,Abeokuta,Ogun,Student,Retail,2700000.0,23-07-2019
C02222,Ibrahim,Balogun,Male,1997-11-10,Lekki,Lagos,Self Employed,Retail,5267818.5,14-03-2025
C02223,Zainab,Uzoma,Female,23-07-2004,Ogbomoso,Oyo,Freelancer,Retail,6010562.55,05-03-2024
C02224,Chidi,Ekwueme,Male,08-06-1973,Enugu,Enugu,Civil Servant,Premium,6756900.9,02-07-2022
C02225,Nkechi,adebayo,Female,09-10-1996,Enugu,Enugu,Freelancer,Corporate,10035043.95,14-09-2022
C02226,Comfort,Mohammed,Female,04/22/2002,Kaduna,Kaduna,Civil Servant,Retail,9770205.15,03-03-2026
C02227,Chukwudi,Chukwu,Male,16-07-1964,Ikeja,Lagos,Civil Servant,Premium,15418229.1,30-06-2021
C02228,Ikechukwu,Ibe,Male,17-03-1962,Abeokuta,Ogun,Retired,Premium,23445782.85,2024-10-02
C02229,Simisola,Ajayi,Female,05-05-1975,Ikeja,Lagos,Retired,Retail,9978958.05,05-12-2020
C02230,Comfort,Ogunleye,Female,1963-04-11,Port Harcourt,Rivers,Retired,Retail,5268232.35,2019-02-13
C02231,Bukola,Adeyemi,Female,02-07-1994,Nsukka,Enugu,Salaried,Retail,8964433.65,12-04-2020
C02232,Omolara,Obi,Female,22-10-1966,Port Harcourt,Rivers,Civil Servant,Retail,16762697.4,04-05-2019
C02233,Halima,Ibrahim,Female,28-08-1994,Port Harcourt,Rivers,Student,Premium,19990626.6,08-04-2022
C02234,Folake,Ekwueme,Female,20-04-1987,Awka,Anambra,Retired,Retail,27385938.45,01-04-2019
C02235,Ifeanyi,Aliyu,Male,10-10-1967,Ibadan,Oyo,Freelancer,Retail,7721346.9,30-08-2020
C02236,Aisha,Nwosu,Female,11-04-1981,Warri,Delta,Salaried,Retail,7797015.6,24-07-2022
C02237,Chukwuemeka,Okoro,Male,11-06-1976,Calabar,Cross River,Salaried,Retail,,24-07-2019
C02238,Ijeoma,Yakubu,Female,1978-08-24,Uyo,Akwa Ibom,Retired,SME,20026608.45,24-11-2023
C02239,Bayo,Ibrahim,Male,20-07-1987,Uyo,Akwa Ibom,Business Owner,Retail,24729506.25,11-03-2019
C02240,Olamide,Okafor,male,24-12-2000,Lekki,Lagos   ,Business Owner,Retail,3127039.8,31-01-2022
C02241,Nkechi,Yusuf,Female,03/28/1978,Zaria,Kaduna,Student,Wealth,16676338.5,30-06-2019
C02242,Olumide,Adeyemi,Male,01-06-1985,Uyo,Akwa Ibom,Business Owner,Retail,13019490.9,02-05-2025
C02243,Grace,Uzoma,Female,01-04-1967,Benin City,Edo,Salaried,Wealth,14354496.9,08-11-2025
C02244,Adewale,Nwachukwu,Male,01-02-1988,Zaria,Kaduna,Freelancer,Retail,13312521.75,18-01-2021
C02245,Tobi,Nwosu,Male,18-03-1991,Asaba,Delta,Business Owner,Retail,6426566.4,25-05-2025
C02246,Ronke,Umeh,Female,05-04-1968,Abeokuta,Ogun,Student,Premium,6063463.95,31-08-2021
C02247,Godwin,Danjuma,Male,12-04-1993,Port Harcourt,Rivers,Salaried,Wealth,22497197.85,02/22/2026
C02248,Ibrahim,Ogundipe,Male,20-08-1977,Calabar,Cross River,Business Owner,SME,4527015.75,20-12-2022
C02249,Zainab,Sanni,Female,17-11-1970,Port Harcourt,Rivers,Retired,Premium,21125667.75,17-06-2018
C02250,Chidi,Adeyemi,Male,08-09-1989,Abuja,FCT,Business Owner,Retail,3918728.55,13-11-2018
C02251,Yetunde,Yusuf,Female,26-03-1981,Abuja,FCT,Student,Corporate,19168012.05,26-03-2024
C02252,Emmanuel,Afolabi,Male,24-05-1989,Ogbomoso,Oyo,Civil Servant,SME,4178676.6,29-04-2022
C02253,Chukwuemeka,Uzoma,Male,18-08-1982,Enugu,Enugu,Civil Servant,Premium,6671714.1,27-06-2020
C02254,Adanna,Yusuf,Female,08-05-1988,Abuja,FCT,Business Owner,SME,7479644.7,13-07-2023
C02255,Blessing,Ibe,Female,10/10/1997,Uyo,Akwa Ibom,Civil Servant,Premium,6513650.4,26-03-2022
C02256,Chiamaka,Okafor,Female,11-07-1963,Warri,Delta,Salaried,Retail,4244449.05,06-12-2018
C02257,Simisola,Nnaji,Female,15-03-1980,Ibadan,Oyo,Retired,Retail,13252601.55,10-03-2024
C02258,Olumide,Okoro,Male,08-06-1968,Ikeja,Lagos,Freelancer,Premium,12114644.85,15-11-2024
C02259,Chinedu,Okonkwo,Male,10-05-1978,Ibadan,Oyo,Freelancer,Retail,12429574.35,31-07-2019
C02260,Fatima,Eze,Female,1971-04-10,Benin City,Edo,Salaried,Retail,9386098.35,28-01-2026
C02261,Fatima,Eze,Female,28-04-1981,Onitsha,Anambra,Retired,Retail,2997782.1,28-04-2018
C02262,Sunday,Bello,Male,19-08-1971,Ibadan,Oyo,Freelancer,SME,8143660.5,15-08-2019
C02263,Emeka,Ogundipe,Male,11/20/1981,Abuja,FCT,Retired,Retail,4508152.5,04-05-2022
C02264,Uche,Garba,Male,1962-05-01,Enugu,Enugu,Student,SME,,09-10-2019
C02265,Adewale,Afolabi,Male,06-05-1991,Asaba,Delta,Business Owner,Premium,5773713.75,09/04/2025
C02266,Adewale,Fashola,Male,13-03-1997,Enugu,Enugu,Self Employed,Retail,11187723.9,12-05-2019
C02267,Wale,Bello,Male,17-03-1997,Enugu,Enugu,Self Employed,Retail,10709236.8,04-07-2018
C02268,Tobi,Mohammed,Male,19-11-1966,Ogbomoso,Oyo,Student,Retail,8122179.0,2024-10-10
C02269,AMARA,Bello,Female,02-10-1965,Kaduna,Kaduna,Salaried,Retail,7857488.4,24-03-2022
C02270,Comfort,Ogundipe,Female,13-06-1971,Port Harcourt,Rivers,Business Owner,Premium,20844475.2,09/22/2024
C02271,Ijeoma,Olawale,Female,15-12-1960,Awka,Anambra,Business Owner,Premium,37016880.6,25-02-2026
C02272,Femi,Yusuf,Male,08-12-1968,Nsukka,Enugu,Business Owner,Retail,4959997.8,19-09-2021
C02273,Femi,Mohammed,Male,1978-08-24,Ibadan,Oyo,Freelancer,Retail,11951390.7,21-11-2024
C02274,Kayode,Ibe,male,15-11-1965,Asaba,Delta,Business Owner,Wealth,17702885.25,26-12-2019
C02275,Amaka,Aliyu,Female,03-07-2001,Kaduna,Kaduna,Retired,Retail,9127712.85,14-08-2018
C02276,Chidi,Danjuma,Male,26-02-2002,Ogbomoso,Oyo,Student,Premium,11420989.2,21-01-2025
C02277,Grace,Yakubu,Female,07-07-2000,Kaduna,Kaduna,Retired,Retail,4320907.5,29-09-2019
C02278,EMEKA,Danjuma,Male,27-07-1968,Warri,Delta,Student,Premium,21537712.95,2018-12-10
C02279,Kelechi,Abiola,Male,20-03-1978,Warri,Delta,Self Employed,Retail,10156317.3,11/19/2025
C02280,TITI,Suleiman,Female,09-03-1973,Warri,Delta,Retired,Retail,8530548.6,04-05-2020
C02281,Precious,Umeh,Female,23-09-1990,Port Harcourt,Rivers,Business Owner,Retail,6509582.4,24-05-2024
C02282,Kelechi,Danjuma,Male,17-04-1981,Warri,Delta,Freelancer,Retail,7809422.55,19-10-2022
C02283,Yusuf,Obi,Male,14-03-1978,Ibadan,Oyo,Self Employed,Retail,9460651.2,22-06-2023
C02284,Chioma,Abiola,Female,12-06-1977,Abeokuta,Ogun,Business Owner,Retail,9768894.0,30-04-2022
C02285,Funmilayo,Nwankwo,Female,09-07-1990,Abuja,FCT,Retired,Retail,6810614.85,25-03-2021
C02286,Maryam,Balogun,Female,10-01-1967,Uyo,Akwa Ibom,Student,Retail,6040739.1,27-12-2023
C02287,Olamide,Ibrahim,Male,27-03-1967,Onitsha,Anambra,Retired,Premium,15223972.35,11-12-2022
C02288,Suleiman,Garba,Male,22-05-1973,Lekki,Lagos,Self Employed,SME,10288085.25,27-08-2019
C02289,Halima,Mohammed,Female,15-08-1978,Nsukka,Enugu,Student,Premium,23959623.9,09-02-2026
C02290,Chidi,Musa,Male,12-03-1989,Lekki,Lagos,Self Employed,Retail,7058803.5,31-07-2020
C02291,Obinna,Umeh,Male,03-03-1993,Abuja,FCT,Student,Retail,9222398.7,27-03-2025
C02292,Adaobi,Aliyu,Female,19-01-2004,Port Harcourt,Rivers,Student,Premium,9470575.65,09-03-2026
C02293,Adaeze,Ekwueme,Female,07-07-1960,Jos,Plateau,Self Employed,Retail,4878307.95,18-01-2018
C02294,Damilare,Obi,Male,26-03-1964,Asaba,Delta,Student,SME,11745560.25,02-11-2020
C02295,Tobi,Fashola,Male,25-04-1973,Calabar,Cross River,Freelancer,Retail,18324955.5,22-01-2024
C02296,Zainab,Ogundipe,Female,24-08-1985,Abuja,FCT,Retired,Corporate,8919639.9,17-03-2021
C02297,Ibrahim,Fashola,Male,01-03-1998,Ogbomoso,Oyo,Self Employed,Premium,9678065.7,20-08-2019
C02298,Bayo,Adesanya,Male,25-06-1999,Benin City,Edo,Salaried,SME,4717345.65,21-09-2021
C02299,Abubakar,Adekunle,Male,16-02-1985,Awka,Anambra,Retired,Retail,18789545.85,19-09-2023
C02300,Ifeoma,Fashola,Female,24-12-2000,Lekki,Lagos,Self Employed,Retail,5179734.15,19-09-2018
C02301,Segun,Obi,Male,17-07-1985,Uyo,Akwa Ibom,Business Owner,Retail,19177103.7,2023-10-11
C02302,Tunde,Adekunle,male,15-05-1990,Nsukka,Enugu,Student,,6680690.25,16-10-2023
C02303,Godwin,Bello,Male,15-05-1984,Onitsha,Anambra,Retired,Retail,11917854.0,02-06-2018
C02304,Blessing,Ezeh,Female,04-11-1989,Port Harcourt,Rivers,Freelancer,Retail,9209629.2,26-02-2019
C02305,Adanna,Danjuma,Female,12-02-1965,Ogbomoso,Oyo,Student,Retail,6827075.55,02-12-2022
C02306,Adewale,Nwachukwu,male,23-12-1997,Uyo,Akwa Ibom,Freelancer,Retail,7978199.1,2021-08-07
C02307,Titi,Nnaji,Female,07-09-1981,Lagos,Lagos,Student,Retail,3474404.85,02-09-2021
C02308,Ibrahim,Bello,Male,12-09-1969,Jos,Plateau,Business Owner,Retail,7961757.75,15-10-2019
C02309,Adaobi,Olawale,Female,05-11-1985,Ibadan,Oyo,Student,Retail,5640404.85,19-10-2022
C02310,Ijeoma,Ogunleye,Female,28-10-1991,Calabar,Cross River,Self Employed,Retail,25045091.4,08-10-2019
C02311,Ifeoma,Chukwu,Female,25-08-1971,Jos,Plateau,Civil Servant,Retail,10535504.85,26-02-2025
C02312,Oluwaseun,Balogun,Male,11-03-1963,Uyo,Akwa Ibom,Salaried,Retail,8936913.9,08-02-2024
C02313,Nkechi,Okoro,Female,18-01-1972,Jos,Plateau,Student,SME,7318957.2,06-04-2023
C02314,Aisha,Ibrahim,Female,25-02-1967,Jos,Plateau,Self Employed,Retail,4495644.3,05-01-2018
C02315,Abubakar,Uzoma,Male,15-01-1963,Abuja,FCT,Freelancer,SME,5743981.05,01-08-2018
C02316,Chinedu,Okonkwo,Male,28-08-2002,Uyo,Akwa Ibom,Freelancer,SME,3780000.0,2024-07-02
C02317,CHIAMAKA,Mohammed,Female,04-08-2000,Lekki,Lagos,Student,Retail,9417360.9,24-07-2022
C02318,Ifeoma,Okafor,Female,20-10-1962,Awka,Anambra,Salaried,Premium,5396242.65,13-03-2018
C02319,Aliyu,Afolabi,Male,06-03-1983,Abuja,FCT,Student,SME,19474193.4,31-12-2024
C02320,Ayodele,Nnaji,MALE,05-03-2004,Nsukka,Enugu,Student,SME,12701190.75,29-03-2018
C02321,Adewale,Abiola,Male,16-05-2004,Uyo,Akwa Ibom,Salaried,Premium,8741756.85,08-09-2021
C02322,Blessing,Umeh,Female,2004-02-02,Ikeja,Lagos,Business Owner,Retail,6133387.8,14-04-2024
C02323,Yusuf,Okafor,Male,09-11-1973,Lekki,Lagos,Self Employed,SME,24298251.15,29-07-2021
C02324,Adanna,Ajayi,Female,23-09-1992,Awka,Anambra,Retired,Retail,6581403.45,09-07-2022
C02325,Amara,Adesanya,Female,27-02-1996,Kaduna,Kaduna,Freelancer,Retail,6693610.05,10-09-2020
C02326,Suleiman,Ogundipe,Male,03-04-1961,Port Harcourt,Rivers,Business Owner,SME,15400900.65,29-05-2022
C02327,Yusuf,Danjuma,Male,28-05-1981,Calabar,Cross River,Freelancer,SME,9271186.95,29-07-2025
C02328,Ibrahim,Ajayi,Male,13-09-1961,Port Harcourt,Rivers,Retired,,10614258.6,16-10-2021
C02329,Chinedu,Bello,Male,16-03-1973,Benin City,Edo,Self Employed,SME,7098311.4,04-08-2021
C02330,Tunde,Chukwuma,male,13-04-2001,Ogbomoso,Oyo,Retired,Premium,16501199.25,03-08-2018
C02331,Oluwaseun,Olawale,Male,08-10-1998,Zaria,Kaduna,Self Employed,Retail,6247815.15,28-11-2023
C02332,Chukwudi,Aliyu,Male,09-12-1981,Enugu,Enugu,Retired,Retail,13749306.45,31-07-2020
C02333,Yetunde,Garba,Female,08-12-1976,Ikeja,Lagos,Self Employed,Premium,10963499.1,27-12-2023
C02334,Blessing,Musa,Female,05-02-1992,Lagos,Lagos,Student,Wealth,26558428.5,27-10-2025
C02335,Emmanuel,Fashola,Male,28-01-1989,Benin City,Edo,Business Owner,Retail,8284524.6,20-08-2025
C02336,Bisi,Ibrahim,Female,25-11-1973,Calabar,Cross River,Self Employed,Corporate,14551247.1,23-01-2019
C02337,Hauwa,Ibe,Female,24-02-1997,Calabar,Cross River,Freelancer,Retail,9909707.55,28-04-2018
C02338,Suleiman,Ogundipe,Male,14-08-1985,Asaba,Delta,Freelancer,Retail,13429898.1,15-12-2023
C02339,Emeka,Okafor,Male,08-07-1973,Calabar,Cross River,Freelancer,Retail,7139384.85,05-05-2025
C02340,Bukola,Umeh,Female,15-03-2000,Ibadan,Oyo,Student,SME,6429791.4,10-10-2023
C02341,Chidi,Aliyu,Male,1960-10-23,Zaria,Kaduna,Self Employed,Premium,11003776.05,04-03-2024
C02342,Obinna,Sanni,Male,18-12-2003,Abuja,FCT,Self Employed,Wealth,30070468.8,17-08-2021
C02343,Emmanuel,Ekwueme,Male,16-08-1999,Onitsha,Anambra,Retired,Retail,11066751.75,21-02-2022
C02344,Comfort,Ogunleye,Female,01-06-1961,Calabar,Cross River,Student,SME,3892761.0,03/08/2024
C02345,Godwin,Ajayi,Male,03-10-1972,Lekki,Lagos,Freelancer,Wealth,17049089.7,13-04-2019
C02346,Chukwuemeka,Ekwueme,Male,02-07-1993,Awka,Anambra,Business Owner,Retail,12486237.9,09-01-2021
C02347,Yusuf,Nwankwo,Male,17-03-2000,Abuja,FCT,Freelancer,SME,15627283.95,12-08-2020
C02348,Yetunde,Suleiman,Female,07-10-1969,Lagos,Lagos,Business Owner,Retail,8292942.0,02-12-2019
C02349,Musa,Nwankwo,Male,22-07-1961,Lekki,Lagos,Student,Premium,10701888.75,20-11-2019
C02350,Rukayat,Suleiman,Female,08/21/1960,Ikeja,Lagos,Business Owner,Retail,8499495.0,06-09-2020
C02351,Rukayat,Yusuf,Female,01-05-2000,Kaduna,Kaduna,Business Owner,Premium,4860000.0,21-05-2022
C02352,Ifeoma,Sanni,Female,22-07-1983,Abuja,FCT,Self Employed,Corporate,14542319.55,2022-01-22
C02353,Folake,Okoro,Female,08-06-1976,Awka,Anambra,Business Owner,Retail,8909268.9,07-10-2023
C02354,Ijeoma,Ezeh,Female,2002-12-28,Nsukka,Enugu,Freelancer,Retail,4427326.95,19-02-2024
C02355,Simisola,Onyekachi,Female,28-03-2000,Ogbomoso,Oyo,Self Employed,Retail,6575871.75,24-09-2019
C02356,Bukola,Nwachukwu,Female,16-08-2002,Lagos,Lagos,Self Employed,Retail,4622873.1,14-10-2019
C02357,Ijeoma,Ibe,Female,07-09-1999,Ogbomoso,Oyo,Retired,Premium,14601925.35,10-05-2018
C02358,Abubakar,Nwachukwu,Male,26-12-1961,Uyo,Akwa Ibom   ,Retired,Retail,10331642.85,07-01-2021
C02359,Ifeoma,Sanni,Female,24-03-1989,Ibadan,Oyo,Self Employed,SME,10490895.45,01-07-2023
C02360,Chioma,Suleiman,Female,09-06-1997,Port Harcourt,Rivers,Retired,Premium,12689416.8,09-12-2021
C02361,Amaka,Okafor,Female,22-01-1982,Asaba,Delta,Self Employed,Retail,3365042.85,23-09-2018
C02362,Adaobi,Okonkwo,Female,10/09/1989,Port Harcourt,Rivers,Retired,,25516404.6,16-09-2021
C02363,Yakubu,Ibe,Male,24-12-1965,Nsukka,Enugu,Business Owner,SME,5740462.5,15-11-2019
C02364,Tunde,Okoro,Male,15-03-1982,Ibadan,Oyo,Freelancer,SME,5174415.9,09-11-2021
C02365,Patience,Ekwueme,Female,2004-01-17,Asaba,Delta,Business Owner,Retail,4803846.75,02-11-2021
C02366,Halima,Adekunle,Female,25-11-1976,Warri,Delta,Business Owner,Retail,5021171.55,04-07-2021
C02367,Yusuf,Musa,Male,08/23/2004,Enugu,Enugu,,Retail,8861323.8,10-02-2023
C02368,Amara,Aliyu,Female,09-08-1975,Nsukka,Enugu,Freelancer,Retail,3748773.3,04-02-2026
C02369,Funmilayo,Umeh,Female,04-05-1987,Abeokuta,Ogun,Student,Retail,5729874.3,2019-10-17
C02370,Ibrahim,Danjuma,Male,10/02/1997,Lagos,Lagos   ,Self Employed,Retail,3524129.4,08-12-2024
C02371,Emeka,balogun,Male,14-02-1981,Abuja,FCT,Self Employed,Corporate,26702186.55,2025-08-05
C02372,Suleiman,Fashola,Male,22-04-1988,Ogbomoso,Oyo,Business Owner,SME,3780000.0,19-08-2023
C02373,Comfort,Okafor,Female,10-11-1965,Uyo,Akwa Ibom,,Premium,6158711.85,09-02-2022
C02374,Yetunde,Ezeh,Female,18-03-2003,Ikeja,Lagos,Business Owner,Retail,8393799.6,2022-02-28
C02375,Wale,Nwosu,Male,06-08-1984,Jos,Plateau,Freelancer,Premium,9087958.65,10-05-2021
C02376,Hauwa,Mohammed,Female,12-10-1987,Enugu,Enugu,Student,Retail,22355647.2,02-05-2019
C02377,Chukwudi,Ezeh,Male,14-01-1980,Asaba,Delta,Student,Retail,31446590.25,23-10-2021
C02378,Tunde,Musa,Male,28-04-1988,Warri,Delta,Freelancer,Retail,3498998.85,08-08-2018
C02379,Sunday,Nwankwo,Male,27-04-1991,Zaria,Kaduna,Business Owner,Premium,5382502.35,19-12-2022
C02380,Olumide,Musa,Male,14-08-2003,Nsukka,Enugu,Student,Corporate,7216011.6,20-03-2025
C02381,Omolara,Okonkwo,Female,1982-10-24,Awka,Anambra,Business Owner,Premium,16861251.9,25-07-2021
C02382,Chioma,Olawale,Female,01-03-1960,Ikeja,Lagos,Retired,Retail,11336781.6,15-11-2024
C02383,Grace,Chukwu,Female,10-12-1973,Ikeja,Lagos,Student,Premium,18410609.4,13-06-2022
C02384,Comfort,Nwosu,Female,25-11-1975,Ikeja,Lagos,Business Owner,Retail,9653075.1,05-01-2025
C02385,Musa,Chukwuma,Male,24-12-1994,Warri,Delta,Self Employed,Retail,12026789.1,29-02-2024
C02386,Funmilayo,Danjuma,Female,03-03-1988,Port Harcourt,Rivers,Civil Servant,Retail,8628156.15,16-02-2019
C02387,Yakubu,Okoro,Male,05-03-1979,Calabar,Cross River,Self Employed,Retail,3197879.25,10-05-2018
C02388,Sunday,Adebayo,Male,24-11-1972,Calabar,Cross River,Student,Retail,9783102.15,07-02-2018
C02389,Yakubu,Obi,Male,22-10-1994,Enugu,Enugu,Student,Premium,11633846.7,22-09-2023
C02390,Chukwudi,Okonkwo,MALE,16-11-1979,Lekki,Lagos,Student,Retail,5710188.9,06-02-2018
C02391,Patience,Eze,Female,08-07-1967,Jos,Plateau,Civil Servant,Retail,3575877.6,09-01-2020
C02392,Halima,Ogunleye,Female,17-01-1989,Nsukka,Enugu,Business Owner,Retail,7234640.25,28-01-2022
C02393,Ifeanyi,Ibrahim,Male,05-08-1998,Ogbomoso,Oyo,Student,Premium,9387809.25,19-10-2022
C02394,Ijeoma,Nwankwo,female,15-04-1965,Kaduna,Kaduna,Self Employed,Retail,8079945.9,10-10-2022
C02395,Bayo,Musa,Male,13-06-1997,Enugu,Enugu,Civil Servant,Retail,,05-03-2022
C02396,Olumide,Nwosu,Male,15-04-1991,Uyo,Akwa Ibom,Self Employed,Retail,8812673.7,07-03-2026
C02397,Amara,Sanni,Female,21-11-1973,Port Harcourt,Rivers,Business Owner,SME,13141658.4,21-05-2022
C02398,Segun,Ibrahim,Male,14-08-1971,Ibadan,Oyo,Student,Retail,4547966.4,01-09-2022
C02399,Chukwuemeka,Ibe,Male,06-05-2003,Asaba,Delta,Retired,Premium,7534865.4,14-06-2022
C02400,Halima,Sanni,Female,14-04-1986,Calabar,Cross River,Civil Servant,Retail,4528951.35,06/05/2020
C02401,Adaobi,Adeyemi,Female,1995-09-25,Ibadan,Oyo,Freelancer,Wealth,8650736.55,18-07-2020
C02402,Adanna,Uzoma,Female,06-10-1982,Warri,Delta,Business Owner,Corporate,17529261.75,16-09-2024
C02403,Amaka,Ogunleye,Female,02-02-1977,Enugu,Enugu,Self Employed,SME,14082967.95,10-06-2019
C02404,Grace,Adebayo,Female,16-05-1970,Zaria,Kaduna,Freelancer,Retail,4829099.25,07-08-2018
C02405,Halima,Afolabi,Female,15-11-1981,Kaduna,Kaduna,Business Owner,Retail,24896593.35,10-07-2024
C02406,Bukola,Ajayi,Female,20-10-1988,Abuja,FCT,Business Owner,Retail,2700000.0,18-10-2023
C02407,Patience,Adebayo,Female,1995-10-18,Asaba,Delta   ,Self Employed,Premium,4860000.0,23-01-2019
C02408,Tobi,Danjuma,Male,06-02-1972,Ogbomoso,Oyo,Freelancer,Premium,24455672.85,25-08-2022
C02409,Kayode,Bello,Male,10-10-1986,Asaba,Delta,Student,Premium,12033500.7,13-12-2023
C02410,Chinedu,Nwosu,Male,04-01-2004,Abeokuta,Ogun,Student,Corporate,7246296.15,27-06-2020
C02411,Amaka,Olawale,Female,26-02-1986,Nsukka,Enugu,Retired,SME,3780000.0,31-05-2018
C02412,Aisha,Umeh,Female,20-12-1979,Ikeja,Lagos,Business Owner,SME,4426088.55,15-10-2023
C02413,Ikechukwu,Ekwueme,Male,11-04-1992,Onitsha,Anambra,Self Employed,Premium,6407321.7,28-05-2023
C02414,Ifeanyi,Ekwueme,Male,21-10-1973,Benin City,Edo,Freelancer,Retail,9543263.1,11/06/2020
C02415,Grace,Balogun,Female,04-03-1986,Kaduna,Kaduna,Self Employed,SME,8471437.65,29-05-2024
C02416,Bayo,Bello,Male,09-06-1976,Abuja,FCT,Salaried,Retail,2700000.0,09-07-2021
C02417,Nnamdi,Adesanya,Male,20-01-1973,Ibadan,Oyo,Freelancer,Retail,8047374.0,01-08-2024
C02418,Chukwuemeka,Okonkwo,Male,10-11-2004,Ogbomoso,Oyo,Retired,Retail,11962002.9,08-11-2024
C02419,Ifeoma,Nwosu,Female,12/04/1971,Abuja,FCT,Student,Retail,21791875.65,13-09-2023
C02420,Temitope,Olawale,Female,07-04-1964,Warri,Delta,Freelancer,Wealth,13026746.25,12-07-2019
C02421,Temitope,Uzoma,Female,08-11-1990,Asaba,Delta,Salaried,Premium,8436078.75,20-09-2025
C02422,Ifeoma,Okonkwo,Female ,08-12-1993,Abuja,FCT,Salaried,SME,3780000.0,21-01-2019
C02423,Adewale,Adebayo,Male,26-11-1966,Calabar,Cross River,Freelancer,Retail,4864561.05,29-06-2025
C02424,Adaobi,Fashola,Female,09-12-1970,Lagos,Lagos,Student,Retail,10970659.65,12-08-2022
C02425,Hauwa,Ogundipe,Female,04-02-2004,Uyo,Akwa Ibom,Salaried,Premium,12440480.25,14-11-2024
C02426,Godwin,Ekwueme,Male,10-02-1978,Lekki,Lagos,Student,Retail,3535204.05,09-06-2018
C02427,Ibrahim,Garba,Male,05-11-1979,Onitsha,Anambra,Retired,Retail,5530071.45,2020-01-04
C02428,Obinna,Onyekachi,Male,27-11-1964,Ibadan,Oyo,Salaried,Corporate,10956677.85,10-02-2025
C02429,Damilare,Adesanya,Male,13-08-1975,Abeokuta,Ogun,Self Employed,Premium,9890631.3,23-05-2024
C02430,Segun,Yusuf,Male,18-04-1974,Uyo,Akwa Ibom,Retired,Retail,7127618.1,04-08-2025
C02431,Adanna,Bello,Female,26-04-1999,Lagos,Lagos,Salaried,Corporate,5940000.0,2022-03-31
C02432,Uche,Abiola,Male,17-03-2003,Ogbomoso,Oyo,Self Employed,Corporate,11165490.0,20-11-2020
C02433,Folake,Aliyu,F,04-06-1990,Nsukka,Enugu,Freelancer,SME,13347066.45,02-06-2018
C02434,Femi,Okoro,Male,26-06-1987,Zaria,Kaduna,Retired,Retail,3144679.2,12-09-2021
C02435,Zainab,Ogundipe,Female,09-08-1961,Onitsha,Anambra,Retired,Retail,9980431.65,19-01-2021
C02436,Maryam,Umeh,Female,08-01-2000,Kaduna,Kaduna,Self Employed,Premium,24852533.1,14-08-2021
C02437,Nnamdi,Ekwueme,Male,13-08-1966,Abuja,FCT,Salaried,Retail,5115956.85,04-06-2018
C02438,Simisola,Danjuma,Female,09-06-1997,Lekki,Lagos,Freelancer,,6736491.9,08-03-2026
C02439,Comfort,Okoro,Female,22-07-2001,Abuja,FCT,Student,Retail,14272615.65,09-03-2018
C02440,Amara,Suleiman,Female,15-02-2004,Ogbomoso,Oyo,Civil Servant,Premium,,27-11-2018
C02441,Aisha,Ogunleye,Female,1973-09-09,Lagos,Lagos,Student,Corporate,13559246.85,03/01/2026
C02442,Precious,Suleiman,Female,11-11-1960,Onitsha,Anambra,Student,Retail,9630435.0,05-06-2025
C02443,Bukola,Adesanya,Female,24-10-1976,Awka,Anambra,Retired,Premium,4860000.0,20-10-2023
C02444,Abubakar,Chukwu,Male,11-05-1961,Onitsha,Anambra,Student,Corporate,7352561.4,06-11-2021
C02445,Ifeanyi,Bello,Male,27-03-1962,Awka,Anambra,Business Owner,Premium,19556885.7,2022-12-31
C02446,Kemi,Ajayi,Female,28-01-1979,Asaba,Delta,Freelancer,Retail,13842237.9,08-12-2019
C02447,Ayodele,Okonkwo,Male,26-09-1979,Ibadan,Oyo,Freelancer,Retail,4709613.0,07/26/2022
C02448,Nnamdi,Nwosu,Male,13-11-1963,Calabar,Cross River,Salaried,Retail,6734541.0,02-08-2019
C02449,Temitope,Ajayi,Female,13-10-1995,Jos,Plateau,Business Owner,Premium,17785013.1,18-11-2023
C02450,Ibrahim,Uzoma,Male,1990-01-07,Ibadan,Oyo,Business Owner,Retail,6097804.8,30-05-2021
C02451,Aliyu,Aliyu,Male,20-11-1973,Awka,Anambra,,Retail,6772542.3,10-01-2024
C02452,Maryam,Eze,Female,07-03-2003,Warri,Delta,Self Employed,Retail,6014851.65,24-05-2019
C02453,Adewale,Yakubu,Male,28-05-1979,Jos,Plateau,Student,,6228372.75,30-09-2020
C02454,Hauwa,Adebayo,Female,11-09-1988,Ibadan,Oyo,Student,Premium,13078450.35,21-12-2020
C02455,Comfort,Abiola,Female,09-10-1983,Kaduna,Kaduna,Self Employed,Premium,36426911.55,02-01-2023
C02456,Grace,Afolabi,Female,25-01-1976,Jos,Plateau,Civil Servant,Corporate,13998666.6,22-12-2020
C02457,Bukola,Yusuf,Female,14-08-1961,Port Harcourt,Rivers,Salaried,Retail,2700000.0,08-11-2018
C02458,Ikechukwu,Ibrahim,Male,21-04-1990,Onitsha,Anambra,Retired,Corporate,5940000.0,11-02-2021
C02459,Funmilayo,Ibrahim,Female,13-06-1986,Ikeja,Lagos,Self Employed,Retail,6687964.5,22-11-2023
C02460,Adaobi,Suleiman,Female,14-11-2001,  Onitsha,Anambra,Student,Retail,5532392.55,11-05-2018
C02461,Titi,Ibrahim,Female,05/15/1962,Lagos,Lagos,Civil Servant,Retail,13577582.7,19-11-2018
C02462,Abubakar,Adesanya,Male,17-10-2004,Abuja,FCT,Freelancer,Premium,45414243.0,27-07-2021
C02463,Blessing,Ibe,FEMALE,15-12-1973,Zaria,Kaduna,Student,Corporate,10111368.6,08-10-2022
C02464,Adanna,Adebayo,Female,25-11-1992,Warri,Delta,Student,Premium,12329846.7,12-07-2025
C02465,Ronke,Ibe,Female,23-03-1995,Ibadan,Oyo,Retired,Premium,26255510.7,28-07-2024
C02466,Musa,Adekunle,Male,21-09-1961,Uyo,Akwa Ibom,Freelancer,Premium,9278924.7,10-01-2020
C02467,Femi,Adekunle,Male,14-08-1971,Lekki,Lagos,Retired,,15163534.65,01-01-2024
C02468,Bukola,Yusuf,Female,03-03-1971,Ogbomoso,Oyo,Student,Retail,5570208.0,05/13/2018
C02469,Adanna,Suleiman,Female,05/15/1991,Awka,Anambra,Freelancer,SME,4795926.9,12-08-2023
C02470,Aisha,Nwachukwu,Female,15-05-1970,Onitsha,Anambra,Business Owner,Retail,5358735.0,27-02-2019
C02471,Olamide,Balogun,Male,24-03-2003,Lagos,Lagos,Retired,Retail,6716943.3,25-08-2025
C02472,Patience,Balogun,Female,28-05-1986,Ogbomoso,Oyo,Civil Servant,SME,9089991.9,02-09-2023
C02473,BLESSING,Musa,Female,12-03-1960,Nsukka,Enugu,Freelancer,Retail,6874907.25,19-11-2019
C02474,Abubakar,Ogunleye,Male,09/20/1991,Asaba,Delta,Retired,Retail,2700000.0,2022-03-17
C02475,Adewale,Olawale,Male,27-09-1983,Onitsha,Anambra,Self Employed,SME,16153764.3,13-01-2024
C02476,Chidi,Aliyu,Male,08-10-1966,Nsukka,Enugu,Self Employed,Retail,11828323.95,23-12-2023
C02477,Hauwa,Balogun,Female,07-07-1976,Warri,Delta,Freelancer,Retail,,18-09-2020
C02478,MARYAM,Olawale,Female,04-12-1997,Ikeja,Lagos,Salaried,Retail,6748331.7,23-12-2018
C02479,Oluwaseun,Adebayo,Male ,07-02-1985,Awka,Anambra,Salaried,Retail,4270578.0,06-08-2021
C02480,Tunde,Ajayi,Male,02-04-1962,Enugu,Enugu,Salaried,SME,6557514.75,30-11-2024
C02481,Olumide,Ibe,Male,18-10-1983,Ogbomoso,Oyo,Freelancer,Retail,9624892.5,2021-06-05
C02482,Blessing,Garba,Female,26-02-1979,Onitsha,Anambra,Business Owner,Premium,6306360.6,18-09-2019
C02483,Ronke,Okafor,Female,22-05-1986,Ikeja,Lagos,Salaried,Retail,10085876.85,10/16/2025
C02484,Femi,Danjuma,Male,23-07-2001,Ibadan,Oyo,Freelancer,Premium,21514264.8,21-05-2019
C02485,Ngozi,Suleiman,Female,14-03-1994,Ibadan,Oyo,Self Employed,SME,6380362.95,05-05-2018
C02486,Kelechi,Okonkwo,Male,09-11-1972,Zaria,Kaduna,Business Owner,Retail,17498594.25,18-05-2024
C02487,Maryam,Abiola,Female,26-11-1968,Enugu,Enugu,Civil Servant,Premium,10171366.05,21-11-2025
C02488,Nkechi,Nwankwo,Female,01-03-1970,Nsukka,Enugu,Retired,Retail,8568902.25,14-07-2023
C02489,Ngozi,Nwosu,Female,18-04-1976,Port Harcourt,Rivers,,Retail,2700000.0,2026-01-16
C02490,Kelechi,Abiola,Male,17-11-1981,Ikeja,Lagos,Business Owner,SME,18773114.85,12-03-2024
C02491,Funmilayo,uzoma,Female,09-03-1971,Lagos,Lagos,Civil Servant,Retail,10886970.0,19-01-2026
C02492,Temitope,Balogun,Female,1961-05-28,Lekki,Lagos,Student,Retail,6698255.85,18-09-2025
C02493,Ikechukwu,Mohammed,Male,04-01-1973,Benin City,Edo,Retired,SME,3780000.0,08-04-2024
C02494,Ifeanyi,Nnaji,Male,17-09-1993,Kaduna,Kaduna,Salaried,Retail,11498543.85,23-04-2020
C02495,Chidi,Garba,Male,14-01-2002,Ibadan,Oyo,Salaried,Premium,18207330.6,25-02-2026
C02496,Musa,Ibe,Male,01-07-1995,Nsukka,Enugu,Retired,SME,8914363.5,25-11-2024
C02497,Adaobi,Nwachukwu,FEMALE,01-09-1973,Lagos,Lagos,Business Owner,Retail,5315579.1,28-10-2018
C02498,Ijeoma,Musa,Female,15-05-1967,Lekki,Lagos,Civil Servant,SME,5925991.2,02-08-2022
C02499,Bukola,Yusuf,Female,02-11-1973,Kaduna,Kaduna,Salaried,SME,7574299.95,29-03-2024
C02500,Fatima,Ekwueme,Female,13-09-1992,Benin City,Edo,Freelancer,SME,10453613.7,30-05-2025
C02501,Wale,Abiola,Male,1997-03-12,Port Harcourt,Rivers,,Corporate,35584827.0,07-01-2024
C02502,Amaka,Olawale,Female,07-09-1967,Lagos,Lagos,Student,Retail,5859122.7,02-01-2024
C02503,Adaobi,Danjuma,Female,16-07-2003,Awka,Anambra,Business Owner,SME,12095510.85,09-03-2024
C02504,Adewale,Chukwu,Male,24-05-1990,Enugu,Enugu,Self Employed,Retail,4504941.9,03-01-2022
C02505,Adaobi,Ibrahim,Female,11-08-1965,Nsukka,Enugu,Business Owner,SME,16857881.4,2024-01-11
C02506,Ronke,Suleiman,Female,22-02-1977,Jos,Plateau,Student,Retail,2700000.0,16-08-2021
C02507,Aisha,Afolabi,Female,26-02-2001,Asaba,Delta,Business Owner,Premium,11839720.65,27-07-2021
C02508,Adaobi,Nwachukwu,Female,14-11-1982,Warri,Delta,Self Employed,Retail,3590753.1,2026-02-07
C02509,Precious,Bello,Female,07-10-1963,Lagos,Lagos,Self Employed,Retail,6669395.7,04-06-2018
C02510,Tunde,Adesanya,Male,16-10-1980,Warri,Delta,Business Owner,Premium,5902215.9,07-06-2025
C02511,Musa,Onyekachi,Male,13-08-1970,Abuja,FCT,Freelancer,Retail,10359954.0,05-09-2023
C02512,Aliyu,Adesanya,Male,26-01-1977,Ikeja,Lagos,Student,Retail,15784375.05,18-09-2020
C02513,Amara,Sanni,Female,13-07-1993,Uyo,Akwa Ibom,Student,Wealth,16541928.9,06-03-2018
C02514,Damilare,Aliyu,Male,05-10-1975,Uyo,Akwa Ibom,Student,SME,9107723.25,12-07-2019
C02515,Adewale,Olawale,Male,24-06-2000,Ikeja,Lagos,Freelancer,Retail,4253728.2,14-12-2023
C02516,Suleiman,Eze,Male,24-08-1986,Uyo,Akwa Ibom,Civil Servant,Premium,28672651.95,03-01-2022
C02517,Ngozi,Nnaji,Female,07-11-2001,Onitsha,Anambra,Retired,Premium,33903303.9,23-07-2019
C02518,Simisola,Adebayo,Female,06-07-1970,Warri,Delta,Business Owner,Retail,3366298.95,08-06-2022
C02519,Tunde,Ezeh,Male,20-09-1988,Lagos,Lagos,Retired,Corporate,6131978.85,30-08-2023
C02520,Sunday,Yusuf,Male,12-08-1989,Warri,Delta,Business Owner,Retail,2700000.0,10-10-2024
C02521,Kayode,balogun,Male,22-04-1981,Abeokuta,Ogun,Retired,Retail,18715148.7,23-03-2025
C02522,Emeka,Chukwuma,Male,16-10-2002,Onitsha,Anambra,Student,Retail,6126075.0,18-03-2018
C02523,Abubakar,Suleiman,Male,1980-05-24,Uyo,Akwa Ibom,Student,Premium,19321766.25,09-01-2024
C02524,Yetunde,Nwosu,Female,04-08-2002,Kaduna,Kaduna,Retired,Retail,5468784.15,09-08-2018
C02525,Zainab,Aliyu,Female,08-12-1985,Kaduna,Kaduna,Civil Servant,,4176578.85,28-07-2018
C02526,Funmilayo,Adeyemi,Female,11-02-1967,Ikeja,Lagos,Self Employed,Premium,9287605.5,09-06-2025
C02527,Ijeoma,Ibrahim,Female,23-05-2002,Warri,Delta,Student,Retail,3890534.7,08-11-2020
C02528,Grace,Ezeh,Female,09-06-1974,Asaba,Delta,Freelancer,Premium,18288616.8,13-03-2022
C02529,MARYAM,Ezeh,Female,22-10-1973,Jos,Plateau,Retired,Retail,4969501.8,14-03-2018
C02530,Chioma,Ibrahim,Female,24-08-1982,Lekki,Lagos,Student,,19544565.3,01-07-2018
C02531,Halima,Nwachukwu,Female,05/21/1993,Port Harcourt,Rivers,Student,Premium,18601290.9,08-01-2018
C02532,Rukayat,Olawale,Female,04-08-1961,Awka,Anambra,Freelancer,Retail,5519229.0,11-10-2025
C02533,Ikechukwu,Danjuma,Male,18-02-1978,Enugu,Enugu,Student,,5125620.3,06-03-2021
C02534,Ibrahim,Adeyemi,Male,1985-01-04,Uyo,Akwa Ibom,Student,Retail,4251281.7,25-05-2018
C02535,Suleiman,Abiola,Male,26-10-1989,Ibadan,Oyo,Retired,Premium,13709437.95,04-07-2021
C02536,Yetunde,Adekunle,Female,13-02-2003,Onitsha,Anambra,Student,SME,4748984.25,04-07-2022
C02537,Blessing,Ibrahim,Female,26-04-1982,  Enugu,Enugu,Salaried,Retail,8560908.3,27-06-2023
C02538,Chiamaka,Okonkwo,Female,05-03-1989,Ikeja,Lagos,Salaried,Retail,2700000.0,05-03-2020
C02539,Adaeze,Abiola,Female,09-02-1960,Abuja,FCT,Freelancer,Retail,,22-06-2021
C02540,Precious,Okonkwo,Female,13-07-1974,Abuja,FCT,Student,SME,16615870.95,14-09-2018
C02541,CHIAMAKA,Adekunle,Female,07-01-1993,Benin City,Edo,Business Owner,Premium,10303720.35,15-04-2024
C02542,Sunday,Ibrahim,Male,17-01-1984,Port Harcourt,Rivers,Freelancer,Retail,9932043.0,13-04-2023
C02543,Folake,Adeyemi,Female,1976-12-25,Lekki,Lagos,Student,Corporate,7355430.0,17-07-2024
C02544,Kelechi,Chukwu,Male,22-03-1965,Asaba,Delta,,Retail,2700000.0,05-12-2018
C02545,Zainab,Musa,Female,26-08-1997,Asaba,Delta,Business Owner,,21097489.8,21-01-2025
C02546,Obinna,Onyekachi,Male,23-06-1984,Benin City,Edo,Civil Servant,Retail,3455274.0,2023-11-04
C02547,Chiamaka,Adekunle,Female,22-09-2004,Asaba,Delta,Self Employed,,16616937.3,25-09-2023
C02548,Godwin,okonkwo,Male,05-06-2003,Lagos,Lagos,Student,Retail,7641600.3,06-02-2026
C02549,Ronke,Adeyemi,Female,25-05-1992,Ogbomoso,Oyo,Student,Retail,9557779.35,10-07-2025
C02550,Tunde,Okonkwo,Male,03-01-1970,Port Harcourt,Rivers,Salaried,Retail,6812101.35,01-04-2019
C02551,Folake,ekwueme,Female,18-03-1988,Abeokuta,Ogun,Business Owner,Retail,5827200.3,04-04-2023
C02552,Femi,Fashola,Male,19-12-1962,Kaduna,Kaduna,Student,Retail,5324102.85,26-03-2022
C02553,Abubakar,Aliyu,Male,01-06-1998,Port Harcourt,Rivers,Salaried,Retail,10595691.9,06-08-2023
C02554,Musa,Chukwu,Male,18-05-1962,Port Harcourt,Rivers,Retired,Retail,6870482.7,17-05-2022
C02555,Precious,Aliyu,Female,08-01-1974,Lekki,Lagos,Business Owner,SME,12094024.05,23-11-2024
C02556,Adewale,Aliyu,Male,05/04/1989,Ogbomoso,Oyo,Student,,22929841.05,21-10-2020
C02557,Maryam,Danjuma,Female,24-10-1962,Lekki,Lagos,Freelancer,Premium,11792094.75,14-04-2019
C02558,Chukwudi,Fashola,Male,02-11-1988,Abuja,FCT,Retired,Retail,7056996.75,22-05-2022
C02559,Emeka,Ogunleye,Male,09-08-1960,Jos,Plateau,Business Owner,Retail,3851765.25,05-12-2019
C02560,Hauwa,Adeyemi,Female,06-03-1960,Ibadan,Oyo,Business Owner,Retail,,05-02-2021
C02561,Godwin,ekwueme,Male,28-03-1960,Zaria,Kaduna,Retired,SME,10495108.95,05-05-2021
C02562,Kelechi,Obi,Male,21-10-2003,Nsukka,Enugu,Student,Retail,5671967.1,29-06-2021
C02563,Olumide,Umeh,Male,19-07-1976,Onitsha,Anambra,Business Owner,Retail,8729354.25,12-07-2018
C02564,Kemi,Mohammed,Female,08-09-1969,Warri,Delta,Retired,Retail,7381753.5,26-06-2024
C02565,Chidi,Obi,Male,26-06-1974,Lagos,Lagos,Student,Corporate,16262616.75,04-11-2025
C02566,Chidi,Ekwueme,Male,12-01-1972,Lagos,Lagos,Self Employed,Retail,6324393.6,11/04/2020
C02567,Halima,Ibrahim,Female,03-06-1960,Ibadan,Oyo,Self Employed,Wealth,8100000.0,06-09-2020
C02568,Blessing,Balogun,Female,09-09-1984,Jos,Plateau,Freelancer,Retail,8346171.9,20-11-2022
C02569,Kelechi,Sanni,Male,09-07-1960,Ikeja,Lagos,Freelancer,Retail,11137285.05,20-04-2023
C02570,Nkechi,Olawale,Female,08-04-1962,Enugu,Enugu,Student,Retail,7560688.8,17-12-2020
C02571,Suleiman,Danjuma,Male,1967-01-10,Onitsha,Anambra,Retired,Retail,,15-01-2019
C02572,Simisola,Ajayi,Female,28-01-1984,Uyo,Akwa Ibom,Retired,Retail,4517264.7,20-01-2026
C02573,Fatima,Nwankwo,Female,27-07-1990,Awka,Anambra,Business Owner,Retail,3237073.05,16-01-2023
C02574,Obinna,Uzoma,Male,1978-11-24,Uyo,Akwa Ibom,Self Employed,Retail,5565229.8,06-05-2022
C02575,Nkechi,Chukwu,Female,17-05-1973,Lekki,Lagos,Freelancer,Retail,11852955.9,07-04-2022
C02576,Yusuf,Ibe,Male,12/14/1982,Zaria,Kaduna,Freelancer,Retail,5295370.5,19-01-2026
C02577,Simisola,Mohammed,Female,17-04-1964,Ogbomoso,Oyo,Student,Retail,5497195.8,12-02-2023
C02578,Kayode,Ogundipe,Male,15-06-1998,Jos,Plateau,Student,Retail,9305693.55,01-07-2020
C02579,Yakubu,Nwachukwu,Male,06-10-1989,Kaduna,Kaduna,Self Employed,SME,4403739.9,18-03-2024
C02580,Omolara,Chukwuma,Female,06-03-1986,Abuja,FCT,Self Employed,Premium,4860000.0,03-11-2019
C02581,Ngozi,Uzoma,Female,25-11-1972,Enugu,Enugu,Business Owner,Retail,9381637.5,02-04-2022
C02582,Kayode,Ezeh,Male,01-12-1985,Lagos,Lagos,Student,SME,18437738.55,11-11-2024
C02583,Omolara,Adesanya,Female,03/07/2001,Uyo,Akwa Ibom,Civil Servant,Retail,7035739.5,14-07-2019
C02584,Yetunde,Nnaji,Female,16-04-1981,Zaria,Kaduna,Business Owner,Premium,18997616.4,18-12-2023
C02585,Yusuf,Yakubu,Male,04-04-1981,Kaduna,Kaduna,Business Owner,Retail,8966998.35,2019-11-14
C02586,Ngozi,Adesanya,Female,05-05-1982,Uyo,Akwa Ibom,Business Owner,Retail,5325569.4,05/03/2018
C02587,Kelechi,Nnaji,Male,18-07-1995,Kaduna,Kaduna,Self Employed,Retail,17224161.75,05-02-2026
C02588,Aisha,Sanni,Female,04-03-1968,Lekki,Lagos,Retired,Retail,3067532.4,02-07-2022
C02589,Funmilayo,Garba,Female,25-10-1973,Ogbomoso,Oyo,,Premium,15778685.85,05-11-2025
C02590,Bukola,Nwosu,Female,26-03-1976,Warri,Delta,Freelancer,Retail,5327079.0,23-06-2024
C02591,Oluwaseun,Eze,Male,04-05-1979,Ibadan,Oyo,Student,Retail,2700000.0,19-01-2018
C02592,Kelechi,Nwankwo,Male,23-02-1980,Lagos,Lagos,Salaried,Retail,6887287.95,26-08-2019
C02593,Titi,Afolabi,Female,2001-01-03,Abeokuta,Ogun,Business Owner,Premium,11771518.65,11-12-2023
C02594,Chiamaka,Adekunle,Female,22-03-1999,Kaduna,Kaduna,Freelancer,SME,6401280.45,15-03-2018
C02595,Femi,Nnaji,Male,13-03-1982,Asaba,Delta   ,Freelancer,Premium,13068211.2,20-06-2022
C02596,Rukayat,Garba,Female,25-09-1990,Ikeja,Lagos,Self Employed,Retail,9516478.5,01-09-2020
C02597,Uche,Obi,Male,18-07-1973,Calabar,Cross River,Self Employed,Premium,7065193.2,07/06/2019
C02598,Halima,Bello,Female,09-02-1991,Ibadan,Oyo,Salaried,Corporate,15494841.15,27-01-2019
C02599,Yakubu,Suleiman,Male,04-12-1962,Uyo,Akwa Ibom,Retired,Premium,9944803.65,13-06-2019
C02600,Obinna,Ibe,Male,05-10-1964,Uyo,Akwa Ibom,Self Employed,Retail,9790688.85,18-07-2020
C02601,Bisi,Adekunle,Female,27-08-1996,Port Harcourt,Rivers,Retired,Retail,3572929.05,24-10-2019
C02602,Abubakar,Chukwu,Male,18-06-1966,Lekki,Lagos,Student,Wealth,24261956.1,14-05-2020
C02603,Adaeze,Nnaji,Female,03-08-2001,Abuja,FCT,Freelancer,Retail,9975000.6,30-03-2019
C02604,Godwin,Adebayo,Male,1971-05-18,Awka,Anambra,Business Owner,SME,19452546.15,28-09-2024
C02605,Amaka,Olawale,Female,08-09-1993,Warri,Delta,Self Employed,Premium,4972515.15,30-03-2025
C02606,Ijeoma,Uzoma,Female,06-08-1989,Ogbomoso,Oyo,Business Owner,SME,7004380.05,25-12-2024
C02607,Nkechi,Musa,Female,08/06/1993,Jos,Plateau,Freelancer,Premium,20553179.25,13-06-2021
C02608,Chukwuemeka,Abiola,Male,21-11-1993,Enugu,Enugu   ,Business Owner,Retail,4167553.8,13-04-2023
C02609,Adaeze,Ogundipe,Female,21-01-1986,Lekki,Lagos,Freelancer,Retail,3657418.05,22-12-2021
C02610,Aliyu,Ezeh,Male,14-08-1974,Kaduna,Kaduna,Business Owner,Retail,12110154.3,07-12-2020
C02611,Chioma,Olawale,Female,08-01-1969,Abuja,FCT,Freelancer,Retail,7328541.45,29-08-2018
C02612,Aisha,Balogun,F,06/05/2003,Asaba,Delta,Salaried,Retail,8883675.15,25-11-2020
C02613,Musa,Balogun,Male,19-07-1981,Kaduna,Kaduna,Self Employed,Wealth,11393530.2,13-09-2021
C02614,Chiamaka,Umeh,Female,09-12-1993,Abuja,FCT,Retired,Retail,5340729.75,06-09-2022
C02615,Adewale,Suleiman,Male,26-08-2004,Ogbomoso,Oyo,Student,Retail,3698952.15,01-11-2019
C02616,Olumide,Olawale,Male,12/25/1989,Awka,Anambra,Retired,Retail,5581787.7,05-06-2018
C02617,Sunday,Adeyemi,Male,27-05-1987,Ikeja,Lagos,Freelancer,Retail,5390580.45,30-11-2025
C02618,Emeka,Ogundipe,Male,22-05-1980,Onitsha,Anambra,Student,SME,12324637.5,11-12-2024
C02619,Olumide,Okonkwo,Male,24-03-1998,Kaduna,Kaduna,Retired,Premium,5755953.75,15-03-2020
C02620,Yakubu,Ezeh,Male,11/19/1974,Awka,Anambra,Freelancer,Retail,3407436.3,21-11-2021
C02621,Aliyu,Yakubu,Male,18-08-1992,Abeokuta,Ogun,Self Employed,Premium,9829997.7,05-10-2020
C02622,Obinna,Abiola,Male,09-04-1990,Lagos,Lagos,Self Employed,Retail,14090320.95,30-09-2022
C02623,Kemi,Afolabi,Female,05-03-1966,Awka,Anambra,Self Employed,Retail,6435093.75,05-01-2026
C02624,Bisi,Olawale,Female,08-01-1970,Jos,Plateau,Salaried,Retail,5955918.45,27-04-2018
C02625,Ikechukwu,Okonkwo,Male,12-06-1965,Kaduna,Kaduna,Freelancer,Retail,10091762.85,15-09-2025
C02626,Godwin,Ibe,Male,10-07-1981,Awka,Anambra,Self Employed,Retail,7369566.75,06-08-2021
C02627,Sunday,Chukwuma,Male,16-01-1992,Enugu,Enugu,Freelancer,Corporate,28894943.25,21-09-2025
C02628,Amaka,Abiola,Female,25-05-1999,Awka,Anambra,Business Owner,Wealth,47784865.95,06-01-2022
C02629,Temitope,Nwosu,Female,14-07-1967,Kaduna,Kaduna,Student,Corporate,7738790.1,04-10-2020
C02630,Emeka,Umeh,Male,24-02-1987,Lagos,Lagos,Business Owner,Retail,9372523.8,23-06-2019
C02631,Ijeoma,Okafor,Female,14-08-1960,Lagos,Lagos,Retired,SME,7245241.05,08-01-2022
C02632,WALE,Uzoma,Male,1998-08-15,Ogbomoso,Oyo,Retired,SME,5189180.4,22-06-2018
C02633,Ikechukwu,Adeyemi,Male,02-02-1962,Lekki,Lagos,Freelancer,Retail,2900991.9,05-06-2020
C02634,Godwin,Okoro,Male,27-08-1969,Abuja,FCT,Business Owner,,6642012.0,20-05-2022
C02635,Amaka,Nwachukwu,Female,18-04-1984,Asaba,Delta,Civil Servant,Retail,5558380.8,01-12-2023
C02636,Adaeze,Ezeh,Female,02-10-1986,Uyo,Akwa Ibom,Retired,Wealth,28401437.7,06-01-2024
C02637,Yusuf,Chukwuma,Male,1984-08-06,Abeokuta,Ogun,Freelancer,Retail,,02-07-2025
C02638,Damilare,Adebayo,Male,21-03-1988,Awka,Anambra,Freelancer,Retail,4145635.2,15-02-2026
C02639,Maryam,Garba,Female,02-04-1994,Lagos,Lagos,Salaried,Corporate,15317492.25,12-03-2025
C02640,Kemi,Musa,Female,20-05-1982,Benin City,Edo,Business Owner,Retail,3073667.55,30-04-2024
C02641,Precious,Sanni,Female,17-07-1987,Ikeja,Lagos,Student,Retail,5865042.3,18-02-2019
C02642,Bayo,Yusuf,Male,05/12/1987,Warri,Delta,Business Owner,Retail,4638875.55,16-10-2020
C02643,Halima,Yusuf,Female,21-01-1992,Warri,Delta,Self Employed,Premium,5054080.8,10-09-2020
C02644,Precious,Ekwueme,Female,26-08-1990,Kaduna,Kaduna,Civil Servant,Retail,7988400.9,21-08-2024
C02645,Kayode,Fashola,Male,12-02-1986,Abeokuta,Ogun,Business Owner,Retail,6493385.7,15-06-2025
C02646,Chinedu,Yakubu,Male,27-06-1968,Ikeja,Lagos,Retired,Retail,4051641.3,2026-01-27
C02647,TITI,Bello,Female,19-10-2002,Ikeja,Lagos,,SME,19649741.4,02-11-2023
C02648,Ayodele,Eze,Male,10-03-1990,Zaria,Kaduna,Retired,Retail,5983555.8,19-06-2020
C02649,Ikechukwu,Musa,Male,1961-01-19,Ikeja,Lagos,Salaried,Retail,4868617.8,2023-07-08
C02650,Temitope,Onyekachi,Female,19-08-1966,Benin City,Edo,Self Employed,,14558331.15,29-09-2023
C02651,Folake,Nwachukwu,Female,07-12-1991,Abuja,FCT,Self Employed,Retail,7351585.65,27-01-2023
C02652,Chukwudi,Danjuma,Male,02-07-2000,Onitsha,Anambra,Self Employed,,3281675.7,12-01-2022
C02653,Sunday,Olawale,Male,17-06-2002,Warri,Delta,Retired,Premium,6661526.7,19-02-2018
C02654,Kelechi,Olawale,Male,13-07-1964,Onitsha,Anambra,Retired,Retail,17934187.8,05-06-2019
C02655,Bisi,Fashola,Female,10-09-1993,Kaduna,Kaduna,Self Employed,Corporate,14105244.45,02-09-2022
C02656,Yetunde,Onyekachi,Female,16-03-1980,Warri,Delta,Business Owner,Retail,4572030.75,29-09-2019
C02657,Maryam,Mohammed,Female,26-03-1969,Lagos,Lagos,Self Employed,Wealth,24689567.25,14-02-2026
C02658,Segun,Ogunleye,Male,08-08-1975,Warri,Delta,Freelancer,Retail,5451280.95,17-09-2019
C02659,Olumide,Adeyemi,Male,2003-07-21,Ibadan,Oyo,Freelancer,Premium,7357659.3,08-06-2024
C02660,Ibrahim,Yusuf,Male,03-07-1960,Ogbomoso,Oyo,Salaried,Retail,5440352.7,07/04/2024
C02661,Comfort,Ibrahim,Female,12/11/1968,Abuja,FCT,Freelancer,SME,6643591.65,06/15/2023
C02662,Ayodele,Suleiman,Male,22-09-1995,Ogbomoso,Oyo,Retired,Corporate,10965539.7,01-03-2019
C02663,Ibrahim,Balogun,Male,04-11-1995,Asaba,Delta,Business Owner,Retail,12627475.65,18-02-2025
C02664,Bayo,Ibe,Male,22-10-1988,Asaba,Delta,Retired,Retail,5517162.6,30-01-2021
C02665,Abubakar,Mohammed,Male,04-08-1984,Ikeja,Lagos,Self Employed,Retail,11543195.55,05-03-2019
C02666,Halima,Uzoma,Female,1982-07-09,Benin City,Edo,Salaried,Retail,5898736.05,07-02-2023
C02667,Bukola,Ibrahim,Female,07-04-1961,Benin City,Edo,,SME,16295079.15,2024-10-11
C02668,Ronke,Ibrahim,Female,04-10-1975,Enugu,Enugu,Salaried,Premium,13454249.55,18-01-2018
C02669,Oluwaseun,Olawale,Male,06-04-1961,Ibadan,Oyo,Business Owner,Retail,10397732.7,2023-06-26
C02670,Yakubu,Fashola,Male,22-02-1975,Ibadan,Oyo,Self Employed,SME,12192775.2,12-08-2021
C02671,Amaka,Yakubu,Female,13-01-1985,Enugu,Enugu,Student,SME,4957633.8,21-09-2024
C02672,Halima,Ekwueme,Female,25-07-1995,  Awka,Anambra,Retired,Premium,14080683.9,12-10-2018
C02673,Aliyu,Mohammed,Male,08-11-1960,Jos,Plateau,Student,Retail,13781793.45,15-06-2023
C02674,Omolara,Suleiman,Female,11-08-2001,Enugu,Enugu,Retired,,9553710.45,27-02-2019
C02675,Ikechukwu,Ajayi,Male,04-08-1964,Asaba,Delta,Self Employed,Premium,51193258.5,16-01-2019
C02676,Chioma,Ogundipe,Female,03-05-1978,Benin City,Edo,Business Owner,SME,14418885.75,20-07-2020
C02677,Adaobi,Ibrahim,Female,22-11-1974,Enugu,Enugu,Self Employed,Retail,11764646.25,26-07-2020
C02678,Chukwudi,Abiola,Male,25-08-1966,Lekki,Lagos,Civil Servant,Premium,35903732.55,28-06-2021
C02679,Halima,Onyekachi,Female,19-10-2004,Abuja,FCT,Freelancer,Retail,4279257.9,13-02-2023
C02680,KELECHI,Ezeh,Male,07-08-1966,Enugu,Enugu,Self Employed,Wealth,24735559.5,13-04-2024
C02681,Folake,Okoro,Female,28-07-1993,Uyo,Akwa Ibom,Retired,Retail,16743129.9,31-01-2023
C02682,Omolara,Yakubu,Female,03-12-1976,Warri,Delta,Retired,Wealth,36133015.95,19-05-2022
C02683,Ifeoma,Sanni,Female,01-07-1962,Jos,Plateau,Student,Retail,7061849.55,24-10-2024
C02684,Suleiman,Adesanya,Male,04-12-1967,Port Harcourt,Rivers,Business Owner,Retail,5166496.65,13-12-2020
C02685,Nkechi,Balogun,Female,07-07-1979,Ibadan,Oyo,Freelancer,SME,10084667.7,01/17/2025
C02686,Chiamaka,Chukwuma,Female,01-08-1983,Onitsha,Anambra,Freelancer,SME,3782179.65,10-02-2019
C02687,Amaka,Ogundipe,Female,24-07-1985,Calabar,Cross River,Salaried,Premium,7347876.9,19-12-2024
C02688,Godwin,Ibrahim,Male,01-01-1984,Abeokuta,Ogun,Business Owner,Retail,16396416.9,04-10-2022
C02689,Nnamdi,Ogunleye,Male,28-02-1986,Warri,Delta,Self Employed,Premium,8079888.45,26-12-2018
C02690,Hauwa,Bello,Female,22-01-1960,Enugu,Enugu,Freelancer,Corporate,15086690.55,18-03-2022
C02691,Tobi,Chukwuma,Male,25-01-1999,Lekki,Lagos,Civil Servant,Premium,11641440.15,16-12-2020
C02692,Nkechi,Garba,Female,16-02-1993,Benin City,Edo,Business Owner,Premium,26180859.45,22-07-2021
C02693,OLAMIDE,Ibe,Male,05-10-1964,Ogbomoso,Oyo,,Retail,9564004.65,26-11-2023
C02694,Chidi,Ibe,Male,16-02-1978,Ibadan,Oyo,Self Employed,Retail,9413724.9,16-02-2020
C02695,Ikechukwu,Ogunleye,Male,23-02-1976,Ogbomoso,Oyo,Student,Premium,14244484.8,03/10/2023
C02696,Kelechi,Fashola,Male,27-01-1977,Ogbomoso,Oyo,Freelancer,Retail,3594020.7,06-01-2020
C02697,Tunde,Uzoma,Male,05-09-1968,Onitsha,Anambra,Student,SME,11498700.3,03-10-2024
C02698,Chidi,Adebayo,Male,09-10-1989,Enugu,Enugu,Business Owner,Premium,14203156.95,28-01-2020
C02699,Amaka,Fashola,Female,09-05-1986,Abuja,FCT,Retired,Retail,7186012.35,08-04-2019
C02700,Tunde,Umeh,Male,26-05-1964,Asaba,Delta,Business Owner,Wealth,12580055.1,20-04-2024
C02701,Nkechi,Adesanya,Female,27-02-1990,Kaduna,Kaduna,,Retail,10621795.35,15-11-2019
C02702,Suleiman,Obi,Male,20-08-1993,Kaduna,Kaduna,Freelancer,Retail,17026814.7,03/08/2026
C02703,Abubakar,Musa,Male,15-04-1984,Benin City,Edo,,Retail,3208813.65,21-08-2019
C02704,Adaeze,Adesanya,Female,10-09-1980,Nsukka,Enugu,Student,Retail,9313864.5,20-07-2020
C02705,Simisola,Eze,Female,20-04-1996,Jos,Plateau,Freelancer,SME,7122267.6,24-01-2023
C02706,Folake,Obi,Female,02/03/2003,Benin City,Edo,Self Employed,Retail,14819841.15,25-12-2021
C02707,Tobi,Ekwueme,Male,08/28/2001,Ibadan,Oyo,Self Employed,Retail,3682036.2,01-05-2020
C02708,Femi,Suleiman,Male,02-09-1960,Lagos,Lagos,Retired,Retail,7248824.4,26-03-2023
C02709,Tobi,Nwankwo,Male,02/02/1970,Enugu,Enugu,Freelancer,SME,13328733.6,13-12-2022
C02710,Chukwudi,Mohammed,Male,25-06-1987,Enugu,Enugu,Salaried,SME,9763675.35,20-09-2018
C02711,Grace,chukwuma,Female,18-01-1988,Abuja,FCT,Freelancer,Retail,7022490.9,01/13/2026
C02712,Chinedu,Adebayo,Male,23-10-1991,Abeokuta,Ogun,Retired,Retail,17814063.45,03/15/2026
C02713,Ikechukwu,Ogundipe,Male,03-06-1982,Onitsha,Anambra,Self Employed,Premium,7088518.2,2022-10-25
C02714,Uche,Ogundipe,Male,02-12-1973,Abeokuta,Ogun,Salaried,Retail,4214668.5,29-11-2025
C02715,Uche,Ogunleye,Male,22-05-2002,Nsukka,Enugu,Retired,Retail,10052880.45,04/15/2019
C02716,Halima,Nnaji,Female,28-03-1996,Ogbomoso,Oyo,Student,Wealth,66463745.4,12-11-2024
C02717,Chidi,Eze,Male,24-08-1995,Ibadan,Oyo,Salaried,Premium,5635484.85,15-05-2022
C02718,Wale,Uzoma,Male,07/09/1987,Asaba,Delta,Salaried,Premium,4860000.0,10-09-2021
C02719,Halima,Olawale,Female,10-07-1991,Asaba,Delta,,Retail,5457803.7,2024-06-05
C02720,Ibrahim,Ibrahim,Male,24-12-1966,Ogbomoso,Oyo,Self Employed,Corporate,19970752.2,30-05-2025
C02721,Nnamdi,Ajayi,Male,17-06-1963,Calabar,Cross River,Business Owner,SME,5455871.4,15-01-2021
C02722,Ronke,Ogundipe,Female,10-12-2004,Ikeja,Lagos,Salaried,Retail,2700000.0,13-03-2019
C02723,Maryam,Nwosu,Female,25-06-1967,Warri,Delta,Student,Retail,4745528.85,24-11-2025
C02724,Ngozi,Garba,Female,06-09-1995,Calabar,Cross River,Business Owner,Retail,3978549.3,26-12-2023
C02725,Ayodele,Adesanya,Male,25-12-1960,Zaria,Kaduna,Self Employed,Premium,5420019.15,31-10-2024
C02726,Nnamdi,Uzoma,Male,11-12-1983,Enugu,Enugu,Civil Servant,Wealth,41971677.75,28-08-2021
C02727,Tunde,Suleiman,Male,15-07-1996,Uyo,Akwa Ibom,Freelancer,Retail,6571554.45,11-02-2020
C02728,Yetunde,Nwosu,Female,08-09-1997,Jos,Plateau,Business Owner,Retail,5043017.25,24-08-2021
C02729,Blessing,Nnaji,Female,01-07-1965,Asaba,Delta,Salaried,Retail,2700000.0,01-02-2018
C02730,Kayode,Yakubu,Male,15-05-1972,Zaria,Kaduna,Salaried,Retail,8687062.65,14-09-2025
C02731,Titi,Adesanya,FEMALE,04-07-1977,Kaduna,Kaduna,Retired,Corporate,34753851.0,31-08-2024
C02732,Uche,Nwachukwu,Male,21-02-1989,Port Harcourt,Rivers,Retired,SME,7112059.35,04-08-2025
C02733,Adaeze,Garba,Female,22-09-1994,Kaduna,Kaduna,Retired,Retail,12552429.75,24-04-2025
C02734,Abubakar,Suleiman,Male,25-05-1994,Asaba,Delta,Freelancer,Retail,7465413.75,17-01-2018
C02735,Ngozi,Yusuf,Female,19-08-1975,Kaduna,Kaduna,Business Owner,Retail,8107237.8,10-03-2023
C02736,Grace,Chukwu,Female,04-05-1979,Benin City,Edo,Self Employed,SME,4513561.95,29-04-2022
C02737,Aisha,Ekwueme,Female,08-11-1978,Onitsha,Anambra,Salaried,Retail,6185759.55,27-11-2020
C02738,Musa,Ajayi,Male,21-10-1981,Enugu,Enugu,Student,,4588221.6,18-10-2024
C02739,Chiamaka,Eze,F,17-06-1987,Lekki,Lagos,Student,SME,7668376.8,20-06-2025
C02740,Yusuf,Ezeh,Male,16-07-1964,Calabar,Cross River,Student,Retail,5488461.3,25-04-2025
C02741,Musa,Ibrahim,Male,15-08-2003,Asaba,Delta,Student,Wealth,23363683.65,12-09-2023
C02742,Folake,Chukwuma,Female,19-07-1973,Calabar,Cross River,Salaried,Retail,2700000.0,25-08-2020
C02743,Uche,Bello,Male,19-10-1986,Nsukka,Enugu,Self Employed,Premium,5456329.05,23-12-2018
C02744,Yakubu,Adeyemi,Male,11-07-2003,Port Harcourt,Rivers,Business Owner,Retail,6269110.65,27-12-2024
C02745,Aisha,Afolabi,FEMALE,20-05-1969,Jos,Plateau,Retired,Premium,7515694.35,12-09-2021
C02746,Obinna,Ibe,Male,23-04-1997,Ikeja,Lagos,Civil Servant,Retail,4414174.65,11-08-2022
C02747,Maryam,Afolabi,Female,1990-05-03,Asaba,Delta,Student,Retail,12205626.9,24-05-2022
C02748,Bisi,Ezeh,Female,18-02-1970,Asaba,Delta,Freelancer,Premium,32479906.8,19-03-2026
C02749,Chidi,Olawale,Male,01-06-1986,Lagos,Lagos,Freelancer,Retail,2700000.0,18-12-2025
C02750,Patience,Bello,Female,10-07-1983,Lagos,Lagos,Business Owner,Retail,7215941.25,23-02-2022
C02751,Chukwuemeka,Garba,Male,11-10-1981,Onitsha,Anambra,Self Employed,Retail,6593638.8,31-03-2025
C02752,Oluwaseun,Chukwu,Male,28-07-1991,Port Harcourt,Rivers,Salaried,Wealth,,30-10-2023
C02753,Blessing,Nwachukwu,Female,27-12-2004,Abeokuta,Ogun,Retired,Retail,8282716.05,13-03-2018
C02754,Ngozi,Bello,Female,2003-03-05,Abeokuta,Ogun,Salaried,Retail,2700000.0,19-02-2023
C02755,Sunday,Aliyu,Male ,21-07-1962,Abuja,FCT,Self Employed,SME,6025674.3,08-06-2018
C02756,Hauwa,Chukwuma,Female,28-10-1973,Ikeja,Lagos,Self Employed,,5509490.7,15-04-2019
C02757,Olamide,Mohammed,Male,03-12-1971,Ibadan,Oyo,Freelancer,Premium,8175477.9,08-09-2024
C02758,Nnamdi,Bello,Male,26-07-1996,Abeokuta,Ogun,Student,Premium,10203928.5,22-06-2018
C02759,Maryam,Adekunle,Female,05-03-1995,Ikeja,Lagos,Salaried,Retail,8596279.05,2021-07-16
C02760,Chidi,Ibrahim,Male,09/11/1999,Awka,Anambra,Civil Servant,Retail,9445338.9,28-06-2022
C02761,Tunde,Uzoma,Male,23-03-1969,  Nsukka,Enugu,Student,Premium,41044929.6,21-06-2024
C02762,Temitope,Ezeh,Female,09-05-1963,Calabar,Cross River,,Retail,5690760.3,31-07-2022
C02763,Nkechi,Nwosu,Female,27-07-1996,Lagos,Lagos,Self Employed,Premium,5417283.45,16-10-2025
C02764,Simisola,Yakubu,Female,12-03-1981,Benin City,Edo,Retired,Retail,6108092.4,06-01-2024
C02765,Ronke,Nwachukwu,Female,01-08-1960,Benin City,Edo,,SME,12027965.7,05-08-2018
C02766,Emmanuel,Aliyu,Male,20-03-1965,Ogbomoso,Oyo,Retired,Retail,4140281.1,13-07-2019
C02767,Ifeoma,Suleiman,Female,22-07-1969,Zaria,Kaduna,Salaried,Premium,26632745.4,06-01-2018
C02768,Sunday,Obi,Male,03-08-1972,Onitsha,Anambra,Self Employed,Premium,8198129.4,01-11-2018
C02769,ADAEZE,Musa,Female,16-05-1984,Ibadan,Oyo,Retired,Wealth,22340290.05,16-11-2023
C02770,Patience,Abiola,Female,25-03-1967,Nsukka,Enugu,Freelancer,Corporate,8807227.5,09-09-2025
C02771,Blessing,Danjuma,Female,26-07-1965,Benin City,Edo,Retired,Retail,7183509.3,22-03-2018
C02772,Chioma,Chukwuma,Female,23-01-1988,Zaria,Kaduna,Self Employed,,9439589.1,11-06-2018
C02773,Bukola,Uzoma,Female,04-11-1989,Kaduna,Kaduna,Freelancer,Premium,6970655.1,19-12-2022
C02774,Patience,Bello,Female,23-08-1984,Abuja,FCT,Salaried,Retail,12858410.55,11-01-2019
C02775,Emmanuel,Nwosu,Male,1996-01-02,Ikeja,Lagos,Business Owner,Premium,12962710.8,16-07-2018
C02776,Femi,Nwosu,Male,11/10/1982,Port Harcourt,Rivers,Salaried,Premium,17873933.1,18-02-2018
C02777,KEMI,Adesanya,Female,12-08-1999,Abeokuta,Ogun,Freelancer,SME,15636208.8,07/31/2020
C02778,Simisola,Sanni,Female,20-06-1987,Abuja,FCT,Freelancer,SME,3780000.0,09-08-2025
C02779,Obinna,Ekwueme,Male,21-11-1976,Abuja,FCT,Student,Retail,4692712.95,09-04-2021
C02780,Grace,Chukwu,Female,03-06-2003,Ikeja,Lagos,Student,SME,35483443.95,2023-12-26
C02781,Nkechi,Ogunleye,Female,25-07-2003,Asaba,Delta,Business Owner,SME,14841806.25,2024-09-18
C02782,Ikechukwu,Nwosu,Male,1983-09-10,Ikeja,Lagos,Retired,Premium,9686920.65,27-08-2018
C02783,Kemi,Okoro,FEMALE,13-09-1981,Nsukka,Enugu,Business Owner,Retail,13076767.2,20-04-2018
C02784,Aliyu,Garba,Male,18-10-1999,Lekki,Lagos,Student,Retail,4113653.7,18-08-2024
C02785,Amara,Sanni,Female,03-02-1966,Asaba,Delta,Student,Premium,8058943.5,06-08-2025
C02786,Adewale,Afolabi,Male,1992-10-18,Ogbomoso,Oyo,Self Employed,Premium,20304396.6,02-01-2022
C02787,Segun,Danjuma,Male,17-02-1986,Lekki,Lagos,Salaried,Premium,15535321.8,02-10-2019
C02788,Nkechi,Nwosu,Female,09-07-2002,Port Harcourt,Rivers,Retired,Retail,7923693.9,03-11-2019
C02789,Kemi,Ekwueme,Female,26-08-1993,Lekki,Lagos   ,Freelancer,Retail,2700000.0,12-11-2020
C02790,Simisola,Musa,Female,15-05-1994,Abuja,FCT,Freelancer,Retail,4286899.8,28-04-2023
C02791,Hauwa,Adeyemi,Female,1965-05-14,  Abeokuta,Ogun,Self Employed,Retail,4230619.8,20-12-2024
C02792,Precious,Obi,Female,28-08-1987,Abeokuta,Ogun,Retired,SME,3989275.35,29-01-2024
C02793,Tobi,Ibrahim,Male,11-08-1989,Zaria,Kaduna,Self Employed,Retail,5341963.95,11-02-2021
C02794,Emmanuel,Nwankwo,Male,05-10-1967,Lagos,Lagos,Freelancer,Premium,15319868.1,06-09-2021
C02795,Oluwaseun,Ibrahim,Male,23-03-1987,Abuja,FCT,Business Owner,Retail,7825169.4,24-03-2022
C02796,Ikechukwu,Abiola,Male,01-10-1993,Enugu,Enugu,Student,Retail,7514810.7,23-01-2026
C02797,Chukwudi,Okafor,Male,03-02-1986,Uyo,Akwa Ibom,Civil Servant,Wealth,12902589.0,22-03-2023
C02798,Bisi,Ajayi,Female,11-07-2002,Lagos,Lagos,Salaried,Premium,13608414.45,22-06-2019
C02799,Tobi,Okoro,Male,10-11-1988,Port Harcourt,Rivers,Retired,Retail,18764953.8,23-08-2022
C02800,Obinna,Adekunle,Male,15-05-1978,Abeokuta,Ogun,Freelancer,SME,7823973.75,10-11-2018
C02801,Ayodele,Chukwuma,Male,01-12-1994,Nsukka,Enugu,Student,Retail,13923024.6,01-09-2022
C02802,Kayode,Abiola,Male,10-12-1980,Warri,Delta,Business Owner,Retail,11056476.3,09-11-2022
C02803,Sunday,Afolabi,Male,17-02-1978,Onitsha,Anambra,Freelancer,SME,11425963.35,14-11-2023
C02804,Maryam,Chukwu,Female,1984-07-19,Calabar,Cross River,Self Employed,Retail,7909460.1,08-01-2024
C02805,Ibrahim,Eze,Male,27-12-1970,Zaria,Kaduna,Retired,Retail,5601501.3,23-01-2024
C02806,Yakubu,Okafor,Male,26-02-1989,Calabar,Cross River,Student,Corporate,22568830.65,13-04-2022
C02807,Segun,Balogun,M,05-05-1987,Zaria,Kaduna,Student,Corporate,15337536.45,13-08-2019
C02808,Titi,Uzoma,Female,13-12-1989,Zaria,Kaduna,Retired,Wealth,25479301.05,16-07-2020
C02809,Funmilayo,Abiola,Female,1988-02-24,Benin City,Edo,Freelancer,Retail,3471421.8,06-02-2025
C02810,Folake,Danjuma,Female,12-12-2000,Uyo,Akwa Ibom,Student,Retail,5120979.6,24-03-2025
C02811,Uche,Eze,Male,11-05-1963,Ikeja,Lagos,Self Employed,Retail,7323597.3,09-03-2023
C02812,Segun,Ezeh,Male,27-11-2000,Enugu,Enugu,Business Owner,Retail,8606562.45,14-12-2025
C02813,Musa,Garba,Male,25-01-1976,Abeokuta,Ogun,Retired,Premium,7255327.2,17-01-2023
C02814,Maryam,Ibe,Female,2001-01-10,Jos,Plateau,Freelancer,Retail,14384659.5,15-03-2021
C02815,Ronke,Eze,Female,08-08-2001,Ibadan,Oyo,Freelancer,Retail,4547579.1,11-07-2025
C02816,Ifeoma,Chukwu,Female,08-12-1991,Ogbomoso,Oyo,Retired,Retail,11281413.0,02-10-2024
C02817,Olumide,Ibrahim,Male,15-09-1982,Onitsha,Anambra,Self Employed,SME,8754821.85,06-08-2025
C02818,Titi,Garba,Female,19-06-1976,Abuja,FCT,Salaried,SME,11720028.75,23-06-2023
C02819,Tunde,Nwosu,Male,18-11-1961,Ogbomoso,Oyo,Self Employed,Premium,8823757.65,16-06-2024
C02820,Tobi,Chukwu,Male,04-12-1961,Zaria,Kaduna,Retired,Retail,15346467.9,05-07-2020
C02821,Emmanuel,Ogunleye,Male,18-07-1982,Enugu,Enugu   ,Retired,Premium,4860000.0,22-07-2025
C02822,NKECHI,Okafor,Female,27-06-1967,Lagos,Lagos,,Retail,5169355.8,28-03-2018
C02823,Chioma,ekwueme,Female,15-11-2000,Port Harcourt,Rivers,Retired,Retail,6771026.7,03-11-2022
C02824,Amara,Obi,Female,23-08-1983,Abuja,FCT,Retired,SME,11632802.1,23-05-2024
C02825,Nnamdi,Okoro,Male,01/11/1983,Uyo,Akwa Ibom,Student,Retail,10404291.75,15-04-2019
C02826,Ifeoma,Suleiman,Female,1992-06-27,Awka,Anambra,Self Employed,Retail,3954156.0,06/07/2025
C02827,Kelechi,Adebayo,Male,15-01-1969,Uyo,Akwa Ibom,Student,SME,19236246.9,2025-04-16
C02828,Zainab,Nnaji,Female,20-02-1966,Onitsha,Anambra,Business Owner,Premium,7815276.6,20-12-2025
C02829,Titi,uzoma,Female,02-03-1980,Awka,Anambra   ,Student,SME,3780000.0,09-04-2020
C02830,Tunde,Okoro,Male,25-12-1992,Lagos,Lagos,Self Employed,Retail,5434012.2,11-02-2026
C02831,Ikechukwu,Nnaji,Male,10-12-1970,Warri,Delta,Student,SME,4309956.6,14-08-2020
C02832,Suleiman,Abiola,Male,19-01-2001,Awka,Anambra,Business Owner,Retail,2700000.0,21-01-2026
C02833,Zainab,Balogun,Female,19-08-1982,Abeokuta,Ogun,Salaried,Retail,8268140.1,13-07-2019
C02834,Nkechi,Suleiman,Female,10-06-1969,Enugu,Enugu,Student,Retail,15399786.15,09-10-2018
C02835,Simisola,Afolabi,Female,25-10-1973,Nsukka,Enugu,Civil Servant,Premium,11055574.95,31-01-2020
C02836,Emmanuel,Chukwu,Male,27-05-1975,Kaduna,Kaduna,Freelancer,Retail,8937842.7,08-12-2025
C02837,Yakubu,Eze,Male,08-02-1992,Nsukka,Enugu,Retired,Retail,2700000.0,24-11-2023
C02838,Chiamaka,Chukwuma,Female,18-09-1963,Abuja,FCT,Business Owner,Premium,19171885.35,09-10-2019
C02839,Rukayat,Musa,Female,04-10-1967,Nsukka,Enugu,Retired,Premium,4860000.0,26-02-2026
C02840,Sunday,Umeh,Male,05-08-1966,Nsukka,Enugu,Business Owner,Retail,4133185.5,24-12-2025
C02841,Chidi,Eze,Male,01-02-1990,Warri,Delta,Retired,SME,5154194.25,2023-05-17
C02842,Blessing,Ogundipe,Female,27-06-1962,Awka,Anambra,Student,SME,15114965.7,24-04-2018
C02843,Ifeoma,Musa,Female,17-05-1964,Kaduna,Kaduna,Business Owner,Retail,5948850.75,20-11-2025
C02844,Bayo,Okoro,Male,28-12-1982,Port Harcourt,Rivers,Self Employed,Premium,7567978.8,05-06-2025
C02845,Aisha,Umeh,Female,24-09-2001,Kaduna,Kaduna,Freelancer,Retail,17615195.25,06-12-2022
C02846,Kayode,Aliyu,Male,20-10-1972,Lagos,Lagos,Civil Servant,Retail,8716101.75,15-11-2021
C02847,Chukwudi,Ogunleye,Male,13-05-1998,Abuja,FCT,Self Employed,SME,7269843.0,27-09-2025
C02848,Simisola,Nwankwo,Female,16-01-1963,Jos,Plateau,Salaried,Retail,9496061.55,2021-01-28
C02849,Amaka,Mohammed,Female,07-07-1995,Ikeja,Lagos,Retired,Retail,4717182.9,04-07-2023
C02850,Kelechi,Balogun,Male,18-12-1978,Awka,Anambra,Student,Premium,13607705.1,04-10-2021
C02851,Musa,Adesanya,Male,16-10-1960,Abuja,FCT,Freelancer,Retail,8184859.05,12-03-2022
C02852,Obinna,Okafor,Male,09-12-1981,Calabar,Cross River,Self Employed,Retail,7542848.1,2021-06-27
C02853,Adewale,Bello,Male,14-04-1970,Zaria,Kaduna,Student,Retail,7133489.85,23-04-2024
C02854,Titi,Eze,Female,18-04-1969,Nsukka,Enugu,Retired,Retail,4923551.55,28-06-2021
C02855,Tobi,Yusuf,Male,17-05-1986,Ogbomoso,Oyo,Student,Retail,6207751.65,28-12-2018
C02856,Kemi,Ekwueme,Female,08-07-1962,Port Harcourt,Rivers,Student,Retail,2700000.0,02-06-2018
C02857,Funmilayo,nwosu,Female,17-06-1976,Asaba,Delta,Salaried,Retail,6727468.2,23-02-2022
C02858,Ayodele,Ibrahim,Male,04-09-1971,Jos,Plateau,Student,Premium,23379001.35,17-01-2024
C02859,Funmilayo,Nnaji,Female,02/10/1967,Ibadan,Oyo,,Retail,5830381.2,01-04-2018
C02860,Adanna,Nwosu,Female,23-06-1981,Onitsha,Anambra,Retired,Premium,10020499.5,07-10-2020
C02861,Musa,Nnaji,Male,28-05-1992,Ibadan,Oyo,Business Owner,SME,9289062.45,03-08-2025
C02862,Titi,Ogunleye,Female,11-11-2000,Benin City,Edo,Salaried,Retail,4663524.0,2018-02-06
C02863,ALIYU,Onyekachi,Male,03-02-1960,Enugu,Enugu,Freelancer,Premium,9006400.2,10-02-2019
C02864,Bukola,Suleiman,Female,26-07-1973,Jos,Plateau,Freelancer,Retail,7310806.5,28-01-2025
C02865,Grace,Afolabi,Female,07-10-1961,Jos,Plateau,Salaried,Retail,12971600.7,05-02-2024
C02866,Nkechi,Eze,Female,14-04-1964,Asaba,Delta,Self Employed,SME,3780000.0,25-04-2023
C02867,Omolara,Onyekachi,Female,1962-01-23,Jos,Plateau,Self Employed,Retail,4144180.5,29-08-2024
C02868,Chioma,Adesanya,Female,20-05-1976,  Uyo,Akwa Ibom,Freelancer,Corporate,13188572.7,30-10-2025
C02869,Chukwudi,Uzoma,Male,16-03-1987,Uyo,Akwa Ibom,Freelancer,Retail,6730439.85,05-01-2023
C02870,Musa,Onyekachi,Male,15-05-1977,Nsukka,Enugu,Self Employed,Premium,28858794.75,06-07-2021
C02871,Amaka,Garba,Female,07-12-1986,Asaba,Delta,Freelancer,Premium,20259473.55,09-01-2019
C02872,Grace,Ekwueme,Female,15-02-1963,Ikeja,Lagos,Freelancer,Retail,17694199.35,11-05-2025
C02873,Ronke,Eze,Female,03-07-1988,Onitsha,Anambra,,Corporate,26454649.95,06-01-2025
C02874,Abubakar,Uzoma,Male,1980-12-12,Enugu,Enugu,Freelancer,Corporate,23206043.55,31-12-2023
C02875,Adaeze,Yakubu,Female,22-07-1982,Kaduna,Kaduna,Salaried,Retail,5888355.75,06-12-2018
C02876,Uche,Afolabi,Male,05-09-1993,Onitsha,Anambra,Freelancer,SME,11704687.5,08-11-2023
C02877,Olumide,Yakubu,Male,24-02-1977,Abuja,FCT,Civil Servant,SME,9038143.8,16-05-2021
C02878,Amara,Yakubu,Female,13-05-1976,Ibadan,Oyo,Business Owner,Premium,13979280.75,27-05-2021
C02879,Maryam,Yusuf,Female,07-08-1979,Abeokuta,Ogun,Freelancer,Wealth,48834365.4,27-01-2020
C02880,Funmilayo,Onyekachi,Female,22-12-1991,Enugu,Enugu,Salaried,Retail,3634184.7,20-08-2018
C02881,Emeka,Fashola,Male,04-09-1995,Kaduna,Kaduna,Salaried,Premium,9960206.55,15-04-2025
C02882,Amaka,Adebayo,Female,06-09-1961,Calabar,Cross River,Freelancer,Corporate,11873220.15,21-07-2022
C02883,Simisola,Umeh,Female,18-03-1961,Ogbomoso,Oyo,Salaried,Retail,7041446.1,06-08-2022
C02884,Emeka,Adesanya,Male,17-11-1985,Awka,Anambra,Freelancer,Retail,9731735.55,28-08-2024
C02885,Maryam,Garba,Female,26-01-1988,Lagos,Lagos,Freelancer,Retail,6772155.45,27-11-2025
C02886,Ibrahim,Olawale,Male,06-04-1997,Ogbomoso,Oyo,Business Owner,Retail,26372514.6,29-08-2023
C02887,Yetunde,Adekunle,Female,22-03-1998,Benin City,Edo,Freelancer,Premium,9582588.3,22-12-2019
C02888,Comfort,Adekunle,Female,02-06-1986,Abuja,FCT,Business Owner,SME,21991902.3,12/14/2022
C02889,Ibrahim,Yakubu,Male,13-08-1987,Port Harcourt,Rivers,Student,Retail,2700000.0,28-07-2024
C02890,Musa,Yusuf,Male,19-08-1991,Benin City,Edo,Self Employed,Retail,4301152.65,2022-11-27
C02891,Blessing,Okafor,Female,08-10-1985,Abeokuta,Ogun,Student,Retail,33050618.7,01-07-2020
C02892,Ifeoma,Abiola,Female,23-10-1960,Enugu,Enugu,Self Employed,Corporate,20717936.25,04-10-2021
C02893,Ijeoma,Yusuf,Female,11-09-1987,Warri,Delta,Civil Servant,Retail,3570185.4,28-05-2019
C02894,Ikechukwu,Umeh,Male,16-04-1995,Onitsha,Anambra,Self Employed,Corporate,5940000.0,12-07-2019
C02895,Chukwuemeka,Uzoma,Male,07-04-1987,Kaduna,Kaduna,Retired,Wealth,9421143.3,03-08-2020
C02896,Emmanuel,Ibrahim,Male,16-04-1968,Jos,Plateau,Self Employed,Premium,4860000.0,28-07-2020
C02897,Ifeoma,Okafor,Female,02-12-2004,Kaduna,Kaduna,Civil Servant,Retail,8646877.65,17-04-2020
C02898,Nnamdi,Umeh,Male,07-05-1960,Jos,Plateau,Retired,Retail,10453589.4,24-02-2021
C02899,Suleiman,Nwachukwu,Male,25-11-1985,Uyo,Akwa Ibom,Business Owner,Wealth,8100000.0,19-03-2023
C02900,Ijeoma,Obi,Female,19-02-1988,Enugu,Enugu,Student,Retail,11301565.2,2024-05-29
C02901,Funmilayo,Eze,Female,21-01-1994,Ibadan,Oyo,Freelancer,Premium,4860000.0,01-10-2025
C02902,Halima,Bello,Female,1966-06-16,Port Harcourt,Rivers,Business Owner,Premium,12529837.65,04-05-2018
C02903,Yetunde,Adeyemi,Female,05-12-1973,Onitsha,Anambra,Retired,Premium,10456532.25,16-04-2020
C02904,Nnamdi,Bello,Male,18-09-1968,Benin City,Edo,Freelancer,Retail,8538803.85,15-05-2020
C02905,Precious,Adesanya,Female,01-06-2004,Warri,Delta,Business Owner,Retail,3041084.85,26-01-2022
C02906,Hauwa,Adebayo,Female,24-11-2003,Warri,Delta,Freelancer,Retail,5101087.65,11-07-2025
C02907,Adaobi,Suleiman,Female,15-11-1985,Ikeja,Lagos,Self Employed,Retail,4781552.1,06-08-2019
C02908,TEMITOPE,Mohammed,Female,24-06-1997,Calabar,Cross River,Self Employed,Premium,12335064.0,18-09-2019
C02909,Funmilayo,Mohammed,Female,19-06-1980,Asaba,Delta,Self Employed,Corporate,6871357.95,09-09-2024
C02910,Amaka,Aliyu,Female,11-10-1976,Abuja,FCT,Freelancer,SME,7241714.7,17-03-2021
C02911,Chioma,Sanni,Female,25-07-1983,Ogbomoso,Oyo,Self Employed,Premium,10441168.35,09-05-2018
C02912,Comfort,Fashola,Female,28-12-1969,Ikeja,Lagos,Freelancer,Retail,11856301.65,21-03-2022
C02913,Bayo,Fashola,Male,06-12-2003,Enugu,Enugu,Freelancer,Retail,4012098.15,17-04-2020
C02914,Abubakar,Ibrahim,Male,09-08-1992,Awka,Anambra,Civil Servant,Premium,13192488.9,04-07-2024
C02915,Bisi,Balogun,Female,01-10-1962,Asaba,Delta,Self Employed,Retail,6840478.95,24-09-2019
C02916,Hauwa,Ezeh,Female,25-05-1979,Ogbomoso,Oyo,Retired,Retail,,27-01-2022
C02917,Nnamdi,Adekunle,Male,14-08-1965,Benin City,Edo,Student,Corporate,29565003.6,01-02-2019
C02918,Funmilayo,Uzoma,Female,22-12-1978,Ogbomoso,Oyo,Student,Premium,16067644.65,08-10-2020
C02919,Chioma,Balogun,Female,07/19/1986,Benin City,Edo,Retired,SME,5884191.15,22-08-2018
C02920,Kelechi,Ezeh,Male,19-09-1968,Onitsha,Anambra,Student,Retail,5006334.0,31-01-2024
C02921,Yetunde,Adesanya,Female,03-08-1988,Awka,Anambra,,Premium,28394298.3,2020-12-17
C02922,Ayodele,Chukwu,Male,27-10-1962,Uyo,Akwa Ibom,Freelancer,Retail,5339146.65,17-08-2021
C02923,Nkechi,Abiola,Female,02-04-1969,Ikeja,Lagos   ,Student,Retail,7813071.3,27-10-2024
C02924,Bisi,Fashola,Female,10-04-1976,Abeokuta,Ogun,Self Employed,Corporate,10418388.45,2019-04-05
C02925,Chidi,Ogundipe,Male,12-11-1966,Abeokuta,Ogun,Self Employed,Retail,12263358.6,09/14/2021
C02926,Omolara,Ezeh,Female,10-10-1986,Awka,Anambra,Business Owner,Retail,,02/26/2023
C02927,Patience,Ezeh,Female,02/22/1997,Ogbomoso,Oyo,Retired,Corporate,46810189.8,2022-08-02
C02928,Femi,Mohammed,Male,21-02-2004,Zaria,Kaduna,Business Owner,Premium,13696210.65,05-11-2023
C02929,Musa,Okonkwo,Male,1974-04-07,Abuja,FCT,Salaried,Retail,11589195.3,04-07-2020
C02930,Olumide,Ajayi,Male,24-06-1980,Zaria,Kaduna,Retired,Retail,10008530.1,17-02-2018
C02931,Ibrahim,Ogunleye,Male,06-02-1961,Asaba,Delta,,SME,4031080.65,03-05-2025
C02932,Olumide,Yakubu,Male,20-05-1998,Warri,Delta,Business Owner,Premium,13086945.3,08-10-2021
C02933,Halima,Nwachukwu,Female,22-02-1996,Asaba,Delta,Retired,SME,13544048.25,30-11-2022
C02934,Chidi,Yusuf,Male,26-07-1992,Warri,Delta,Freelancer,Premium,6117359.55,30-10-2019
C02935,Suleiman,Yakubu,Male,16-01-1983,Calabar,Cross River,Self Employed,SME,14964503.4,30-07-2019
C02936,Abubakar,Fashola,Male,19-05-1972,Warri,Delta,Freelancer,Retail,6584340.3,13-01-2023
C02937,Fatima,Musa,Female,13-01-1994,Benin City,Edo,Salaried,Retail,5059182.6,10/25/2022
C02938,Tobi,Ibe,MALE,1991-11-03,Onitsha,Anambra,Salaried,Retail,3519075.15,25-06-2025
C02939,OLAMIDE,Nwankwo,Male,21-12-2002,Port Harcourt,Rivers,Salaried,Corporate,36545032.95,16-01-2020
C02940,Ibrahim,Yakubu,Male,28-10-1982,Onitsha,Anambra,Student,Corporate,26747673.15,10-09-2019
C02941,Tobi,Nwankwo,Male,27-05-1967,Enugu,Enugu,Civil Servant,Premium,14767281.15,14-07-2024
C02942,Ikechukwu,Ogunleye,Male,19-02-2000,Ibadan,Oyo,Retired,Corporate,5940000.0,13-11-2025
C02943,Bukola,Adeyemi,Female,16-10-2004,Warri,Delta,Student,SME,3780000.0,28-04-2024
C02944,Musa,Musa,M,19-05-1976,Onitsha,Anambra,Student,SME,4413914.25,24-06-2019
C02945,Patience,Obi,Female,13-06-1976,  Jos,Plateau,Retired,Retail,7880358.75,02-05-2025
C02946,Adewale,Sanni,Male,05-05-1991,Ikeja,Lagos,Business Owner,Premium,8790997.5,15-12-2024
C02947,Temitope,Umeh,Female,15-11-1989,Uyo,Akwa Ibom,Student,SME,14447232.9,13-10-2024
C02948,Bayo,Ajayi,Male,07-06-1998,Warri,Delta,Retired,Retail,3232542.9,2025-01-24
C02949,Emmanuel,Onyekachi,Male,10-08-1967,Ibadan,Oyo,Freelancer,Premium,9354771.0,06-05-2022
C02950,Amaka,Eze,Female,13-08-1998,Port Harcourt,Rivers,Student,Retail,9879649.65,02-02-2018
C02951,Precious,Okafor,Female,17-10-1979,Nsukka,Enugu,Student,Retail,,18-04-2025
C02952,Uche,Okonkwo,Male,12-07-1967,Ikeja,Lagos,Self Employed,Retail,23396441.1,15-09-2018
C02953,Ikechukwu,Adesanya,Male,07-03-1991,Uyo,Akwa Ibom,Business Owner,Retail,12207875.7,13-09-2019
C02954,Chioma,Nwankwo,Female,01-01-1984,Onitsha,Anambra,Salaried,Retail,10771316.25,28-01-2023
C02955,Segun,Mohammed,Male ,1966-06-28,Abeokuta,Ogun   ,Salaried,Retail,4052358.6,2020-02-11
C02956,Sunday,Ogunleye,Male,12-05-1992,Asaba,Delta,Self Employed,SME,13908783.0,04-06-2019
C02957,Adewale,Adebayo,Male,03-10-1960,Asaba,Delta,Freelancer,SME,23868804.9,23-03-2019
C02958,Amara,Yusuf,Female,2004-11-26,Benin City,Edo,Freelancer,Retail,7880620.5,17-03-2020
C02959,Uche,Ogunleye,Male,25-10-1990,Jos,Plateau,Salaried,Retail,8575416.45,16-10-2022
C02960,Bayo,Ogundipe,Male,03-04-1969,Zaria,Kaduna,Retired,Retail,8664403.05,23-03-2019
C02961,Folake,Umeh,Female,19-11-1962,Lagos,Lagos,Retired,Retail,9973076.4,30-11-2024
C02962,Chidi,Obi,Male,11-11-1973,Ogbomoso,Oyo,Student,Retail,2700000.0,23-05-2020
C02963,Sunday,Balogun,Male,18-09-1992,Awka,Anambra,Self Employed,Retail,9504573.9,03-03-2025
C02964,Oluwaseun,Ibrahim,Male,04-06-1972,Onitsha,Anambra,Business Owner,Retail,6200853.45,08-07-2018
C02965,Tobi,Sanni,Male,12-06-1976,Enugu,Enugu,Business Owner,Retail,8728377.9,13-12-2022
C02966,Bukola,Yakubu,Female,13-07-1990,Ibadan,Oyo,Business Owner,SME,14151267.9,07-08-2021
C02967,Chukwuemeka,Nwankwo,Male,24-02-1988,Zaria,Kaduna,Freelancer,Premium,5393782.65,17-05-2022
C02968,Abubakar,Fashola,Male,07-10-1983,Calabar,Cross River,Freelancer,Retail,16316901.75,06-05-2025
C02969,Tobi,Okafor,Male,23-05-1990,Ikeja,Lagos,Retired,SME,8023457.4,13-09-2024
C02970,FOLAKE,Ibe,Female,23-06-1979,Ibadan,Oyo,Salaried,Retail,5058666.9,17-05-2019
C02971,Blessing,Fashola,Female,1974-04-27,Uyo,Akwa Ibom,Retired,Retail,4014752.85,30-03-2023
C02972,Amaka,Chukwuma,Female,01/25/1965,Lagos,Lagos,Retired,Retail,3115416.3,22-09-2024
C02973,Ifeanyi,Adesanya,Male,23-12-1983,Kaduna,Kaduna,Student,Retail,4901043.6,28-09-2023
C02974,Blessing,Mohammed,Female,26-12-1963,Ibadan,Oyo,Self Employed,SME,3975830.7,13-02-2023
C02975,Chinedu,Okafor,Male,05-09-1974,Ogbomoso,Oyo,Civil Servant,Retail,2700000.0,19-10-2019
C02976,Kayode,Aliyu,Male,28-04-1971,Abeokuta,Ogun,Student,Premium,10294428.0,25-03-2024
C02977,Amaka,Ibrahim,FEMALE,16-08-1979,Jos,Plateau   ,Student,Premium,,11-08-2022
C02978,Olamide,Okafor,Male,01-01-1985,Uyo,Akwa Ibom,Salaried,Premium,4860000.0,12-01-2020
C02979,Amara,Mohammed,Female,19-02-1968,  Calabar,Cross River,Student,SME,3780000.0,02-07-2019
C02980,Bayo,Sanni,Male,26-12-1976,Ogbomoso,Oyo,Freelancer,Retail,,31-05-2018
C02981,Tobi,Nwachukwu,Male,13-11-1985,Ibadan,Oyo,Self Employed,Retail,4768767.75,30-10-2020
C02982,Patience,Mohammed,Female,17-06-1973,Benin City,Edo,Business Owner,SME,9928133.1,06-02-2019
C02983,Titi,Aliyu,Female,04-03-1976,Port Harcourt,Rivers,Freelancer,Retail,5785636.95,19-03-2018
C02984,Suleiman,Aliyu,Male,24-12-1995,Awka,Anambra,Freelancer,SME,13384879.35,10-08-2022
C02985,Tobi,Ogundipe,Male,12-06-1997,Onitsha,Anambra,Retired,Corporate,23200484.7,07-10-2020
C02986,Amaka,Olawale,Female,04-04-1996,Kaduna,Kaduna,Retired,Retail,10031028.75,27-07-2023
C02987,Kemi,Onyekachi,Female,15-07-1991,Abeokuta,Ogun,Retired,Retail,6543532.5,08-10-2022
C02988,Yetunde,Abiola,Female,03-05-1973,Warri,Delta,Self Employed,Retail,3485333.55,06-11-2022
C02989,Olamide,Afolabi,Male,1968-04-07,Kaduna,Kaduna,Civil Servant,Premium,17339089.8,11/04/2018
C02990,Grace,Olawale,Female,04-10-1974,Warri,Delta,Retired,Retail,2932285.2,03-10-2019
C02991,Kayode,Balogun,Male,20-10-1976,Warri,Delta,Business Owner,Retail,11080318.8,19-01-2025
C02992,Ngozi,Okafor,FEMALE,11-02-1996,Abuja,FCT,Student,Wealth,19171028.25,2024-11-16
C02993,Musa,Aliyu,Male,22-08-1984,Lekki,Lagos,Civil Servant,Retail,2700000.0,13-01-2020
C02994,Funmilayo,Suleiman,Female,14-03-1989,Nsukka,Enugu,Self Employed,Retail,7903387.2,29-12-2020
C02995,Ayodele,Mohammed,Male,04-08-1999,Uyo,Akwa Ibom,,Premium,17384347.65,06/26/2023
C02996,Ronke,Ibrahim,Female,04-02-1960,Jos,Plateau,Self Employed,Premium,7433515.2,05-01-2025
C02997,Temitope,Danjuma,Female,27-01-1986,Abeokuta,Ogun,Salaried,Wealth,17858190.6,24-05-2018
C02998,Yetunde,Nwachukwu,Female,20-11-1981,Zaria,Kaduna,Self Employed,Retail,15298857.9,25-10-2025
C02999,Bisi,Yusuf,Female,09-05-1986,Nsukka,Enugu,Student,SME,4677824.7,18-05-2025
C03000,Fatima,Onyekachi,Female,13-10-1982,Ogbomoso,Oyo,Student,SME,26929690.2,10-12-2024
C03001,Precious,Aliyu,Female,09-11-1997,Benin City,Edo,Student,Wealth,28376766.9,01-11-2020
C03002,Temitope,Adesanya,Female,01/23/2001,Onitsha,Anambra,Self Employed,Premium,4860000.0,25-09-2024
C03003,Adaeze,Adeyemi,Female,09-12-1995,Lagos,Lagos,Business Owner,Premium,21805723.5,21-04-2018
C03004,Yakubu,Ogundipe,Male,09-06-1988,Enugu,Enugu,Self Employed,Premium,11742976.65,07-03-2026
C03005,Hauwa,Mohammed,Female,19-07-1983,Calabar,Cross River,,Retail,8418156.9,20-11-2023
C03006,Kelechi,Onyekachi,Male,26-05-2004,Ikeja,Lagos,Business Owner,Corporate,13970350.05,2018-01-06
C03007,Halima,Okoro,Female,26-03-1973,Ibadan,Oyo,Freelancer,Wealth,36437856.3,09-07-2024
C03008,Grace,Chukwuma,Female,10-04-1973,Ogbomoso,Oyo,Freelancer,SME,8511116.4,02-06-2018
C03009,Ijeoma,Adesanya,Female,16-03-1973,Enugu,Enugu,Retired,Retail,13409363.7,24-08-2019
C03010,Suleiman,Obi,Male,27-05-1996,Ikeja,Lagos,Freelancer,SME,5135107.8,08-09-2024
C03011,Kelechi,Danjuma,Male,10-07-1967,Onitsha,Anambra,Self Employed,Wealth,18703869.75,30-03-2018
C03012,Fatima,Okonkwo,Female,09-05-1965,Ogbomoso,Oyo,Retired,Retail,2700000.0,13-08-2024
C03013,Amaka,Chukwuma,Female,26-01-1981,Nsukka,Enugu,Civil Servant,,18478710.75,31-01-2020
C03014,Amara,Nnaji,Female,12/13/1961,Jos,Plateau,Salaried,SME,8843933.55,20-02-2025
C03015,Bayo,Mohammed,Male,06-02-2003,Calabar,Cross River,Retired,Premium,4978609.65,26-03-2019
C03016,Kayode,Okonkwo,Male,15-08-1972,Port Harcourt,Rivers,Self Employed,Retail,8311316.55,03-08-2023
C03017,Emmanuel,Umeh,Male,01-08-1992,Ogbomoso,Oyo,Salaried,Retail,15127073.25,2025-01-16
C03018,Aisha,Onyekachi,Female,04-06-2001,Ibadan,Oyo,Retired,SME,14004760.35,19-04-2020
C03019,Ifeanyi,Chukwuma,Male,11/10/2003,Calabar,Cross River,Business Owner,Retail,10370433.0,21-10-2023
C03020,Comfort,Onyekachi,Female,14-04-1989,Uyo,Akwa Ibom,Business Owner,SME,7410198.75,15-12-2024
C03021,Adaeze,Obi,Female,17-03-1990,Port Harcourt,Rivers,Business Owner,Retail,4684204.8,03-10-2020
C03022,Grace,Nwankwo,Female,24-08-1987,Warri,Delta,Salaried,Retail,10584376.2,06-03-2024
C03023,Patience,Okafor,Female,11-10-2002,Calabar,Cross River,Freelancer,Wealth,21668454.9,03-03-2022
C03024,Aisha,Nwosu,Female,27-12-1960,Ogbomoso,Oyo,Self Employed,Retail,5471874.75,26-04-2020
C03025,Kelechi,Nwankwo,M,20-10-1968,Ikeja,Lagos,Self Employed,Premium,10650241.05,07-01-2022
C03026,Nnamdi,Danjuma,Male,01-05-1982,Ibadan,Oyo,Freelancer,Wealth,31122927.45,12-03-2023
C03027,Adewale,Chukwu,Male,04-01-1970,Nsukka,Enugu,Salaried,Retail,,11-04-2021
C03028,Damilare,Obi,Male,1972-02-22,  Port Harcourt,Rivers,Retired,SME,16126711.2,30-08-2020
C03029,Halima,Chukwu,Female,17-05-1982,Ikeja,Lagos,Retired,Retail,3732247.2,06-01-2023
C03030,Olamide,Nwosu,Male,09/24/1997,Nsukka,Enugu,Retired,Retail,10573742.25,06-03-2019
C03031,Grace,Okafor,Female,06-09-1965,Uyo,Akwa Ibom,,Retail,10076883.3,23-06-2019
C03032,Segun,Ibrahim,Male,17-02-1982,Lekki,Lagos,Business Owner,Retail,11515040.55,18-10-2021
C03033,Chiamaka,Garba,Female,02-04-1962,Lekki,Lagos,Business Owner,SME,5021917.8,08-12-2020
C03034,Grace,Fashola,Female,04-07-1989,Zaria,Kaduna,Retired,Premium,5013949.65,17-04-2019
C03035,Adewale,Adesanya,Male,19-09-1961,Onitsha,Anambra,Business Owner,Retail,4495408.35,20-04-2018
C03036,Ronke,Aliyu,Female,12-10-1986,Jos,Plateau,Business Owner,Retail,4184646.3,14-09-2023
C03037,Hauwa,Obi,Female,17-01-1964,Zaria,Kaduna,Student,Corporate,9714469.65,26-01-2023
C03038,Ibrahim,Chukwu,Male,12-05-1991,Kaduna,Kaduna,Self Employed,Premium,7835008.5,08-10-2023
C03039,Segun,Ogundipe,Male,24-05-1969,Jos,Plateau,Salaried,Premium,21076500.3,15-07-2023
C03040,Temitope,Afolabi,Female,12-06-1978,Ikeja,Lagos,Business Owner,Premium,4860000.0,26-01-2026
C03041,Obinna,Adeyemi,Male,05-07-1987,Asaba,Delta,Self Employed,Retail,8810130.45,09/13/2021
C03042,Blessing,Ibe,female,1997-04-11,Uyo,Akwa Ibom,Business Owner,SME,8503850.4,23-05-2019
C03043,Patience,Yusuf,Female,05-08-1969,Port Harcourt,Rivers,Civil Servant,Premium,10586726.7,11-10-2025
C03044,Fatima,Suleiman,Female,16-02-1977,Nsukka,Enugu,Business Owner,SME,10643695.8,26-03-2024
C03045,MUSA,Nwachukwu,Male,12-06-1978,Enugu,Enugu,Civil Servant,Premium,4860000.0,03-10-2022
C03046,Olamide,Okonkwo,Male,07-04-2002,Calabar,Cross River,,Retail,25592761.65,11/14/2024
C03047,Halima,Adesanya,Female,26-05-1960,Uyo,Akwa Ibom,Self Employed,Corporate,6727295.25,22-11-2018
C03048,Adanna,Chukwu,Female,1965-06-11,Kaduna,Kaduna,Retired,Premium,15162300.3,06-08-2020
C03049,Temitope,Eze,Female,09/13/1985,Enugu,Enugu,Salaried,SME,18417098.1,15-11-2023
C03050,Tobi,Ogundipe,Male,18-09-1993,Lekki,Lagos,Retired,Retail,3292773.3,17-11-2018
C03051,Aliyu,Nwosu,Male,27-06-1966,Warri,Delta,Freelancer,Retail,3215140.8,2025-08-08
C03052,Hauwa,Sanni,Female,14-10-1973,Enugu,Enugu,Retired,Retail,7343077.2,26-11-2019
C03053,Halima,Danjuma,Female,20-09-1995,Warri,Delta,Student,Retail,6296186.1,14-07-2022
C03054,Chiamaka,Afolabi,Female,24-03-1977,Enugu,Enugu,Self Employed,Retail,3954934.5,16-07-2022
C03055,Omolara,Mohammed,Female,09-08-1978,Ogbomoso,Oyo,Student,Retail,10206133.5,09-04-2025
C03056,Chiamaka,Okonkwo,Female,25-11-1972,Calabar,Cross River,Retired,Retail,6460886.55,21-04-2025
C03057,Suleiman,Okafor,Male,22-02-1993,Onitsha,Anambra,Business Owner,Premium,10405273.5,09-05-2022
C03058,Amara,Uzoma,Female,03-11-1988,Zaria,Kaduna,Self Employed,Retail,13218850.65,12-01-2019
C03059,Chiamaka,Yusuf,Female,13-07-1981,Onitsha,Anambra,Retired,Retail,2774252.1,02/15/2018
C03060,Segun,Balogun,Male,09-07-1996,Calabar,Cross River,Salaried,Corporate,16760080.95,01-06-2025
C03061,Zainab,Bello,Female,19-03-1971,Calabar,Cross River,Student,Corporate,5940000.0,13-04-2024
C03062,Femi,Mohammed,Male,1968-03-02,Kaduna,Kaduna,Student,Retail,3881275.2,29-07-2025
C03063,Fatima,Ogunleye,Female,14-09-1973,Warri,Delta,Retired,Retail,2700000.0,28-09-2020
C03064,Folake,Sanni,Female,11-06-1976,Ikeja,Lagos,Student,Premium,5737123.05,20-08-2023
C03065,Rukayat,Afolabi,Female,01-11-1995,Ibadan,Oyo,Freelancer,Retail,5716856.7,16-05-2023
C03066,Precious,Ezeh,Female,09-11-1976,Ogbomoso,Oyo,Self Employed,SME,4420613.4,26-10-2020
C03067,Blessing,obi,Female,02-01-1971,Benin City,Edo,Self Employed,Retail,6086642.4,27-07-2018
C03068,Titi,Adeyemi,Female,21-02-1980,Enugu,Enugu,Student,Premium,13783306.65,13-03-2022
C03069,Ibrahim,Uzoma,Male,11-04-1975,Asaba,Delta,Self Employed,SME,9737685.75,01-02-2020
C03070,Bisi,Suleiman,Female,14-08-1992,Lekki,Lagos,Self Employed,Retail,6484372.5,28-04-2020
C03071,Chidi,Uzoma,Male,01-02-1995,Nsukka,Enugu,Salaried,Retail,7891002.6,29-01-2022
C03072,Zainab,Abiola,Female,1968-10-03,Port Harcourt,Rivers,Business Owner,Retail,2700000.0,06-12-2024
C03073,Chukwuemeka,Ibrahim,Male,28-06-1961,Abuja,FCT,Business Owner,Retail,8044515.9,26-08-2023
C03074,Ayodele,Eze,Male,28-05-1962,Nsukka,Enugu,Self Employed,Retail,6272833.35,14-06-2018
C03075,Maryam,Nnaji,Female,20-01-1964,Ogbomoso,Oyo,Self Employed,Corporate,6430469.4,27-02-2023
C03076,Damilare,Onyekachi,Male,08-08-1978,Asaba,Delta,,Wealth,12640157.55,01-03-2021
C03077,Adewale,Okonkwo,Male,14-03-1965,Enugu,Enugu,Student,Retail,2700000.0,21-12-2018
C03078,Folake,Uzoma,Female,17-06-1982,Ogbomoso,Oyo,Self Employed,Retail,9239070.6,21-09-2022
C03079,Chioma,Nnaji,Female,22-01-1968,Jos,Plateau,Freelancer,Retail,8361459.45,10-07-2021
C03080,Kayode,Fashola,Male,12-01-1960,Asaba,Delta,,SME,22562694.45,09-03-2023
C03081,Chidi,Mohammed,Male,03-03-1964,Warri,Delta,Self Employed,Premium,6393415.65,13-09-2020
C03082,Ronke,Chukwuma,Female,26-10-1972,Uyo,Akwa Ibom,Retired,Retail,8443994.85,28-02-2021
C03083,Nkechi,Danjuma,Female,03-06-2004,Lekki,Lagos,Self Employed,SME,8030584.35,19-08-2019
C03084,Adaobi,Yusuf,Female,02-04-1993,Asaba,Delta,Freelancer,Retail,2700000.0,03-09-2025
C03085,Omolara,Abiola,Female,01-10-1967,Onitsha,Anambra,Salaried,Retail,5219019.0,24-07-2018
C03086,Kelechi,Adesanya,Male,10-04-1974,Abuja,FCT,Salaried,Retail,5602580.1,17-07-2021
C03087,Chiamaka,Ezeh,Female ,10-12-1983,Kaduna,Kaduna,Salaried,Retail,8103941.1,20-07-2022
C03088,Simisola,Uzoma,Female,15-08-1974,Benin City,Edo,Student,Retail,7734572.55,09-09-2018
C03089,Abubakar,Aliyu,Male,1971-06-23,Asaba,Delta,,Premium,15456005.55,04-05-2024
C03090,Amara,Mohammed,Female,21-08-1965,Kaduna,Kaduna,Retired,SME,-9860590.8,26-12-2022
C03091,Yusuf,Adeyemi,Male,20-06-1962,Uyo,Akwa Ibom,Salaried,Retail,11601259.2,13-11-2025
C03092,Obinna,Olawale,Male,12-11-1963,Warri,Delta,Self Employed,Premium,29453220.3,2026-01-17
C03093,Chiamaka,Ibe,Female,1991-10-07,Warri,Delta,Freelancer,Wealth,,05/13/2021
C03094,Chukwuemeka,Okonkwo,Male,23-06-1984,Ikeja,Lagos,Freelancer,Premium,65296267.35,30-09-2021
C03095,Olamide,Adeyemi,Male,15-06-1972,  Lekki,Lagos,Retired,Retail,6374528.1,04-12-2020
C03096,Adaeze,Ajayi,Female,16-01-1971,Ibadan,Oyo,Salaried,Retail,8462224.65,07-07-2024
C03097,Yetunde,Okonkwo,Female,01/25/1986,Abeokuta,Ogun,Retired,Retail,4343419.05,23-03-2018
C03098,Folake,Ezeh,Female,1961-10-26,Asaba,Delta,Retired,Retail,14395628.1,2018-01-15
C03099,Musa,Nnaji,Male,11/15/1964,Calabar,Cross River,Business Owner,Retail,6631922.4,30-06-2025
C03100,Temitope,Bello,Female,27-08-1989,Zaria,Kaduna,Self Employed,Retail,6608346.6,28-10-2025
C03101,Halima,Bello,Female,04-03-1992,Ibadan,Oyo,Business Owner,Retail,4276724.25,13-11-2022
C03102,TUNDE,Yakubu,Male,07-08-1991,Lagos,Lagos,Retired,Premium,23646983.7,17-11-2019
C03103,Fatima,Nwachukwu,Female,28-06-1962,Port Harcourt,Rivers,Business Owner,SME,7889952.6,03/12/2026
C03104,Chiamaka,Yusuf,Female,06-10-2002,Zaria,Kaduna,Freelancer,Retail,3422563.95,21-11-2023
C03105,Fatima,Balogun,Female,07-08-2000,Ogbomoso,Oyo,Retired,Retail,4415062.95,04-09-2020
C03106,Femi,Olawale,Male,22-10-1999,Uyo,Akwa Ibom,Business Owner,Premium,8417478.45,03-05-2022
C03107,Chukwudi,Nnaji,Male,16-10-1997,Abuja,FCT,Salaried,Corporate,10228792.8,10/26/2025
C03108,Ronke,Balogun,Female,21-07-1976,Ibadan,Oyo,Self Employed,Premium,9962636.25,10-08-2025
C03109,Chiamaka,Adekunle,Female,03-11-1973,Ikeja,Lagos,Retired,Retail,7462379.25,28-06-2019
C03110,Chukwuemeka,Abiola,Male,08-06-1990,Zaria,Kaduna,Self Employed,Retail,9838886.4,09/16/2024
C03111,Emmanuel,Nwosu,Male,09-08-1995,Benin City,Edo,Business Owner,Retail,4290556.95,17-02-2022
C03112,Kemi,Ekwueme,Female,19-04-1988,Asaba,Delta,Freelancer,Wealth,27660982.95,28-02-2023
C03113,Fatima,Suleiman,Female,01-06-1987,Zaria,Kaduna,Freelancer,Corporate,15947167.8,09-04-2025
C03114,Ikechukwu,Yakubu,Male,16-06-1980,Ikeja,Lagos,Student,Premium,11835649.05,16-05-2021
C03115,Kelechi,Umeh,Male,22-03-1964,Nsukka,Enugu,Salaried,Retail,5042164.8,26-09-2025
C03116,Bayo,Nwosu,Male,02-06-1991,Onitsha,Anambra,Student,SME,3983175.9,19-08-2024
C03117,Nnamdi,Onyekachi,Male,12-11-1988,Uyo,Akwa Ibom,Student,Wealth,9290925.45,04-01-2024
C03118,Zainab,Chukwuma,Female,26-01-1989,Ibadan,Oyo,Business Owner,Retail,7291498.8,11-03-2019
C03119,Chinedu,Aliyu,Male,10-01-1964,Ikeja,Lagos,Business Owner,Retail,6314987.7,14-02-2021
C03120,Maryam,Yusuf,Female,01-02-1969,Lekki,Lagos,Retired,Retail,6803898.9,12/24/2024
C03121,Nnamdi,Nwosu,MALE,1973-03-25,Asaba,Delta,Retired,SME,10898610.3,10-06-2021
C03122,Hauwa,Ibrahim,Female,04-02-2000,Zaria,Kaduna,Business Owner,Retail,8206530.45,09-06-2022
C03123,Adaobi,Ibrahim,Female,28-02-2001,Ikeja,Lagos,Self Employed,Wealth,11790592.65,21-05-2021
C03124,Omolara,Nwachukwu,Female,14-05-1980,Onitsha,Anambra,Retired,Wealth,12546176.85,14-12-2025
C03125,Chidi,Eze,Male,08-11-1969,Abeokuta,Ogun,Business Owner,Premium,5883978.3,26-04-2022
C03126,Aisha,Eze,Female,11-10-1963,Ibadan,Oyo,Salaried,SME,4514427.9,20-10-2020
C03127,Ronke,Okoro,Female,02-02-1993,Lekki,Lagos,Self Employed,Retail,13732266.3,02-11-2018
C03128,Olamide,Nnaji,Male,03-12-2000,Benin City,Edo,Student,Corporate,11708474.55,09-10-2023
C03129,Blessing,Onyekachi,Female,14-06-1998,Ikeja,Lagos,Salaried,Retail,12849624.3,25-02-2020
C03130,Bisi,Suleiman,Female,14-04-2003,Nsukka,Enugu,Student,Retail,15786767.85,24-10-2025
C03131,Kelechi,Nnaji,Male,15-02-1995,Onitsha,Anambra,Retired,Premium,6530834.55,01-09-2018
C03132,Rukayat,Umeh,Female,26-12-1971,Onitsha,Anambra,Self Employed,Retail,7265729.55,25-05-2024
C03133,Damilare,Ezeh,Male,17-05-1998,Lekki,Lagos,Business Owner,,5270602.35,21-11-2019
C03134,Oluwaseun,Onyekachi,Male,01-03-1980,Ogbomoso,Oyo,Salaried,SME,4150761.45,11-12-2024
C03135,Adaobi,Obi,Female,23-05-2001,Zaria,Kaduna,Business Owner,Retail,8307526.65,31-12-2024
C03136,Chinedu,Uzoma,Male,23-02-1994,Awka,Anambra,Freelancer,Retail,3747226.8,29-04-2022
C03137,Godwin,Musa,Male,20-06-2002,Jos,Plateau,Business Owner,Wealth,35088891.75,23-02-2020
C03138,Bayo,Musa,Male,21-09-1967,Port Harcourt,Rivers,Self Employed,Retail,4139142.9,24-02-2019
C03139,Kayode,Obi,Male,1985-09-25,Uyo,Akwa Ibom,Freelancer,Retail,12303240.9,29-05-2019
C03140,Bayo,Chukwuma,Male,06-07-1976,Port Harcourt,Rivers,Self Employed,SME,9070100.7,2021-07-06
C03141,Rukayat,Bello,Female,08-03-1976,Enugu,Enugu,,Retail,6262637.4,27-06-2021
C03142,Zainab,Umeh,Female,07-12-1999,Port Harcourt,Rivers,Freelancer,Premium,17370154.65,02-12-2025
C03143,Zainab,Okonkwo,Female,10-08-1985,Ogbomoso,Oyo,Self Employed,Retail,8945468.4,04-11-2018
C03144,Godwin,Okoro,Male,11-11-1988,Ikeja,Lagos,Freelancer,Retail,3537967.05,27-05-2018
C03145,Damilare,Chukwuma,Male,1964-01-23,Uyo,Akwa Ibom,Business Owner,Premium,24391179.6,2023-03-08
C03146,Emmanuel,Garba,Male,06-05-1982,Port Harcourt,Rivers,Retired,Retail,5365642.8,30-12-2019
C03147,Nnamdi,Mohammed,Male,25-12-1987,Kaduna,Kaduna,Retired,Premium,6829981.5,17-05-2025
C03148,Aliyu,Musa,Male,26-03-1995,Asaba,Delta,Student,SME,20343933.6,28-02-2024
C03149,Sunday,Nwachukwu,Male,1993-01-16,Ogbomoso,Oyo,,SME,3780000.0,20-11-2024
C03150,Adewale,Suleiman,Male,08-10-1983,Abuja,FCT,Freelancer,Retail,3329238.75,28-11-2018
C03151,Tobi,Yusuf,Male,10-04-1980,Nsukka,Enugu,Student,Premium,16406705.85,18-05-2023
C03152,Zainab,Musa,Female,18-12-1960,Uyo,Akwa Ibom,Self Employed,Premium,17266989.75,20-11-2021
C03153,Musa,Danjuma,Male,14-09-1984,Jos,Plateau,Business Owner,Premium,8431488.15,28-06-2024
C03154,Ayodele,Suleiman,Male,25-10-1964,Uyo,Akwa Ibom,Business Owner,SME,11237130.45,14-07-2024
C03155,Oluwaseun,Nnaji,Male,07-02-1981,  Onitsha,Anambra,Business Owner,SME,26506785.0,19-04-2021
C03156,Aliyu,Obi,Male,07-07-1997,Asaba,Delta,Retired,Premium,4860000.0,10-08-2022
C03157,Ayodele,Ogunleye,Male,04-06-1979,Kaduna,Kaduna,Business Owner,Premium,10677537.75,05-05-2018
C03158,Aisha,Ibe,Female,08-08-1964,Benin City,Edo,Civil Servant,Retail,4983687.6,15-12-2025
C03159,Olumide,Okafor,Male,07-03-2003,Nsukka,Enugu,Retired,Premium,12549555.45,23-12-2024
C03160,Chukwudi,Ibe,Male,28-06-1974,Lekki,Lagos,Salaried,Retail,5605658.4,17-10-2018
C03161,Tunde,Nwachukwu,Male,11-12-1988,Abeokuta,Ogun,Salaried,SME,6889140.45,06-06-2021
C03162,Folake,Adekunle,Female,04-04-1973,Abuja,FCT,Retired,SME,6104001.75,28-11-2020
C03163,Ibrahim,Nnaji,Male,27-04-1961,Lagos,Lagos,Freelancer,SME,6131682.0,06/03/2018
C03164,Adaeze,Musa,Female,1968-02-17,Ikeja,Lagos,Salaried,Retail,3883968.6,07/06/2019
C03165,Tunde,Musa,Male,03-07-1976,Zaria,Kaduna,Salaried,Retail,7343832.75,27-02-2021
C03166,Temitope,Fashola,Female,16-10-1998,  Lekki,Lagos,Self Employed,SME,14177496.3,23-03-2025
C03167,Funmilayo,Yusuf,Female,09-08-2002,Awka,Anambra,Business Owner,Retail,4444640.85,29-09-2018
C03168,Ijeoma,Danjuma,Female,05/27/1961,Ikeja,Lagos,Self Employed,Retail,5262121.2,13-07-2018
C03169,Suleiman,Ogundipe,Male,22-11-1969,Kaduna,Kaduna,Freelancer,Retail,3947358.9,15-12-2018
C03170,Titi,Adebayo,Female,23-02-1984,Kaduna,Kaduna,Student,Retail,7586866.2,01-10-2022
C03171,Nnamdi,Fashola,Male,28-06-1988,Kaduna,Kaduna,Retired,Retail,6637383.15,09-01-2024
C03172,Simisola,Mohammed,Female,08-10-1994,Warri,Delta,Self Employed,Premium,23467330.8,09-06-2018
C03173,Chidi,Ajayi,Male,19-02-1983,Benin City,Edo,Freelancer,Retail,4917592.65,12-02-2023
C03174,Titi,Okafor,Female,18-02-1977,Enugu,Enugu,Freelancer,Premium,16938603.9,2025-08-06
C03175,Ngozi,Okonkwo,F,21-11-1975,Ikeja,Lagos,Retired,Corporate,11050843.05,29-02-2020
C03176,Comfort,Ibe,Female,21-09-1966,Lekki,Lagos,Business Owner,Retail,11449196.7,27-09-2024
C03177,Ifeanyi,Yakubu,Male,06-10-1975,Nsukka,Enugu,Retired,,8440223.4,10-07-2021
C03178,Amaka,Yakubu,Female,01/05/1989,Ogbomoso,Oyo,Self Employed,Wealth,10685568.6,14-08-2018
C03179,Chiamaka,Ogundipe,Female,21-11-1982,Uyo,Akwa Ibom,Civil Servant,Retail,5447148.6,01/18/2023
C03180,Ibrahim,Uzoma,Male,14-11-1997,Zaria,Kaduna,Freelancer,Retail,9676726.2,10-01-2026
C03181,Abubakar,Aliyu,Male,24-01-1966,Port Harcourt,Rivers,Retired,Retail,15101820.9,25-06-2021
C03182,Musa,Mohammed,Male,26-02-1964,Kaduna,Kaduna,Business Owner,Retail,4941670.2,24-01-2019
C03183,Damilare,Fashola,Male,18-05-2004,Lagos,Lagos,Student,Retail,6423310.5,01-06-2019
C03184,Emeka,Umeh,Male,02-08-1979,Awka,Anambra,Civil Servant,Premium,13220386.65,19-08-2023
C03185,Bukola,Ogunleye,Female,1989-01-08,Jos,Plateau,Self Employed,Retail,3186890.55,30-04-2018
C03186,Kemi,Suleiman,Female,03/10/1975,Jos,Plateau,Freelancer,SME,18005161.2,11/16/2020
C03187,Ayodele,Afolabi,Male,25-01-2003,Abuja,FCT,Student,Retail,9436357.95,17-12-2022
C03188,Obinna,Adekunle,Male,12/17/1998,Abuja,FCT,Business Owner,SME,10203828.0,29-03-2023
C03189,Oluwaseun,Sanni,Male,04-09-1978,Lagos,Lagos,Self Employed,Retail,3400456.95,09-12-2018
C03190,Aliyu,Sanni,Male,13-12-1982,Benin City,Edo,,SME,5646706.35,2020-10-03
C03191,Fatima,Obi,Female,09-08-1975,Benin City,Edo,Civil Servant,Retail,10950855.75,22-09-2025
C03192,Wale,Ogundipe,Male,1973-07-05,Onitsha,Anambra,Business Owner,Retail,19520176.95,22-11-2020
C03193,Olumide,Nwankwo,Male,04-02-2000,Asaba,Delta,Freelancer,Premium,6885382.65,05-07-2022
C03194,Comfort,Yusuf,Female,26-01-1973,Lekki,Lagos,Self Employed,Retail,10153338.3,03-04-2025
C03195,Aisha,Chukwuma,Female,08-11-1988,Ogbomoso,Oyo,Student,,12458155.05,07-05-2019
C03196,Precious,Mohammed,Female,22-02-1986,Asaba,Delta,Freelancer,Retail,11869774.2,04-08-2019
C03197,Abubakar,Ogunleye,Male,18-02-2004,Ogbomoso,Oyo,Student,Retail,10409602.95,11-12-2023
C03198,Suleiman,Balogun,Male,12-10-2001,Port Harcourt,Rivers,Self Employed,Retail,11092630.95,02-07-2019
C03199,Nkechi,Balogun,Female,1982-09-12,Nsukka,Enugu,Freelancer,Premium,22389015.9,04-12-2019
C03200,Segun,Ekwueme,Male,1993-01-11,Zaria,Kaduna,Retired,,10120443.75,09/11/2025
C03201,Halima,Ajayi,Female,09-06-1973,Jos,Plateau,Student,Corporate,12121120.8,31-05-2023
C03202,Ijeoma,Okafor,Female,19-05-1978,Benin City,Edo,Civil Servant,Retail,9587881.35,19-07-2018
C03203,Comfort,Olawale,Female,19-07-1960,Ogbomoso,Oyo,Self Employed,Retail,6716623.8,07/13/2025
C03204,Chiamaka,Eze,Female,26-06-1983,Jos,Plateau,Freelancer,Retail,6340021.8,2021-04-03
C03205,Halima,Sanni,Female ,04-10-1961,Ibadan,Oyo,Civil Servant,Retail,3320861.7,15-01-2019
C03206,Wale,Mohammed,Male,27-10-1963,Ogbomoso,Oyo,Student,Wealth,8100000.0,27-04-2024
C03207,Sunday,Ekwueme,Male,12-03-1985,Port Harcourt,Rivers,Self Employed,Premium,11623931.25,24-06-2019
C03208,SULEIMAN,Abiola,Male,27-11-1963,Uyo,Akwa Ibom,Freelancer,Retail,11543875.5,02/12/2025
C03209,Chidi,Adekunle,Male,09-09-1992,Abuja,FCT,Freelancer,SME,19964030.7,21-09-2020
C03210,Adanna,Fashola,Female,19-08-1965,Ogbomoso,Oyo,Freelancer,SME,11818524.0,12/27/2024
C03211,Chiamaka,Balogun,Female,17-12-1989,Uyo,Akwa Ibom,Freelancer,SME,3780000.0,25-03-2021
C03212,Segun,Eze,Male,04-12-1988,Port Harcourt,Rivers,Self Employed,Retail,4424678.1,23-05-2020
C03213,Hauwa,Musa,Female,28-07-1973,Abuja,FCT,Freelancer,Premium,6748846.05,05-05-2018
C03214,Temitope,Yakubu,Female,24-05-1962,Benin City,Edo,Self Employed,SME,7280851.05,30-08-2023
C03215,Chioma,Eze,Female,12-01-1967,Warri,Delta,Freelancer,Retail,2700000.0,10-04-2021
C03216,Temitope,Chukwu,Female,06-06-1997,Onitsha,Anambra,Student,Corporate,31123203.9,22-01-2021
C03217,Chinedu,Okoro,Male,1973-10-07,Abeokuta,Ogun,Freelancer,Retail,3271790.4,30-06-2019
C03218,Chidi,Eze,Male,20-04-1993,Jos,Plateau,Salaried,Retail,8831170.05,18-02-2018
C03219,Amara,Afolabi,Female,16-01-1984,Port Harcourt,Rivers,Retired,Retail,4336328.55,22-06-2025
C03220,Chidi,Okafor,Male,28-04-1981,Ibadan,Oyo,Business Owner,Retail,5414168.1,14-01-2020
C03221,Ijeoma,Adebayo,Female,18-10-1995,Lagos,Lagos,Civil Servant,Retail,7103527.5,05/05/2023
C03222,Ijeoma,Ezeh,Female,15-04-1973,Abuja,FCT,Self Employed,Retail,9926832.6,01-02-2021
C03223,Ayodele,Ogunleye,Male,11-09-1979,Warri,Delta,Retired,Retail,11432605.65,04-09-2019
C03224,Kemi,Mohammed,Female,01-12-1994,Ogbomoso,Oyo,Business Owner,Retail,5629926.15,08-01-2020
C03225,Ifeanyi,Ogunleye,Male,23-11-1998,Enugu,Enugu,Business Owner,Retail,6096672.45,17-12-2024
C03226,Ayodele,Uzoma,Male,15-12-1993,Abuja,FCT,Self Employed,SME,5263015.8,17-11-2019
C03227,Comfort,Abiola,Female,17-09-1960,Nsukka,Enugu,Salaried,Retail,11028593.55,25-11-2019
C03228,Nkechi,Eze,Female,01-04-1967,Benin City,Edo,Business Owner,Retail,6821404.2,27-10-2021
C03229,Yetunde,Danjuma,Female,1981-01-19,Calabar,Cross River,Self Employed,Retail,9350519.85,13-10-2020
C03230,Aliyu,Sanni,Male,1986-10-10,Ibadan,Oyo,Retired,Premium,7793257.65,2019-05-27
C03231,Ijeoma,Ezeh,Female,02-03-2004,Awka,Anambra,Student,Retail,8227730.85,22-08-2019
C03232,Adaeze,Nwosu,Female,09-07-1991,Asaba,Delta,Salaried,Premium,33270022.95,10-10-2022
C03233,Ifeoma,Afolabi,Female,02-05-1988,Ibadan,Oyo,Retired,Retail,15453226.8,12-07-2021
C03234,Comfort,Ogunleye,Female,03-10-1977,Jos,Plateau,Freelancer,Wealth,10435834.35,12-09-2019
C03235,Folake,Danjuma,Female,17-02-1978,Ogbomoso,Oyo,Self Employed,Retail,3673381.95,05-02-2023
C03236,Godwin,Yakubu,Male,06-02-1963,Kaduna,Kaduna,Business Owner,Retail,6074205.3,08-10-2020
C03237,Hauwa,Nnaji,Female,09-01-1994,Jos,Plateau,Business Owner,Retail,4547796.0,07-10-2018
C03238,Sunday,Yusuf,Male,13-06-1988,Zaria,Kaduna,Salaried,Corporate,8556755.1,22-06-2020
C03239,Olamide,Okafor,Male,04/11/1990,Abeokuta,Ogun,Salaried,Corporate,8279757.45,09/25/2019
C03240,Emeka,Mohammed,Male,18-01-1960,Enugu,Enugu,Business Owner,Corporate,13470068.1,16-08-2020
C03241,Omolara,Onyekachi,Female,11-03-1979,Port Harcourt,Rivers,Retired,Corporate,16718927.25,21-05-2020
C03242,Abubakar,Adekunle,Male,02-10-2001,Ogbomoso,Oyo,Self Employed,,8432396.25,21-02-2025
C03243,Titi,Ogundipe,Female,07-11-1981,Ibadan,Oyo,Retired,Retail,6810748.8,15-08-2025
C03244,Maryam,Mohammed,Female,26-12-1988,Abuja,FCT,Student,Retail,10890903.3,11-02-2019
C03245,Comfort,Yusuf,Female,28-04-1975,Benin City,Edo,Business Owner,Retail,8428285.95,17-03-2020
C03246,Adanna,Okafor,Female,1995-08-03,Ibadan,Oyo,Student,Premium,27884914.2,03-02-2020
C03247,Ayodele,Okafor,Male,23-08-1982,Warri,Delta,,Retail,11603596.5,18-01-2024
C03248,Zainab,Suleiman,Female,09-02-1979,Kaduna,Kaduna,Salaried,Retail,6958088.25,20-02-2026
C03249,Tunde,Musa,Male,16-09-1992,Abuja,FCT,,Retail,4572869.1,22-10-2019
C03250,Obinna,Okafor,Male,1973-12-08,Port Harcourt,Rivers,Business Owner,Premium,17893754.85,04/25/2024
C03251,Comfort,Chukwu,Female,08/23/1960,Lagos,Lagos,Civil Servant,SME,3780000.0,28-01-2022
C03252,Damilare,Adesanya,Male,15-12-1967,Benin City,Edo,Civil Servant,Premium,8129124.6,07/05/2022
C03253,Chioma,Sanni,Female,21-08-1983,Awka,Anambra,Student,Retail,5705521.8,27-10-2020
C03254,Kelechi,Garba,Male,18-01-1985,Kaduna,Kaduna,Civil Servant,Retail,3632662.05,05-07-2023
C03255,Maryam,Uzoma,Female,19-05-1963,Uyo,Akwa Ibom,Self Employed,Premium,12418942.65,02-04-2023
C03256,Musa,Onyekachi,Male,09-12-1979,Uyo,Akwa Ibom,Retired,Retail,8917233.15,01/06/2024
C03257,Bukola,Nwachukwu,Female,21-04-2003,Jos,Plateau,Self Employed,Retail,9620823.0,04-06-2021
C03258,Musa,Chukwu,Male,19-04-1987,Ogbomoso,Oyo,Retired,Retail,5205426.0,06-09-2020
C03259,Nkechi,Ekwueme,Female,04-02-1961,Enugu,Enugu,Business Owner,SME,16553016.3,27-10-2020
C03260,Obinna,Umeh,Male,11-06-1994,Zaria,Kaduna,Retired,Retail,5453813.25,28-05-2022
C03261,Chidi,Aliyu,Male,09-02-1981,Asaba,Delta,Business Owner,Retail,33246045.6,26-10-2018
C03262,Temitope,Umeh,Female,07-09-1996,Jos,Plateau,Business Owner,Premium,6869581.65,16-06-2022
C03263,Rukayat,musa,Female,08-07-1999,Ogbomoso,Oyo,Freelancer,Premium,19130411.55,22-10-2020
C03264,Chukwudi,Adeyemi,Male,18-11-1989,Warri,Delta,Retired,SME,5556278.1,11/22/2024
C03265,Uche,Garba,Male,14-12-1967,Lekki,Lagos,Student,,,02-09-2025
C03266,Nnamdi,Chukwuma,Male,14-03-1978,Calabar,Cross River,Student,Retail,5725734.75,26-05-2023
C03267,Bisi,Garba,Female,03-01-1998,Lekki,Lagos,Freelancer,SME,19695683.55,01-08-2025
C03268,Nkechi,Onyekachi,Female,18-04-1960,Port Harcourt,Rivers,Freelancer,Wealth,18974324.7,05-11-2018
C03269,Bisi,Chukwu,Female,09-11-1962,Lekki,Lagos,Student,SME,13224932.7,21-09-2025
C03270,Sunday,Nwankwo,Male,04-01-1969,Abeokuta,Ogun,Freelancer,Retail,6062863.35,16-12-2021
C03271,Ibrahim,Ibrahim,Male,10-03-1993,Ikeja,Lagos,Business Owner,Retail,4453446.3,01-03-2018
C03272,Chidi,Mohammed,Male,11/16/1963,Enugu,Enugu,Freelancer,Retail,18702152.25,25-01-2021
C03273,Olumide,Adebayo,Male,10-03-1963,Abeokuta,Ogun,Freelancer,Retail,3676107.3,07-10-2020
C03274,Obinna,Eze,Male,28-01-1992,Abeokuta,Ogun,Self Employed,Premium,31040361.6,21-12-2020
C03275,Chukwuemeka,Nnaji,Male,26-05-1960,Benin City,Edo,Freelancer,Retail,6418552.8,07-09-2021
C03276,Ifeoma,Ezeh,Female,16-08-1968,Enugu,Enugu,Student,Premium,7484157.6,23-09-2018
C03277,Adaobi,Ogundipe,Female,12-08-1968,Jos,Plateau,Student,Retail,4531356.0,03-02-2019
C03278,Chukwuemeka,Nwankwo,Male,14-07-1984,Abeokuta,Ogun,Retired,Retail,10836445.65,26-12-2020
C03279,Sunday,Adeyemi,Male,1989-12-02,Abeokuta,Ogun,Business Owner,SME,18081440.55,30-06-2020
C03280,Tobi,Ekwueme,Male,14-01-1996,Enugu,Enugu,Business Owner,Retail,10224968.55,03-01-2023
C03281,Oluwaseun,Aliyu,Male,23-04-1972,Kaduna,Kaduna,Self Employed,SME,13363134.6,17-01-2023
C03282,Zainab,Okafor,Female,04-10-2004,Asaba,Delta,Student,Retail,5783336.1,28-06-2025
C03283,Ngozi,Ezeh,Female,03-03-1978,Warri,Delta,Retired,Corporate,10196073.0,30-12-2018
C03284,Nkechi,Adekunle,FEMALE,09-12-1960,Ikeja,Lagos,Business Owner,SME,6283209.0,25-10-2020
C03285,Chidi,Onyekachi,Male,25-12-1970,Nsukka,Enugu,Freelancer,Premium,23450610.0,08-12-2025
C03286,Kayode,Chukwu,Male,15-01-2000,Lagos,Lagos,Student,Premium,9820939.8,15-09-2023
C03287,Tunde,Fashola,Male,15-09-2000,Ikeja,Lagos,Self Employed,SME,6687029.55,23-01-2024
C03288,Zainab,Ogundipe,Female,01-01-1973,Uyo,Akwa Ibom,Freelancer,Retail,5440930.05,04-05-2023
C03289,Nkechi,Fashola,Female,13-05-1981,Jos,Plateau,Freelancer,Retail,5670006.15,24-04-2018
C03290,Amara,Garba,Female,26-05-1978,Enugu,Enugu,Freelancer,Retail,4782284.25,07-07-2025
C03291,Halima,balogun,Female,27-05-1993,Ogbomoso,Oyo,Salaried,Corporate,7836219.9,22-03-2023
C03292,Kayode,Balogun,Male,04/11/1991,Onitsha,Anambra,Freelancer,Wealth,74974306.05,09-08-2023
C03293,Amaka,Okafor,F,13-11-1996,Ibadan,Oyo,Student,Retail,10597164.3,21-02-2018
C03294,Chioma,Adeyemi,Female,23-04-2000,Ikeja,Lagos,Retired,Retail,8709759.0,15-11-2020
C03295,Funmilayo,Bello,Female,19-01-1965,Port Harcourt,Rivers,Freelancer,Retail,3931897.35,21-03-2020
C03296,Omolara,Okonkwo,Female,08-03-2001,Jos,Plateau,Business Owner,Retail,5929263.0,26-05-2020
C03297,Abubakar,Nnaji,Male,28-10-1971,Ikeja,Lagos,Retired,Retail,7008834.0,2024-04-10
C03298,Olamide,Adesanya,Male,20-01-1967,Port Harcourt,Rivers,Self Employed,Corporate,8529626.55,23-10-2024
C03299,Emmanuel,Abiola,Male,23-02-1962,Uyo,Akwa Ibom,Student,Wealth,37210896.9,07-11-2022
C03300,Halima,Afolabi,Female,20-04-1981,Lekki,Lagos,Student,Retail,7287176.25,19-02-2023
C03301,PATIENCE,Fashola,Female,15-01-1961,Abuja,FCT,Freelancer,Retail,4929492.45,20-04-2024
C03302,Segun,Aliyu,Male,27-11-1987,Enugu,Enugu,Retired,Retail,-4180949.25,01-09-2021
C03303,Amara,Onyekachi,Female,11-03-1997,Onitsha,Anambra,Student,Corporate,12439462.2,05-05-2024
C03304,Titi,Sanni,Female,11-03-1973,Port Harcourt,Rivers,Retired,Retail,11847941.55,18-01-2026
C03305,Yetunde,Garba,Female,02-08-1970,Abuja,FCT,Freelancer,Premium,9181995.0,26-10-2020
C03306,Chukwuemeka,Aliyu,Male,04-07-1986,Ogbomoso,Oyo,Student,Retail,9571059.6,04-10-2023
C03307,Amara,Uzoma,Female,27-09-1970,Ibadan,Oyo   ,Retired,Retail,17301734.25,25-11-2019
C03308,Amara,Okoro,Female,09-10-1976,Benin City,Edo,Civil Servant,SME,19650631.95,01-11-2023
C03309,Chinedu,Bello,male,11-12-1999,Ogbomoso,Oyo,Civil Servant,Retail,2700000.0,09-02-2024
C03310,Yakubu,Uzoma,Male,04-01-1994,Enugu,Enugu,Self Employed,Retail,9055609.95,28-03-2025
C03311,Uche,Adesanya,Male ,20-08-1991,Nsukka,Enugu,Civil Servant,Wealth,20893095.45,11-11-2018
C03312,Obinna,Ekwueme,Male,17-02-1973,Ibadan,Oyo,Salaried,Corporate,6700717.35,09-03-2020
C03313,Ikechukwu,Nwosu,Male ,25-11-1985,Enugu,Enugu,Civil Servant,Premium,15156398.1,19-11-2019
C03314,ABUBAKAR,Onyekachi,Male,08-03-1962,Kaduna,Kaduna,Self Employed,Retail,7756260.45,24-12-2024
C03315,Obinna,Nwankwo,Male,28-01-1998,Uyo,Akwa Ibom,Civil Servant,SME,9111358.65,03-11-2025
C03316,Aliyu,Ibe,Male,21-02-2004,Lagos,Lagos,Business Owner,Premium,23637714.9,19-06-2021
C03317,Nnamdi,Okoro,Male,05/07/1975,Zaria,Kaduna,Business Owner,Corporate,15254160.9,12-03-2021
C03318,Ronke,Nwankwo,Female,20-07-1979,Kaduna,Kaduna,Civil Servant,Retail,6077852.85,01-07-2019
C03319,Chukwuemeka,Mohammed,Male,06-09-1969,Kaduna,Kaduna,Retired,SME,13037503.65,26-02-2026
C03320,Emeka,ogunleye,Male,23-11-1978,Nsukka,Enugu,Business Owner,Premium,7201634.1,24-09-2024
C03321,Oluwaseun,Ogunleye,Male,23-05-1971,Nsukka,Enugu,Freelancer,Retail,,21-01-2023
C03322,Nkechi,Ogundipe,Female,05-06-1970,Ibadan,Oyo,Freelancer,Premium,8912445.15,03-04-2021
C03323,Precious,Ezeh,Female,07-12-1993,Abeokuta,Ogun,Student,Retail,4747473.3,02-09-2023
C03324,NNAMDI,Chukwuma,Male,15-07-1967,Asaba,Delta,Self Employed,Corporate,21518308.35,03-08-2021
C03325,Chidi,Ogundipe,Male,17-04-1981,Asaba,Delta,Self Employed,Retail,5033270.1,02-12-2019
C03326,Ayodele,Nwosu,Male,10-10-1999,Ikeja,Lagos,Business Owner,Retail,4336738.35,03/19/2020
C03327,Ijeoma,Olawale,Female,09/09/1998,Warri,Delta,Salaried,Corporate,7770236.1,02-12-2023
C03328,Zainab,Olawale,Female,06-06-1992,Benin City,Edo,Retired,Retail,5649221.25,23-10-2020
C03329,Aisha,Nnaji,Female,16-10-1988,Ogbomoso,Oyo,Retired,Retail,6215472.6,2020-08-09
C03330,Precious,Mohammed,Female,01-12-1980,Onitsha,Anambra,Self Employed,Retail,13110755.4,2026-02-17
C03331,Ifeanyi,Ezeh,Male,19-03-1995,Port Harcourt,Rivers,Business Owner,Retail,13667291.4,19-03-2019
C03332,Aliyu,Ezeh,Male,27-02-1970,Warri,Delta,Business Owner,Retail,13478764.05,01-05-2018
C03333,Temitope,Nwankwo,Female,13-01-1979,Abeokuta,Ogun,,Retail,3069522.0,24-01-2026
C03334,Ngozi,Adekunle,Female,22-01-1989,Warri,Delta,Retired,Retail,12488568.9,27-03-2024
C03335,Oluwaseun,Ibe,Male,22-11-1972,Ibadan,Oyo,Business Owner,Retail,5192799.0,12-02-2025
C03336,Abubakar,Adebayo,Male,03-11-1994,Awka,Anambra,Civil Servant,SME,10442575.65,13-02-2019
C03337,Zainab,Balogun,Female,1981-12-14,Benin City,Edo,Self Employed,Retail,9361686.3,02-01-2021
C03338,Titi,Danjuma,Female,01-12-1985,Lekki,Lagos,Student,Retail,3422927.85,14-06-2018
C03339,Precious,Chukwuma,Female,07-11-1969,Port Harcourt,Rivers,Student,Premium,22228947.75,15-05-2025
C03340,Ronke,Olawale,Female,24-04-1980,Port Harcourt,Rivers,Retired,Retail,7874573.55,29-04-2024
C03341,Emmanuel,Okafor,Male,12-04-1990,Calabar,Cross River,Self Employed,Premium,11358503.7,01/18/2025
C03342,Femi,Nwachukwu,Male,22-08-2004,Onitsha,Anambra,Freelancer,Premium,7328567.85,19-10-2024
C03343,Adewale,Yusuf,Male,10-07-1979,Zaria,Kaduna,Business Owner,Retail,3353301.3,08-02-2026
C03344,Temitope,Afolabi,Female,05-06-2003,Ibadan,Oyo,Student,Premium,14840759.55,12-11-2019
C03345,Emmanuel,Garba,Male,11-04-1990,Port Harcourt,Rivers,Business Owner,Wealth,18105675.75,01-10-2025
C03346,Patience,Uzoma,Female,13-06-1965,Port Harcourt,Rivers,Self Employed,Premium,5687274.9,02-07-2022
C03347,Grace,Adebayo,Female,14-09-1993,Abeokuta,Ogun,Business Owner,Retail,4360674.6,30-01-2022
C03348,Ijeoma,Suleiman,Female,21-12-1967,Uyo,Akwa Ibom   ,Business Owner,SME,5286080.7,14-05-2024
C03349,Tunde,garba,Male,10-11-1990,Onitsha,Anambra,Freelancer,Retail,14797369.5,14-05-2021
C03350,Rukayat,Umeh,Female,09/04/1975,Ibadan,Oyo,Student,SME,3780000.0,13-03-2025
C03351,Ibrahim,Okonkwo,Male,22-05-1971,Abuja,FCT,Business Owner,Retail,3127256.85,12-12-2022
C03352,Ikechukwu,Nwosu,Male,21-04-1980,Nsukka,Enugu,Business Owner,SME,23958988.65,09-09-2020
C03353,Yetunde,Ogundipe,Female,11-08-1963,Lagos,Lagos,Retired,SME,18732176.25,12/28/2019
C03354,Tobi,Suleiman,Male,15-06-1963,Enugu,Enugu,,SME,10000114.5,14-02-2026
C03355,Sunday,Sanni,Male,09-03-1965,Zaria,Kaduna,Business Owner,Retail,10861877.55,22-04-2020
C03356,PATIENCE,Chukwuma,Female,09-02-2000,Ikeja,Lagos,Salaried,Premium,5405930.25,19-02-2026
C03357,Simisola,Garba,Female,21-10-1984,Lagos,Lagos,Retired,Retail,15512842.95,07-11-2025
C03358,Chukwudi,Okonkwo,Male,01-06-1984,Ikeja,Lagos,Salaried,Retail,10401798.45,17-03-2019
C03359,Musa,Eze,Male,05-01-1980,Abeokuta,Ogun,Self Employed,Premium,7255012.05,23-05-2023
C03360,Uche,Ibrahim,Male,18-10-1995,Abeokuta,Ogun,Business Owner,Retail,4267313.1,15-11-2025
C03361,Fatima,Onyekachi,Female,05-05-1995,Abuja,FCT,Retired,Retail,15788408.7,06-12-2020
C03362,Damilare,Aliyu,Male,21-01-1962,Abeokuta,Ogun,Student,Retail,3773725.5,26-11-2019
C03363,Rukayat,Nwosu,Female,03-07-1994,Enugu,Enugu,Student,Premium,9604485.15,2021-08-18
C03364,Bisi,Chukwuma,Female,07-07-2004,Kaduna,Kaduna,Business Owner,SME,10514604.9,06-08-2023
C03365,Ifeoma,Adebayo,Female,22-08-1996,Kaduna,Kaduna,Student,SME,22416286.05,06-03-2018
C03366,Damilare,Onyekachi,Male,12/21/1979,Kaduna,Kaduna,Business Owner,Retail,5665300.65,19-01-2018
C03367,Nnamdi,Okonkwo,Male,1974-10-02,Benin City,Edo,Retired,Wealth,9095598.9,2021-12-27
C03368,Amara,Adekunle,Female,20-07-2000,Calabar,Cross River,Self Employed,Premium,8092146.0,03-01-2022
C03369,Chidi,Okoro,Male,13-08-2003,Awka,Anambra,Civil Servant,Retail,6099503.85,29-12-2018
C03370,Tunde,Chukwu,Male,13-03-1978,Zaria,Kaduna,Retired,Retail,4036081.05,06-04-2018
C03371,Hauwa,Afolabi,Female,19-06-1977,Port Harcourt,Rivers,Student,Retail,7283338.8,10-03-2022
C03372,Maryam,Nwachukwu,Female,26-03-1981,Enugu,Enugu,Salaried,Retail,2700000.0,06-01-2023
C03373,Chiamaka,Okonkwo,Female,25-06-2003,Ogbomoso,Oyo,Freelancer,Corporate,13885839.6,26-09-2019
C03374,Uche,Nnaji,Male,06-03-1964,Onitsha,Anambra,Salaried,SME,15868255.35,26-05-2025
C03375,Simisola,Adekunle,female,28-03-1980,Kaduna,Kaduna,Retired,Retail,6157775.55,09-09-2025
C03376,Uche,Chukwuma,Male,07-03-1980,Ogbomoso,Oyo,Self Employed,,12821210.55,04-09-2018
C03377,Aisha,Nwachukwu,Female,11-09-2002,Enugu,Enugu,Retired,Retail,6234123.3,05-01-2026
C03378,Amaka,Ajayi,Female,05-05-1968,Warri,Delta,Civil Servant,Retail,10168216.2,06-12-2025
C03379,Hauwa,Ibrahim,Female,28-10-2003,Nsukka,Enugu,Salaried,Retail,8876923.2,2021-07-03
C03380,Obinna,adebayo,Male,06-12-1987,Port Harcourt,Rivers,Self Employed,Retail,3487056.9,15-12-2020
C03381,Aliyu,Onyekachi,Male,17-02-1964,Ogbomoso,Oyo,Freelancer,Premium,12305890.5,16-04-2022
C03382,Ayodele,Ibrahim,Male,22-04-1998,Uyo,Akwa Ibom,Student,Retail,6703167.15,15-12-2018
C03383,Halima,Obi,FEMALE,1963-04-07,Ibadan,Oyo,Business Owner,Wealth,39931129.35,26-02-2021
C03384,Ikechukwu,Adeyemi,Male,10-11-1993,Warri,Delta,Freelancer,Retail,19295645.4,13-10-2024
C03385,Suleiman,Danjuma,Male,16-04-1965,Nsukka,Enugu,Retired,SME,10701755.4,11-09-2020
C03386,Chukwuemeka,Chukwuma,Male,24-12-1991,Ogbomoso,Oyo,Student,SME,9269219.4,02-11-2021
C03387,Ayodele,Chukwuma,Male,12-05-1984,Jos,Plateau,Retired,Retail,2700000.0,17-09-2021
C03388,Kemi,Adekunle,Female,25-06-1972,Benin City,Edo,Self Employed,Corporate,5940000.0,20-08-2020
C03389,Segun,Nwachukwu,Male,24-10-1994,Ikeja,Lagos,Business Owner,Corporate,9914092.05,12-08-2025
C03390,Wale,Ibrahim,Male,17-11-1979,Warri,Delta,Student,Retail,3223389.9,2018-02-28
C03391,Patience,okonkwo,Female,23-05-1988,Ibadan,Oyo,Retired,Retail,7651205.7,10-05-2023
C03392,Nkechi,Bello,Female,14-02-1970,Ogbomoso,Oyo,Freelancer,Wealth,21524906.25,2024-06-29
C03393,Suleiman,Fashola,Male,06-01-1975,Jos,Plateau,Business Owner,Premium,4860000.0,2019-11-19
C03394,Funmilayo,Ogundipe,Female,24-04-1970,Ikeja,Lagos,,Corporate,35078151.6,21-10-2019
C03395,FUNMILAYO,Adebayo,Female,03/18/1994,  Uyo,Akwa Ibom,Retired,Retail,16496562.0,07-01-2022
C03396,Adanna,Eze,Female,24-11-1984,Warri,Delta,Business Owner,Retail,9046513.35,01-06-2022
C03397,Chiamaka,Adebayo,Female,09-07-1979,Awka,Anambra,Civil Servant,Corporate,11323848.0,11-10-2018
C03398,Aisha,Ezeh,Female,25-08-1997,  Zaria,Kaduna,Student,Retail,14065643.7,06/28/2018
C03399,Adanna,Ajayi,Female,14-04-2003,Abuja,FCT,Self Employed,Retail,8876558.55,10-01-2021
C03400,Tobi,Ajayi,Male,08-11-1962,Ogbomoso,Oyo,Freelancer,Retail,2700000.0,26-12-2018
C03401,Suleiman,Adesanya,Male,16-06-1977,Ibadan,Oyo,Self Employed,Retail,4169235.3,19-04-2024
C03402,Fatima,Yusuf,Female,11/17/1991,Ibadan,Oyo,Retired,Retail,3644321.25,13-09-2023
C03403,Ibrahim,Bello,Male,24-06-1982,Warri,Delta,Student,Retail,8833824.0,26-08-2022
C03404,Maryam,Musa,Female,02-05-1997,Calabar,Cross River,Freelancer,Premium,8890487.85,27-02-2018
C03405,Obinna,Adebayo,Male,11-06-1996,Onitsha,Anambra,Retired,Retail,,30-09-2021
C03406,Funmilayo,Sanni,Female,05-03-1972,Ogbomoso,Oyo,Retired,Retail,,14-07-2022
C03407,Funmilayo,Adeyemi,Female,03-03-1997,Warri,Delta,Retired,SME,11736093.0,06-11-2025
C03408,Comfort,Eze,Female,18-08-1997,Ibadan,Oyo,Freelancer,Retail,6187794.9,22-03-2020
C03409,Ngozi,Ogundipe,Female,08-07-1996,Warri,Delta,Retired,Retail,2822677.05,21-01-2020
C03410,Adaobi,Ibrahim,Female,10/24/1982,Abeokuta,Ogun,Business Owner,Retail,4877881.5,19-07-2022
C03411,Simisola,Chukwuma,Female,16-02-1960,Lekki,Lagos,Freelancer,Retail,10427997.9,17-11-2021
C03412,Adaobi,Adebayo,Female,14-01-1984,Enugu,Enugu,Student,Corporate,8818096.35,11-03-2022
C03413,Blessing,Suleiman,Female,10-12-1999,Ibadan,Oyo,Salaried,Retail,7691177.85,17-12-2025
C03414,Fatima,Abiola,Female,1973-12-06,Ikeja,Lagos,Freelancer,Retail,4541279.7,10-04-2022
C03415,Ifeanyi,Suleiman,Male,22-03-1980,Nsukka,Enugu,Self Employed,Premium,4894132.8,22-01-2024
C03416,Chidi,Okoro,Male,28-07-2003,Lagos,Lagos,Freelancer,,14721124.5,2018-10-02
C03417,Ifeanyi,Onyekachi,Male,1981-04-21,Calabar,Cross River,Student,Wealth,67405979.7,06/08/2023
C03418,Ronke,Musa,Female,21-04-1961,Abuja,FCT,Student,Retail,5765043.9,19-12-2019
C03419,Adaobi,Suleiman,Female,08-11-1964,Zaria,Kaduna,Salaried,Retail,12492969.15,28-02-2020
C03420,Segun,Abiola,Male,20-08-2003,Nsukka,Enugu,,Retail,2700000.0,19-01-2022
C03421,Adaobi,Abiola,Female,23-11-1982,Nsukka,Enugu,Self Employed,Retail,13002662.4,24-09-2025
C03422,Ayodele,Abiola,Male,14-06-2004,Jos,Plateau,Business Owner,Retail,2700000.0,08-07-2022
C03423,Grace,Musa,Female,02-09-1989,Zaria,Kaduna,Retired,Retail,9744235.95,08-10-2024
C03424,Obinna,Yakubu,Male,06-06-1992,Warri,Delta,Salaried,Corporate,17647281.0,30-12-2025
C03425,Ifeanyi,Chukwuma,Male,09-02-1980,Warri,Delta,Student,Premium,10875778.8,21-02-2026
C03426,Ronke,Afolabi,Female,15-06-1986,Warri,Delta,Salaried,Retail,4942366.95,13-05-2024
C03427,Grace,Balogun,Female,23-05-2002,Onitsha,Anambra,Retired,SME,10911721.2,15-12-2020
C03428,Funmilayo,Garba,Female,22-04-1978,Lekki,Lagos,Student,SME,29122668.6,07-06-2022
C03429,Ayodele,Okonkwo,Male,18-09-1975,Warri,Delta,Freelancer,SME,7425787.8,14-02-2022
C03430,Bukola,Garba,Female,13-12-1982,Abuja,FCT,Retired,Corporate,14851641.75,11-02-2020
C03431,Amaka,Ekwueme,Female,19-02-1960,Ibadan,Oyo,Civil Servant,Corporate,5940000.0,20-04-2024
C03432,Ayodele,Olawale,Male,04/14/2002,Onitsha,Anambra,Civil Servant,Retail,7067715.0,02-07-2025
C03433,Abubakar,Garba,Male,21-04-1961,Port Harcourt,Rivers,Retired,Premium,13278914.55,05-12-2024
C03434,Yusuf,Fashola,Male,14-08-1985,Ogbomoso,Oyo,Business Owner,Wealth,8100000.0,21-10-2020
C03435,Yetunde,Ogunleye,Female,1974-07-12,Zaria,Kaduna,Student,Retail,8491830.45,21-03-2021
C03436,Ifeanyi,Olawale,Male,16-07-1997,Nsukka,Enugu,Salaried,Retail,5002668.3,27-05-2022
C03437,Femi,Okoro,Male,19-01-1998,Benin City,Edo   ,Freelancer,SME,7951207.05,31-05-2025
C03438,Patience,Garba,Female,09/17/1982,Ikeja,Lagos,Self Employed,Retail,2876721.15,19-07-2021
C03439,Ikechukwu,Nwachukwu,Male,1991-09-02,Benin City,Edo,Business Owner,,,01-05-2022
C03440,Omolara,Suleiman,Female,26-10-1980,Asaba,Delta,Self Employed,Retail,2700000.0,28-10-2023
C03441,Ronke,Olawale,Female,13-05-1980,Zaria,Kaduna,Self Employed,Retail,9113565.3,05-07-2022
C03442,Fatima,Ekwueme,Female,21-10-1974,Lekki,Lagos,Retired,Wealth,21373905.15,29-03-2022
C03443,Ijeoma,Okafor,Female,1964-09-08,Kaduna,Kaduna,Freelancer,Retail,6993966.6,05-10-2018
C03444,Ngozi,Ekwueme,Female,21-10-1965,Asaba,Delta,Self Employed,Retail,12151449.15,2025-06-03
C03445,Ikechukwu,Ekwueme,Male,27-02-1978,Lekki,Lagos   ,Freelancer,Retail,7797838.5,30-08-2025
C03446,Yetunde,Ogunleye,Female,18-04-1968,Enugu,Enugu,Civil Servant,Retail,6095649.6,04-02-2025
C03447,Femi,Adeyemi,Male,17-12-1970,Ibadan,Oyo,Freelancer,Premium,7193059.5,20-05-2020
C03448,Godwin,Nwosu,Male,18-08-1999,Lekki,Lagos,Retired,Retail,6302063.7,14-02-2019
C03449,Kemi,Afolabi,Female,08-07-1972,Zaria,Kaduna,Freelancer,Retail,13642069.65,04-02-2018
C03450,Bayo,Ogunleye,Male,08-07-1984,Abeokuta,Ogun,Retired,Retail,13026189.15,27-08-2021
C03451,Bukola,Okonkwo,Female,27-04-1974,Asaba,Delta,Student,SME,4381122.45,14-01-2023
C03452,Emeka,Ekwueme,Male,03-08-1988,Ibadan,Oyo,Self Employed,Premium,23314699.5,30-08-2018
C03453,Kayode,Afolabi,Male,11-08-1993,Port Harcourt,Rivers,Freelancer,SME,6625759.2,22-02-2018
C03454,Comfort,Okonkwo,Female,13-01-1986,Nsukka,Enugu,Retired,Retail,6849857.55,18-04-2023
C03455,Adanna,Mohammed,Female,11-06-1984,Abeokuta,Ogun,Student,Corporate,14022307.2,25-11-2020
C03456,Aisha,Bello,Female,24-12-1966,Uyo,Akwa Ibom,Freelancer,Retail,4459639.2,2021-05-15
C03457,Damilare,Nwosu,Male,18-09-2003,Awka,Anambra,Freelancer,Retail,9805744.95,06-04-2019
C03458,Emeka,Obi,MALE,25-02-1983,Zaria,Kaduna,Self Employed,SME,14412754.2,04-02-2024
C03459,Aliyu,Adeyemi,Male,15-06-1964,Uyo,Akwa Ibom,Freelancer,Retail,10309346.25,22-08-2022
C03460,Obinna,Onyekachi,Male,18-10-1960,Calabar,Cross River,Self Employed,Retail,10270356.3,10-06-2023
C03461,Adaobi,Aliyu,Female,02-07-1992,Onitsha,Anambra,Self Employed,Retail,10592525.55,19-09-2025
C03462,Yakubu,Adekunle,Male,19-09-1973,Enugu,Enugu,Business Owner,Retail,5522251.95,12-11-2018
C03463,Chukwudi,Okoro,Male,16-12-1981,Onitsha,Anambra,Business Owner,SME,7620569.25,05-08-2025
C03464,Chioma,Okoro,Female,13-02-1989,Port Harcourt,Rivers,Retired,Retail,7137455.1,11-03-2023
C03465,Ronke,Obi,Female,24-07-1990,Benin City,Edo,Freelancer,SME,10562122.8,17-02-2021
C03466,Damilare,Yakubu,Male,25-08-1995,Kaduna,Kaduna,Retired,SME,4962984.0,27-09-2019
C03467,Emmanuel,Chukwu,Male,03-05-1996,Abeokuta,Ogun,Retired,Corporate,18624799.35,26-10-2025
C03468,Rukayat,nwankwo,Female,12-03-1985,Lagos,Lagos,Business Owner,Retail,11713385.25,10/31/2021
C03469,Uche,Ibrahim,Male,27-02-1977,Uyo,Akwa Ibom,Business Owner,Retail,3338632.65,15-01-2018
C03470,Amaka,Balogun,Female,13-06-1974,Ikeja,Lagos   ,Retired,Retail,6692418.9,07-02-2018
C03471,Titi,Musa,Female,27-10-1988,Awka,Anambra,Freelancer,Corporate,28403933.85,25-07-2019
C03472,Aisha,Sanni,Female,25-03-1972,Warri,Delta,Retired,Corporate,11206068.75,09-07-2021
C03473,Tobi,Nwosu,Male,07-11-1978,Ibadan,Oyo,Self Employed,Retail,4723873.65,25-03-2018
C03474,Zainab,Okafor,Female,18-06-1970,Lekki,Lagos,Student,Retail,7286502.9,14-06-2025
C03475,Maryam,Adesanya,female,03-04-1985,Nsukka,Enugu,Self Employed,Retail,5415120.15,07-10-2023
C03476,Ifeoma,Onyekachi,Female,23-04-1975,Lagos,Lagos,Business Owner,SME,7706516.1,27-05-2024
C03477,Emmanuel,Chukwu,Male,14-02-2000,Warri,Delta,Civil Servant,SME,37011658.35,08-09-2018
C03478,Titi,Nwankwo,Female,08-07-1984,Asaba,Delta,Salaried,Corporate,37156178.7,03-04-2021
C03479,Obinna,Ekwueme,Male,11-11-1994,Lagos,Lagos,Civil Servant,Retail,5786022.45,09-02-2025
C03480,Ayodele,Ogundipe,Male,1992-05-17,Lagos,Lagos,Student,Retail,18481318.05,26-01-2018
C03481,Suleiman,Bello,Male,01-10-1986,Awka,Anambra,Freelancer,Premium,10376947.8,05-04-2022
C03482,Rukayat,Onyekachi,Female,03-05-1979,Port Harcourt,Rivers,Business Owner,Wealth,16119045.45,12-04-2023
C03483,PATIENCE,Nwosu,Female,14-02-1969,Enugu,Enugu,Salaried,Retail,12149967.45,03-03-2023
C03484,Abubakar,Nwachukwu,Male,11/01/1964,Warri,Delta,Self Employed,Premium,22423796.25,01-06-2025
C03485,Bisi,Afolabi,Female,24-11-1982,Lagos,Lagos,Self Employed,Retail,5848867.05,29-06-2020
C03486,Chinedu,Adeyemi,Male,25-08-1967,Nsukka,Enugu,Self Employed,Retail,5560477.95,24-04-2024
C03487,Yusuf,Obi,Male,10-03-2004,Calabar,Cross River,Business Owner,Corporate,15948536.4,01-05-2025
C03488,Nkechi,Okafor,Female,19-09-1963,Abeokuta,Ogun,Retired,SME,11316575.7,01/15/2018
C03489,Nkechi,Ibe,Female,20-07-1970,Asaba,Delta,Freelancer,Retail,5632821.3,22-07-2020
C03490,Tobi,Balogun,Male,20-12-1977,Port Harcourt,Rivers,Business Owner,Retail,11148162.9,07-07-2018
C03491,Adewale,nwachukwu,Male,20-05-1991,Abeokuta,Ogun,Freelancer,Retail,7458116.4,08-08-2020
C03492,Grace,Balogun,Female,12-07-2001,Kaduna,Kaduna,Freelancer,Retail,8287646.55,19-11-2023
C03493,Ronke,Nwachukwu,Female,01-04-1972,Lagos,Lagos,Freelancer,Retail,13929777.6,2020-10-03
C03494,Ifeoma,Musa,Female,02-11-1997,Port Harcourt,Rivers,Freelancer,Retail,10318029.75,10-03-2019
C03495,Ikechukwu,Balogun,Male,27-01-1997,Onitsha,Anambra,Salaried,Retail,12181363.05,01-09-2018
C03496,Emmanuel,Okoro,Male,09-08-1963,Abuja,FCT,Student,Retail,6065152.2,2019-05-27
C03497,Patience,Obi,Female,01-12-1976,Kaduna,Kaduna,Retired,Retail,9029647.35,11-06-2022
C03498,Fatima,Ibrahim,Female,25-08-2003,Onitsha,Anambra,Salaried,Retail,5068172.85,18-12-2022
C03499,Tunde,Eze,Male,1974-07-13,Port Harcourt,Rivers,Retired,Premium,,07-01-2018
C03500,MARYAM,Umeh,Female,20-09-1987,Nsukka,Enugu,Salaried,Retail,8138936.1,07-06-2021
C03501,Adaeze,Danjuma,Female,25-04-1997,Nsukka,Enugu,Student,Retail,5963127.15,10-03-2022
C03502,Yetunde,Okafor,Female,14-07-2004,Port Harcourt,Rivers,Student,Premium,4860000.0,14-11-2023
C03503,Adaeze,Suleiman,Female,05-06-1989,Warri,Delta,Student,Retail,7704006.9,01-01-2021
C03504,Musa,Mohammed,Male,08-09-1999,Abeokuta,Ogun,Retired,Corporate,10455977.7,10-02-2022
C03505,Aisha,Okonkwo,Female,02-07-2004,Port Harcourt,Rivers,Self Employed,Retail,7002934.05,03-04-2021
C03506,Fatima,Nwankwo,Female,09-02-1965,Lagos,Lagos,Business Owner,Premium,21513711.0,27-02-2026
C03507,Ronke,Onyekachi,Female,28-11-1972,Kaduna,Kaduna,Business Owner,Premium,11457493.95,13-06-2024
C03508,Titi,Adesanya,Female,20-04-1988,Kaduna,Kaduna,Self Employed,Retail,2700000.0,03-07-2022
C03509,Ngozi,Adebayo,Female,02-02-1997,Calabar,Cross River,Student,Retail,9214312.2,03-01-2025
C03510,Kemi,Suleiman,Female,16-01-1973,Benin City,Edo,Freelancer,SME,19768541.7,03-02-2023
C03511,Chiamaka,Olawale,Female,14-12-2003,Warri,Delta,Self Employed,Wealth,21565343.25,06-08-2020
C03512,Amaka,Balogun,Female,25-05-1975,Ogbomoso,Oyo,Student,Retail,2700000.0,29-03-2019
C03513,Tunde,Nwachukwu,Male,26-06-1984,Port Harcourt,Rivers,Self Employed,Retail,7036991.4,03-07-2023
C03514,Tunde,Nwankwo,Male,28-11-1999,Calabar,Cross River,Retired,Retail,4644042.15,15-07-2022
C03515,Bukola,Bello,Female,10-09-2000,Lagos,Lagos,Self Employed,Retail,11761911.9,21-03-2023
C03516,RONKE,Chukwuma,Female,26-12-1963,Enugu,Enugu,Business Owner,Retail,6177908.1,05-05-2024
C03517,Ibrahim,Bello,Male,16-01-1991,Ibadan,Oyo,Business Owner,SME,7902439.2,05-06-2021
C03518,Olamide,Ogunleye,Male,24-01-1960,Lagos,Lagos,Self Employed,Corporate,6640185.15,19-05-2019
C03519,Simisola,Chukwuma,Female,25-05-1987,Ikeja,Lagos,Retired,,12656434.35,2019-10-23
C03520,Adaeze,Yusuf,Female,22-09-1995,Abeokuta,Ogun,Business Owner,SME,13033428.3,08-08-2024
C03521,Bukola,Ibe,Female,20-12-1996,Kaduna,Kaduna,Business Owner,Retail,6485809.95,30-12-2022
C03522,Yusuf,Okonkwo,Male,27-08-1992,Uyo,Akwa Ibom,Retired,Premium,11757193.95,21-10-2025
C03523,Aliyu,Mohammed,Male,23-11-1982,Port Harcourt,Rivers,Retired,Premium,29694133.5,19-08-2021
C03524,Adanna,Onyekachi,Female,25-01-1985,Nsukka,Enugu,Salaried,Premium,8645607.9,09-10-2019
C03525,Halima,Onyekachi,Female,02-01-1984,Uyo,Akwa Ibom,Student,Retail,4851025.05,2021-12-13
C03526,Abubakar,Adesanya,Male,15-01-1990,Port Harcourt,Rivers,Student,Retail,3684870.9,28-10-2022
C03527,Tunde,Ibe,Male,14-01-1980,Nsukka,Enugu,Retired,SME,12539120.4,30-01-2026
C03528,Maryam,Umeh,Female,10-12-1961,Abuja,FCT,Student,Retail,6977192.55,09-07-2019
C03529,Simisola,Aliyu,Female,05-01-1988,Abeokuta,Ogun,Business Owner,Corporate,11135957.85,31-05-2023
C03530,Tunde,Afolabi,Male,02-07-1981,Port Harcourt,Rivers   ,Freelancer,SME,7564177.05,03-07-2018
C03531,Kelechi,Adekunle,Male,01-10-1987,Nsukka,Enugu,Freelancer,Retail,11692603.95,27-01-2020
C03532,Nkechi,Garba,Female,09-04-1964,Ibadan,Oyo,Freelancer,Retail,5918556.15,2018-01-18
C03533,Oluwaseun,Okafor,Male,21-12-1974,Onitsha,Anambra,Retired,Retail,12386414.7,15-11-2022
C03534,Halima,Olawale,Female,22-09-1989,Warri,Delta,Student,Retail,7009148.85,07-07-2020
C03535,Amara,Nwachukwu,Female,1967-04-13,Abeokuta,Ogun,Business Owner,Corporate,12943344.75,01-01-2022
C03536,Maryam,Adebayo,Female,14-03-1983,Onitsha,Anambra,Student,Retail,3491387.85,04-02-2018
C03537,Titi,Adebayo,Female,12-10-1970,Uyo,Akwa Ibom,Civil Servant,Retail,5494300.2,03-06-2019
C03538,Tunde,Adekunle,Male,19-11-1981,Nsukka,Enugu,Business Owner,Premium,,18-04-2024
C03539,UCHE,Mohammed,Male,28-03-1998,Ibadan,Oyo,Business Owner,Retail,5792677.95,24-12-2018
C03540,Adaobi,Ekwueme,Female,08/23/1997,Kaduna,Kaduna,Retired,Wealth,8100000.0,10/02/2021
C03541,TOBI,Okonkwo,Male,15-03-1964,Nsukka,Enugu,Retired,SME,14359768.65,11-07-2023
C03542,Patience,Ogundipe,Female,04-03-2004,Ogbomoso,Oyo,,Retail,2700000.0,03-08-2021
C03543,Amara,Balogun,Female,07/25/2004,Port Harcourt,Rivers,Salaried,Retail,4523634.45,02-08-2025
C03544,Ayodele,Onyekachi,Male,04-01-1966,Zaria,Kaduna,Retired,Retail,8240708.7,06-04-2024
C03545,Emeka,Chukwuma,Male,25-01-1977,Calabar,Cross River,Self Employed,SME,6073570.5,2022-07-04
C03546,Maryam,Ibrahim,Female,25-08-1967,Zaria,Kaduna,Retired,SME,3901769.4,29-01-2024
C03547,Omolara,Adesanya,Female,11-01-1998,Lekki,Lagos,Salaried,SME,20354818.05,28-02-2020
C03548,Ifeoma,Sanni,Female,1978-12-27,Nsukka,Enugu,Student,Retail,13985562.75,18-12-2025
C03549,Femi,Adeyemi,Male,17-11-1981,Enugu,Enugu,Freelancer,Premium,26125515.9,26-01-2020
C03550,Nnamdi,Uzoma,Male,04-02-1975,Asaba,Delta,Self Employed,Retail,5913172.35,05-04-2021
C03551,Chidi,Okoro,Male,25-07-1988,Ogbomoso,Oyo,Student,Retail,6678424.05,13-10-2019
C03552,Uche,Ekwueme,Male,1989-05-20,Ikeja,Lagos,Self Employed,Retail,9436588.35,12-05-2022
C03553,Nkechi,Olawale,Female,03/01/1997,Lagos,Lagos,Freelancer,Retail,9576180.75,05/07/2019
C03554,Zainab,Ekwueme,Female,16-06-1985,Ogbomoso,Oyo,Retired,SME,27181515.0,29-12-2024
C03555,Simisola,Adeyemi,Female,08-05-1963,Uyo,Akwa Ibom,Business Owner,SME,12140572.65,11-12-2021
C03556,Kayode,Okoro,Male,05-07-1993,Ikeja,Lagos,Self Employed,SME,14516685.6,15-07-2020
C03557,Adanna,Chukwu,Female,09-03-1990,Lagos,Lagos,Salaried,SME,9164492.4,10-06-2020
C03558,Adaeze,Nwachukwu,Female,16-06-1983,Lekki,Lagos,Retired,Retail,6956902.65,30-03-2020
C03559,Ibrahim,Uzoma,Male,02-05-1975,Lekki,Lagos,Freelancer,Retail,4736399.1,02-03-2025
C03560,Omolara,Ezeh,Female,12-09-1992,Kaduna,Kaduna,Retired,Premium,6917963.55,14-03-2020
C03561,Oluwaseun,Bello,Male,20-11-1983,Abeokuta,Ogun,Self Employed,Retail,3556879.05,25-08-2022
C03562,Ibrahim,Ekwueme,MALE,26-02-1975,Calabar,Cross River,Retired,Retail,2700000.0,23-10-2024
C03563,Chidi,Adeyemi,Male,16-11-1981,Uyo,Akwa Ibom,Retired,SME,9212984.4,28-04-2021
C03564,Folake,Ekwueme,Female,24-03-1961,Uyo,Akwa Ibom,,Retail,9338429.25,24-05-2020
C03565,Ayodele,Onyekachi,Male,10-11-1966,Benin City,Edo,Freelancer,Premium,13441971.0,08-11-2025
C03566,Comfort,Musa,Female,1993-07-27,Asaba,Delta,Student,Premium,10491965.4,05-03-2025
C03567,Rukayat,Bello,Female,16-08-1976,Kaduna,Kaduna,Self Employed,Premium,19668831.75,03-04-2023
C03568,Bisi,Adeyemi,Female,01-07-1971,Calabar,Cross River,Freelancer,Corporate,18614976.0,27-06-2020
C03569,Chioma,Onyekachi,Female,05-03-1978,Nsukka,Enugu,Self Employed,Retail,28782402.3,14-01-2022
C03570,Chukwuemeka,Aliyu,Male,25-08-1990,Kaduna,Kaduna,Self Employed,Retail,,13-03-2019
C03571,Suleiman,Balogun,Male,06-06-1993,Zaria,Kaduna,Self Employed,Retail,11764214.85,2025-12-22
C03572,Aisha,Uzoma,Female,08-09-1972,Ibadan,Oyo,Self Employed,Premium,7863039.15,06-03-2018
C03573,Adanna,Balogun,Female,23-06-1989,Awka,Anambra,Student,Premium,5870801.7,29-04-2023
C03574,Adanna,Ibrahim,Female,23-10-1984,Ikeja,Lagos,Self Employed,Wealth,52981266.6,20-06-2019
C03575,Patience,Garba,Female,10-06-1969,Ikeja,Lagos,Student,Retail,21096127.95,29-12-2022
C03576,Wale,Ezeh,Male,26-11-1993,Jos,Plateau,Retired,Retail,9375397.2,26-08-2021
C03577,BUKOLA,Ezeh,Female,11-11-1978,Abuja,FCT,Freelancer,Wealth,26175284.55,30-11-2022
C03578,Chukwudi,Obi,Male,11-11-1974,Abeokuta,Ogun,Student,Wealth,18498391.65,26-07-2025
C03579,Adanna,Yusuf,Female,13-10-1992,Nsukka,Enugu,Freelancer,SME,5140370.7,2023-03-19
C03580,OLUWASEUN,Olawale,Male,16-12-1965,Lekki,Lagos,Civil Servant,Premium,22976603.1,03-03-2024
C03581,Fatima,Ogundipe,Female,04-01-1961,Asaba,Delta,Civil Servant,Corporate,21607721.25,11-08-2021
C03582,Ayodele,Nwachukwu,Male,11-10-1980,Kaduna,Kaduna,Freelancer,Retail,11694019.05,27-10-2025
C03583,Abubakar,Nwankwo,Male,01-09-2002,Lagos,Lagos,Freelancer,Retail,6818709.9,2019-12-16
C03584,Amaka,Ogundipe,Female,2003-11-10,Kaduna,Kaduna,Freelancer,SME,15422230.35,24-05-2025
C03585,Damilare,Adeyemi,Male,27-05-1999,Port Harcourt,Rivers,Freelancer,Retail,5073137.1,21-09-2021
C03586,ABUBAKAR,Ezeh,Male,07-11-1971,Warri,Delta,Student,SME,3780000.0,13-03-2023
C03587,Adaobi,Aliyu,Female,22-08-2003,Uyo,Akwa Ibom,Business Owner,Retail,6186521.85,20-12-2023
C03588,Comfort,Onyekachi,Female,07-01-1980,Kaduna,Kaduna,Student,Premium,14774669.25,04-11-2018
C03589,Nkechi,Nwosu,Female,26-01-1992,Abeokuta,Ogun,Freelancer,Retail,7907343.15,2022-08-16
C03590,Maryam,Garba,Female,09-11-1991,Abuja,FCT,Self Employed,Retail,10266598.95,17-02-2022
C03591,Zainab,Danjuma,Female,22-09-1987,Ibadan,Oyo,Self Employed,SME,25448491.35,04-05-2022
C03592,Zainab,Ajayi,Female,05-12-1983,Lekki,Lagos,Self Employed,SME,6908898.3,04-08-2021
C03593,Blessing,Uzoma,Female,25-09-1990,Lagos,Lagos,Student,Retail,2871480.3,01-05-2022
C03594,Godwin,Obi,Male,22-12-1986,Benin City,Edo,Freelancer,Wealth,8100000.0,17-07-2022
C03595,Aisha,Sanni,Female,1966-10-13,Enugu,Enugu,Self Employed,Retail,14483755.05,04-07-2024
C03596,Segun,Danjuma,Male,03-06-1997,Ikeja,Lagos,Salaried,,20168765.1,24-04-2025
C03597,Patience,Eze,Female,05-07-1972,Ibadan,Oyo,Retired,Premium,10338247.95,09-03-2023
C03598,Titi,Ajayi,Female,1979-09-04,Ikeja,Lagos,Freelancer,Retail,9486699.6,31-01-2025
C03599,Ijeoma,Ibe,Female,12-07-1998,Enugu,Enugu,Retired,SME,8891877.6,07-02-2024
C03600,Nnamdi,Abiola,Male,16-08-1988,Ibadan,Oyo,Student,Premium,9563998.05,01-01-2019
C03601,Kayode,Adebayo,Male,20-10-2004,Abeokuta,Ogun,Civil Servant,Retail,3808252.05,14-05-2025
C03602,Ifeanyi,Ogunleye,Male,07-04-1996,Port Harcourt,Rivers,Student,Corporate,21556299.6,08-12-2020
C03603,Ibrahim,Afolabi,Male,03-03-1961,Ogbomoso,Oyo,Freelancer,Retail,4849373.85,2024-10-24
C03604,Temitope,Aliyu,Female,06-05-1993,Warri,Delta,Civil Servant,Premium,13839314.7,22-04-2023
C03605,Ikechukwu,Bello,Male,11-06-2002,Ogbomoso,Oyo,Freelancer,Premium,7883389.5,18-02-2024
C03606,Tunde,Adebayo,Male,22-08-1995,Onitsha,Anambra,,Retail,15047055.6,01-01-2026
C03607,Ijeoma,Olawale,Female,26-04-1998,Abeokuta,Ogun,Civil Servant,Retail,16828127.25,15-03-2022
C03608,Yetunde,Ekwueme,Female,21-10-1982,Nsukka,Enugu,Business Owner,Retail,6521559.75,17-08-2022
C03609,Temitope,Okafor,Female,11-06-2003,Benin City,Edo,Freelancer,Retail,2700000.0,03-09-2025
C03610,Olumide,Chukwuma,Male,02-09-1993,Ikeja,Lagos,Freelancer,SME,9004149.0,07-08-2025
C03611,Fatima,Mohammed,Female,21-02-1994,Onitsha,Anambra,Student,Retail,6848784.9,01-09-2024
C03612,Bisi,Obi,Female,16-05-1976,Kaduna,Kaduna,Student,Retail,7713909.9,2020-03-05
C03613,Zainab,Obi,Female,05/13/2000,Ibadan,Oyo,Business Owner,Corporate,10691893.35,09-06-2024
C03614,Oluwaseun,Okoro,Male,04/16/1974,Ogbomoso,Oyo,Retired,Premium,17878166.85,14-04-2019
C03615,Damilare,Balogun,Male,01-06-1964,Abuja,FCT,Business Owner,Retail,6518255.55,06-07-2021
C03616,Kayode,Ibe,Male,04-03-1980,Ikeja,Lagos,Retired,Premium,9525278.7,08-11-2018
C03617,Rukayat,Umeh,Female,10/16/1982,Benin City,Edo,Retired,Retail,14213305.95,2019-04-16
C03618,Simisola,Ogunleye,Female,15-02-1995,Abuja,FCT,Self Employed,Corporate,13863713.85,19-11-2024
C03619,Ngozi,Yakubu,Female,17-09-2001,Jos,Plateau,Freelancer,Retail,6207370.8,23-01-2022
C03620,Precious,Nwankwo,Female,04-04-1967,Jos,Plateau,Salaried,Corporate,16820356.05,18-11-2022
C03621,Ngozi,Obi,Female,1996-06-06,Enugu,Enugu,Freelancer,Retail,4235517.9,09-10-2019
C03622,Abubakar,Abiola,Male,17-04-1969,Warri,Delta,Retired,Retail,6205172.25,24-04-2024
C03623,Yusuf,Garba,Male,12-06-1990,Zaria,Kaduna,Retired,Retail,14138989.95,15-06-2018
C03624,Maryam,Bello,Female,19-06-1963,Lagos,Lagos,Business Owner,Retail,3064760.1,04-03-2024
C03625,Blessing,Balogun,Female,11-01-1978,Uyo,Akwa Ibom,Student,Premium,7056521.55,30-05-2019
C03626,Grace,Ogundipe,Female,07-03-1966,Kaduna,Kaduna,Retired,Premium,,19-04-2023
C03627,Ayodele,Eze,Male,18-11-1997,Onitsha,Anambra,Retired,Retail,3952417.65,11-07-2022
C03628,Chukwuemeka,Eze,Male,18-08-1993,Lagos,Lagos,Freelancer,Retail,9250024.8,05-05-2023
C03629,Aliyu,Fashola,Male,08-07-1989,Nsukka,Enugu,Student,Retail,14031323.25,26-04-2022
C03630,Ngozi,uzoma,Female,16-10-1961,Ogbomoso,Oyo,Business Owner,Premium,9330759.6,30-01-2022
C03631,Kayode,Ekwueme,Male,05-12-1988,Ikeja,Lagos,Civil Servant,Premium,5212785.75,14-12-2022
C03632,Emmanuel,Danjuma,Male,06-12-1974,Abuja,FCT,Business Owner,Premium,7129291.35,01-04-2021
C03633,Emeka,Obi,Male,11-01-1975,Ibadan,Oyo,Salaried,Premium,22081139.4,23-02-2023
C03634,Damilare,Garba,Male,19-04-1980,Jos,Plateau,Business Owner,Premium,30242087.4,24-02-2025
C03635,Maryam,Onyekachi,Female,1995-02-23,Onitsha,Anambra,Salaried,SME,8937669.15,20-07-2023
C03636,Rukayat,Danjuma,Female,23-04-1980,Onitsha,Anambra,Retired,Premium,9141860.4,07-06-2020
C03637,Ngozi,Eze,Female,25-01-1983,Abuja,FCT,Student,Retail,4078707.75,15-01-2020
C03638,Bayo,Eze,Male,04-09-1968,Warri,Delta,Student,Retail,7335876.75,2023-11-03
C03639,Oluwaseun,Okonkwo,Male,19-08-1974,Onitsha,Anambra,Business Owner,SME,9898861.35,12-12-2018
C03640,Nnamdi,Ibe,Male,16-02-1990,Enugu,Enugu,Retired,Retail,12208883.4,04-03-2022
C03641,Tobi,Nwachukwu,Male,14-01-1973,  Zaria,Kaduna,Student,Premium,16908868.8,20-12-2022
C03642,Kemi,aliyu,Female,13-09-1972,Abeokuta,Ogun,Business Owner,Retail,7825658.1,04-12-2021
C03643,Adanna,Sanni,Female,26-08-1982,Lekki,Lagos,Freelancer,Retail,2700000.0,2019-06-20
C03644,Bayo,Nnaji,Male,02-05-1960,Uyo,Akwa Ibom,,Retail,16369702.5,17-01-2025
C03645,Chioma,Afolabi,F,1980-06-17,Calabar,Cross River,Freelancer,Retail,3912058.35,03-09-2019
C03646,Uche,Adebayo,Male,05-01-1993,Ikeja,Lagos,Salaried,Retail,3555290.7,22-07-2022
C03647,Omolara,Ibrahim,Female,22-09-1960,Ibadan,Oyo,Freelancer,Retail,27287703.9,16-04-2022
C03648,Ifeanyi,Okonkwo,Male,1965-04-21,Ogbomoso,Oyo,,Retail,9370755.9,19-06-2018
C03649,Sunday,Obi,Male,10-09-1981,Awka,Anambra,Student,Retail,9153693.0,26-05-2024
C03650,Fatima,Ajayi,Female,21-01-2003,Abuja,FCT,Freelancer,Retail,7677982.65,27-11-2021
C03651,Adanna,Nwachukwu,Female,08-11-1962,Zaria,Kaduna,Self Employed,Corporate,11610079.8,06-11-2019
C03652,Oluwaseun,Ajayi,Male,25-06-1983,Awka,Anambra,Business Owner,Retail,10368668.4,2018-09-22
C03653,Ijeoma,Fashola,Female,06-11-2001,Awka,Anambra,Freelancer,Retail,19592660.7,11-10-2020
C03654,Uche,Okafor,Male,24-01-1962,Abuja,FCT,Business Owner,Retail,4768368.3,13-11-2025
C03655,Ngozi,Garba,Female,14-12-1994,Calabar,Cross River,Civil Servant,Retail,4184112.45,28-11-2022
C03656,Bayo,Yakubu,Male,17-10-1996,Ikeja,Lagos,Student,SME,5395471.2,23-07-2022
C03657,Uche,Fashola,Male,08-02-1995,Calabar,Cross River,Freelancer,SME,4693172.55,10-01-2020
C03658,Ikechukwu,Musa,Male,02-06-1966,Calabar,Cross River,Business Owner,Retail,4837218.0,04-12-2022
C03659,Blessing,Balogun,Female,28-03-1967,Enugu,Enugu,Student,Retail,6097595.4,07-12-2019
C03660,Simisola,Fashola,Female,16-06-1997,Abeokuta,Ogun,Salaried,Corporate,14348096.7,25-03-2023
C03661,Hauwa,Obi,Female,03-04-2001,Enugu,Enugu,Self Employed,Corporate,19421332.2,17-04-2022
C03662,Kayode,Adebayo,Male,15-05-1976,Warri,Delta,Business Owner,Retail,6120297.15,30-01-2020
C03663,Precious,Onyekachi,Female,12-05-1976,Ogbomoso,Oyo,Freelancer,Premium,11952081.9,20-02-2022
C03664,Yakubu,Musa,Male,22-11-1965,Benin City,Edo,Business Owner,SME,12765136.5,02-09-2024
C03665,Uche,Eze,Male,05-07-1991,Zaria,Kaduna,Retired,Retail,3471777.0,26-05-2022
C03666,Amaka,Mohammed,Female,06-05-1970,Onitsha,Anambra,Student,SME,13805095.95,07-12-2020
C03667,Ifeoma,Nwankwo,Female,14-03-1960,Benin City,Edo,Business Owner,Premium,8323119.15,04/28/2022
C03668,Amara,Ibe,Female,05-04-1995,Warri,Delta,Civil Servant,SME,8596499.25,2025-09-18
C03669,Chidi,Mohammed,male,27-02-1982,Uyo,Akwa Ibom,Student,Retail,8242876.5,21-10-2021
C03670,Kemi,Ogunleye,Female,18-07-1983,Lagos,Lagos,Self Employed,Retail,8893884.75,2023-04-13
C03671,Tunde,Adesanya,Male,07-07-1969,Warri,Delta,Self Employed,Retail,8004426.6,24-07-2022
C03672,Amaka,Abiola,Female,08-08-1970,Kaduna,Kaduna,Retired,Retail,5550180.3,07-10-2021
C03673,Grace,Mohammed,Female,19-02-1992,Zaria,Kaduna,Retired,Premium,8694473.1,10-09-2025
C03674,Chinedu,Adeyemi,Male,09-05-1996,Port Harcourt,Rivers,Freelancer,Premium,10597226.25,10-07-2022
C03675,Hauwa,Yusuf,Female,23-05-1992,Ogbomoso,Oyo,Freelancer,SME,11679299.1,08/16/2023
C03676,Ngozi,Garba,Female,07-01-1971,Nsukka,Enugu   ,Salaried,Retail,6387244.8,29-04-2020
C03677,Kelechi,Ogundipe,male,08-09-2003,Calabar,Cross River   ,Salaried,Retail,3822559.05,19-06-2022
C03678,Ayodele,Sanni,Male,27-09-1977,Ibadan,Oyo,Retired,Retail,5049423.45,2023-12-05
C03679,Bukola,Chukwuma,Female,07-06-2001,Abuja,FCT,Retired,Retail,3592857.3,22-01-2019
C03680,Maryam,Chukwuma,Female,09-04-1991,Uyo,Akwa Ibom,Student,SME,20862484.65,20-02-2018
C03681,Adanna,Fashola,Female,08-03-1986,Zaria,Kaduna,,Premium,9829051.35,17-12-2019
C03682,Bisi,Ezeh,Female,18-08-1979,Port Harcourt,Rivers,Civil Servant,Premium,9839477.4,31-08-2022
C03683,Abubakar,Uzoma,Male,17-01-1964,Port Harcourt,Rivers,Civil Servant,Retail,6572158.5,30-04-2024
C03684,Godwin,Sanni,Male,12-11-1990,Abuja,FCT,Retired,Retail,16608403.65,28-05-2020
C03685,Omolara,Balogun,Female,25-02-1995,Ogbomoso,Oyo,Self Employed,Retail,4243511.7,09-08-2018
C03686,Ibrahim,Ezeh,Male,03-08-2003,Zaria,Kaduna,Retired,SME,16422343.95,28-09-2019
C03687,Amaka,Nwosu,Female,28-06-1963,Lagos,Lagos,Salaried,Corporate,17639474.55,03-02-2025
C03688,IKECHUKWU,Ogundipe,Male,16-05-2001,Abeokuta,Ogun,Civil Servant,Retail,5997460.05,04-08-2020
C03689,Yakubu,Mohammed,Male,18-04-1989,Abeokuta,Ogun,Self Employed,Retail,5465861.7,12-06-2024
C03690,Ibrahim,Musa,Male,06-11-2002,Jos,Plateau,Retired,Wealth,16820050.95,02-09-2025
C03691,Yetunde,Nwankwo,Female,10-06-1991,Awka,Anambra,Retired,Retail,2850389.55,03-01-2021
C03692,Hauwa,Balogun,Female,1994-01-02,Jos,Plateau,Self Employed,Retail,13601654.7,26-06-2022
C03693,Musa,Musa,Male,08-09-1998,Ogbomoso,Oyo,Retired,Retail,9912794.1,12-07-2023
C03694,Rukayat,Chukwu,Female,28-01-1962,Uyo,Akwa Ibom,Self Employed,Corporate,16408364.55,25-01-2019
C03695,Ronke,Balogun,Female,19-06-1974,Warri,Delta,Business Owner,Premium,4860000.0,17-03-2018
C03696,Ifeoma,Ogunleye,Female,10-02-1963,Asaba,Delta,Self Employed,Retail,2700000.0,2018-01-30
C03697,Temitope,Onyekachi,Female,26-03-1970,Ogbomoso,Oyo,Self Employed,Wealth,8100000.0,02-05-2022
C03698,Nkechi,Chukwu,Female,04-04-1974,Ibadan,Oyo,Business Owner,Retail,8147298.75,21-03-2023
C03699,Segun,Ekwueme,Male,25-06-1962,Benin City,Edo,Retired,Retail,9571452.45,17-12-2025
C03700,Kemi,Ibe,Female,14-06-1960,Lagos,Lagos,Self Employed,Corporate,21060007.95,02/03/2022
C03701,Ibrahim,Ogundipe,Male,16-02-1983,Abuja,FCT,Self Employed,Corporate,10799193.6,25-11-2025
C03702,Abubakar,Sanni,Male,16-07-1993,Abeokuta,Ogun,Self Employed,Wealth,-9711287.55,22-04-2021
C03703,Chukwuemeka,Olawale,Male,12-04-1970,Lekki,Lagos,Business Owner,SME,8584414.2,13-04-2023
C03704,Amaka,Nwachukwu,Female,07-06-1991,Warri,Delta,Freelancer,Retail,29077345.05,08/07/2025
C03705,Yakubu,Onyekachi,Male,04-07-1970,Uyo,Akwa Ibom,Student,Retail,4526259.45,04-03-2026
C03706,Uche,Ezeh,Male,16-02-1975,Calabar,Cross River,Self Employed,Wealth,11873946.6,14-04-2021
C03707,Bukola,Ibrahim,Female,10-06-1979,Zaria,Kaduna,Salaried,Wealth,18719843.85,09-04-2023
C03708,Damilare,Ogunleye,Male,01-10-1965,Benin City,Edo,Retired,Premium,10428152.7,12-12-2021
C03709,Amara,Ogundipe,Female,04/09/1960,Kaduna,Kaduna,Salaried,Retail,3098925.75,04-05-2022
C03710,Aliyu,Nwosu,Male,02-11-1973,Asaba,Delta,Freelancer,Retail,8924762.55,10-11-2023
C03711,Grace,Okafor,Female,01-03-1989,Warri,Delta,Business Owner,SME,21257230.95,20-02-2018
C03712,Sunday,Ogundipe,Male,03-10-1964,Lagos,Lagos,Freelancer,Premium,20635800.0,28-11-2022
C03713,Ifeoma,Nwankwo,Female,03-05-1969,Calabar,Cross River,Freelancer,Retail,10300402.35,07-12-2025
C03714,Hauwa,Yusuf,Female,16-05-1967,Warri,Delta,Retired,Retail,4793128.95,21-08-2019
C03715,Nkechi,Danjuma,Female,21-01-1974,Port Harcourt,Rivers,Student,Retail,20423848.35,08/13/2018
C03716,Ijeoma,Ogundipe,Female,26-10-1993,Enugu,Enugu,Freelancer,Retail,7963245.75,2022-09-27
C03717,Yusuf,Onyekachi,Male,03-03-1980,Ibadan,Oyo,Civil Servant,SME,9218533.65,10-11-2022
C03718,Chukwuemeka,Chukwu,Male,01-06-1997,Benin City,Edo,Freelancer,Retail,13952031.9,23-05-2020
C03719,Wale,Chukwu,Male,08-02-2001,Kaduna,Kaduna,Freelancer,Premium,8470082.25,18-02-2018
C03720,Adaobi,Eze,Female,28-10-1994,Kaduna,Kaduna,Freelancer,Premium,15841656.6,20-03-2022
C03721,Temitope,Ogundipe,Female,26-09-1967,Ikeja,Lagos,Student,Corporate,5940000.0,09-06-2021
C03722,Grace,Chukwu,Female,09-04-1975,Kaduna,Kaduna,Self Employed,Premium,8402012.85,05-11-2022
C03723,Damilare,Olawale,Male,04-01-1990,Abuja,FCT,Salaried,Premium,11979796.65,19-06-2025
C03724,Sunday,Adesanya,Male,09-01-1980,Kaduna,Kaduna,Retired,Wealth,28377463.95,03-09-2021
C03725,Simisola,Nwachukwu,Female,19-09-1985,Abuja,FCT   ,Salaried,Premium,13691522.4,19-09-2024
C03726,Chiamaka,Balogun,Female,05-10-1990,Uyo,Akwa Ibom,Retired,Retail,6992274.75,23-07-2018
C03727,Adewale,Balogun,Male,20-12-1973,Ibadan,Oyo,Retired,Premium,20074933.35,19-11-2021
C03728,Uche,Afolabi,Male,12/24/1962,Benin City,Edo,Retired,Premium,16645395.45,23-12-2023
C03729,Patience,Ibrahim,Female,26-09-1985,Ikeja,Lagos,Retired,Retail,8877832.5,22-09-2021
C03730,Adaobi,Okoro,Female,05-09-1968,Abuja,FCT,,Corporate,23001524.4,14-06-2023
C03731,Comfort,Afolabi,Female,1968-06-01,Kaduna,Kaduna,Civil Servant,SME,11932849.8,06-10-2022
C03732,Chukwudi,Nwachukwu,Male,23-08-2004,Abeokuta,Ogun,Self Employed,Retail,5156482.5,05-04-2020
C03733,Zainab,Bello,Female,08-08-2001,Onitsha,Anambra,Freelancer,Premium,18135458.85,11-09-2019
C03734,Amara,Uzoma,Female,06-05-1998,Lagos,Lagos,Freelancer,Retail,15607730.7,13-09-2023
C03735,Rukayat,Umeh,Female,23-10-1964,Jos,Plateau,,Premium,19805539.8,2025-03-10
C03736,Musa,Okonkwo,Male,12-06-1996,Lagos,Lagos,Student,Premium,19667520.15,24-04-2021
C03737,Halima,Adebayo,Female,04/15/1991,Abeokuta,Ogun,Freelancer,Premium,11294278.8,20-10-2018
C03738,Uche,Garba,Male,03-03-1997,Port Harcourt,Rivers,Freelancer,Retail,2700000.0,29-04-2020
C03739,Temitope,Aliyu,Female,16-01-1966,Ikeja,Lagos,Student,Retail,3985137.45,20-06-2024
C03740,Aliyu,Ajayi,Male,23-05-1993,Benin City,Edo,Self Employed,Corporate,9087158.25,11/28/2019
C03741,Chioma,Okoro,Female,26-08-1995,Ikeja,Lagos,Self Employed,Retail,12668628.15,23-07-2024
C03742,Femi,Umeh,Male,01-08-1975,Asaba,Delta,Civil Servant,Wealth,17683614.9,11-07-2020
C03743,Ikechukwu,Ekwueme,Male,18-12-1987,Asaba,Delta,Student,Retail,5862848.7,04-10-2018
C03744,Chidi,Ajayi,Male,08-10-1966,Uyo,Akwa Ibom,Retired,,5974052.4,2018-01-13
C03745,Chukwuemeka,afolabi,male,09-11-1988,Nsukka,Enugu,Civil Servant,Wealth,15872462.55,03-07-2020
C03746,Nkechi,Suleiman,Female,22-01-1988,Nsukka,Enugu,Business Owner,Retail,5091105.9,08-05-2018
C03747,Kayode,Eze,Male,01-01-1991,Jos,Plateau,Self Employed,Retail,4485158.85,16-12-2020
C03748,Aisha,Nwachukwu,Female,04-11-1966,Calabar,Cross River,Salaried,Corporate,6119177.1,13-07-2019
C03749,Simisola,Nwosu,Female,16-08-1977,Calabar,Cross River,Freelancer,Premium,12688076.85,21-12-2021
C03750,Olamide,Yusuf,Male,12-02-1989,Enugu,Enugu,Freelancer,Retail,4989430.2,17-05-2018
C03751,Godwin,Ogunleye,Male,1961-07-14,Jos,Plateau,Salaried,Retail,2700000.0,14-08-2024
C03752,Aisha,Uzoma,Female,12/08/1981,Onitsha,Anambra,Freelancer,Retail,4901618.1,22-08-2018
C03753,Yakubu,Nnaji,Male,20-08-1991,Enugu,Enugu,Salaried,Retail,5770488.3,24-08-2022
C03754,Segun,Okonkwo,Male,05-10-1994,Asaba,Delta,Salaried,SME,15691361.85,08-05-2023
C03755,Temitope,Chukwuma,Female,06-07-1966,Port Harcourt,Rivers,Retired,SME,7938024.15,10-01-2021
C03756,Femi,Ogundipe,Male,03/12/1975,Kaduna,Kaduna,,SME,8356744.05,13-01-2026
C03757,Nnamdi,Ezeh,Male,20-08-1984,Enugu,Enugu,Self Employed,Premium,8649157.35,09-07-2021
C03758,Adanna,Umeh,Female,04-09-1960,Onitsha,Anambra,Business Owner,Premium,37241463.75,11-08-2021
C03759,Blessing,Ibe,Female,15-12-1980,Ogbomoso,Oyo,Business Owner,Wealth,45225208.8,20-04-2021
C03760,Ngozi,Eze,Female,09-06-1962,Abeokuta,Ogun,Student,Retail,13053310.65,07-06-2023
C03761,Ibrahim,Ibe,Male,26-10-1960,Benin City,Edo,Civil Servant,Retail,3657248.85,09-04-2018
C03762,Uche,Adeyemi,Male,28-05-1974,Warri,Delta,Student,Premium,9857851.5,24-01-2025
C03763,Rukayat,Chukwuma,Female,03-10-1961,Kaduna,Kaduna,Retired,SME,13413187.65,20-11-2020
C03764,Ijeoma,Aliyu,Female,02-01-1963,Lagos,Lagos,Business Owner,SME,5011578.15,27-12-2024
C03765,Chidi,Adebayo,Male,26-09-1984,Jos,Plateau,Business Owner,Retail,10626794.1,23-07-2022
C03766,Blessing,Ekwueme,Female,19-09-1978,Lagos,Lagos,Student,Premium,20957381.7,2018-09-05
C03767,Wale,Balogun,Male,02-09-1972,Warri,Delta,Self Employed,Premium,17286269.1,27-06-2025
C03768,Amara,Adekunle,Female,06-06-1984,Asaba,Delta,Retired,Premium,9112272.15,03-04-2018
C03769,Funmilayo,Fashola,Female,11-02-1975,Awka,Anambra,Business Owner,SME,6517251.3,19-10-2018
C03770,Yusuf,Nnaji,Male,16-05-2003,Ogbomoso,Oyo,Civil Servant,SME,8716418.1,01/07/2025
C03771,Nkechi,Fashola,Female,25-04-2004,Ikeja,Lagos,,SME,11524617.75,27-10-2019
C03772,Simisola,Ibe,Female,04-07-1979,Uyo,Akwa Ibom,Business Owner,Retail,4779945.15,05-02-2022
C03773,Uche,Chukwuma,Male,09-03-1998,Zaria,Kaduna   ,Self Employed,Premium,7085440.5,24-12-2022
C03774,Ijeoma,Suleiman,Female,22-12-1977,Port Harcourt,Rivers,Freelancer,Premium,16312684.2,15-01-2026
C03775,Nkechi,Ezeh,Female,23-02-1996,Onitsha,Anambra,Salaried,SME,16256151.3,21-01-2018
C03776,Musa,Mohammed,Male,13-05-2002,Lekki,Lagos,Retired,Retail,11387841.75,26-09-2019
C03777,Kemi,Nwankwo,Female,27-12-1995,Awka,Anambra,Student,SME,9240202.2,21-06-2025
C03778,Aliyu,Musa,Male,28-05-1986,Kaduna,Kaduna,Business Owner,Premium,24866235.15,30-08-2019
C03779,Aisha,Suleiman,Female,04-10-1967,Uyo,Akwa Ibom,Business Owner,SME,,14-12-2022
C03780,Kayode,Garba,Male,14-07-1989,Ogbomoso,Oyo,Retired,Premium,10810389.3,17-02-2020
C03781,Emeka,Bello,Male,27-07-1970,Uyo,Akwa Ibom,Student,Retail,4298532.3,18-11-2022
C03782,Abubakar,Musa,Male,17-01-1991,Lekki,Lagos,Salaried,Corporate,,17-01-2025
C03783,Bisi,Ibrahim,Female,07/24/2001,Uyo,Akwa Ibom,Civil Servant,Corporate,41741470.35,02-06-2025
C03784,Damilare,Afolabi,Male,16-08-1977,Awka,Anambra,Self Employed,Wealth,14252662.8,04-02-2022
C03785,Grace,Sanni,Female,12-02-2004,Lagos,Lagos,Student,Retail,3875764.95,19-08-2021
C03786,Nkechi,Adeyemi,Female,21-07-1983,Port Harcourt,Rivers,Freelancer,Retail,16465020.75,03-07-2025
C03787,Grace,Obi,Female,11/14/1984,Kaduna,Kaduna,Salaried,Retail,,04-05-2024
C03788,Chinedu,Chukwu,Male,22-01-1973,Onitsha,Anambra,Student,Retail,5975838.0,13-05-2022
C03789,Chioma,Chukwu,Female,17-11-1980,Lekki,Lagos,Self Employed,SME,8963916.0,27-03-2025
C03790,Folake,Abiola,Female,08-01-1985,Ogbomoso,Oyo,Student,Retail,5516862.3,22-08-2025
C03791,Adewale,Eze,Male,06-09-1976,Awka,Anambra,Civil Servant,Premium,17845094.85,29-05-2023
C03792,Halima,eze,Female,14-02-1985,Abuja,FCT,Self Employed,Retail,5660363.55,13-02-2021
C03793,Chukwuemeka,Olawale,Male,10-07-1966,Kaduna,Kaduna,Freelancer,Premium,4860000.0,13-04-2023
C03794,Fatima,Nnaji,Female,06-10-1981,Abeokuta,Ogun,Retired,Retail,2700000.0,09/11/2018
C03795,Olamide,Onyekachi,Male,05-09-1999,Kaduna,Kaduna,Self Employed,Retail,6494951.4,15-06-2021
C03796,Segun,Okafor,Male,1961-03-07,Lekki,Lagos,Business Owner,SME,9068886.6,28-12-2024
C03797,Wale,Yakubu,Male,01-09-1966,Awka,Anambra,Civil Servant,Retail,5069518.35,26-03-2025
C03798,Oluwaseun,Musa,Male,14-05-1996,Abeokuta,Ogun,Business Owner,SME,5988252.9,16-11-2022
C03799,Chinedu,Uzoma,Male,04-06-1997,Uyo,Akwa Ibom,Business Owner,Wealth,23106264.75,04-10-2024
C03800,Emeka,Nnaji,Male,1987-11-14,Ibadan,Oyo,Retired,Premium,8879245.35,30-07-2025
C03801,Omolara,Ogunleye,Female,28-06-1990,Nsukka,Enugu,Student,Premium,19885490.85,19-09-2020
C03802,Godwin,Nwachukwu,Male,10-04-1990,Kaduna,Kaduna,Freelancer,Premium,14321989.65,05-01-2020
C03803,Rukayat,Nwankwo,Female,22-03-1990,Jos,Plateau,Business Owner,Corporate,23942772.75,21-03-2020
C03804,Chinedu,Okoro,Male,08/20/1987,Abeokuta,Ogun,Freelancer,Premium,4860000.0,24-03-2023
C03805,Nkechi,Ezeh,Female,23-09-1985,Port Harcourt,Rivers,Retired,Retail,10685477.1,21-11-2018
C03806,Ngozi,Umeh,Female,15-07-1993,Abeokuta,Ogun,Retired,Retail,6532446.15,08-12-2018
C03807,Comfort,Olawale,Female,15-01-1978,Ikeja,Lagos,Self Employed,Retail,13134202.5,27-02-2021
C03808,Adaeze,Afolabi,Female,08-08-1980,Asaba,Delta,Civil Servant,Retail,6737472.0,25-11-2025
C03809,Rukayat,Adeyemi,Female,19-02-1989,Lagos,Lagos,Salaried,Retail,10502992.65,2020-01-08
C03810,Ronke,Adebayo,Female,17-08-1983,Ogbomoso,Oyo,Salaried,SME,6705121.65,2018-11-20
C03811,Adanna,Garba,Female,07-06-1973,Lekki,Lagos,Business Owner,SME,10874051.55,09-06-2022
C03812,Comfort,Adekunle,Female,1974-02-27,Jos,Plateau,Retired,Retail,8099677.8,20-02-2020
C03813,Olumide,Mohammed,Male,14-06-1988,Warri,Delta,Student,Wealth,38029232.25,22-05-2020
C03814,Kayode,Fashola,Male,26-08-1998,Enugu,Enugu,Civil Servant,Premium,19814579.85,2024-03-09
C03815,Amara,Olawale,FEMALE,24-03-1970,Abuja,FCT,Freelancer,Premium,10805745.3,28-08-2024
C03816,Folake,Adekunle,Female,06-01-1985,Ogbomoso,Oyo,Retired,SME,7661995.8,04-02-2026
C03817,Folake,Adekunle,Female,03-08-1977,Ikeja,Lagos,Business Owner,Retail,9584701.65,04-08-2018
C03818,Ifeoma,Sanni,Female,08-12-1980,Warri,Delta,Salaried,SME,14689751.55,2019-09-11
C03819,Nnamdi,Aliyu,Male,1985-10-25,Kaduna,Kaduna,Business Owner,Retail,6568433.25,17-11-2020
C03820,Aisha,Nwachukwu,Female,05-07-1981,Zaria,Kaduna,Student,Retail,2778168.0,12/04/2020
C03821,Amara,Suleiman,Female,09-10-1984,Ikeja,Lagos,Business Owner,Premium,16287836.7,10-03-2019
C03822,Folake,Fashola,Female,25-08-1970,Zaria,Kaduna,Civil Servant,Retail,9855120.9,20-02-2022
C03823,Emmanuel,Yusuf,Male,19-02-1961,Calabar,Cross River,Retired,Retail,9924817.35,2019-11-29
C03824,Chioma,Musa,Female,18-12-1991,Ibadan,Oyo,Freelancer,Retail,2858367.3,17-07-2019
C03825,Ifeanyi,Ajayi,Male,24-03-1976,Abuja,FCT,Business Owner,Retail,7497873.45,23-05-2019
C03826,Olamide,Aliyu,Male,17-11-1988,Enugu,Enugu,Business Owner,,10672609.35,09-08-2019
C03827,Blessing,Ogunleye,Female,24-07-1964,Benin City,Edo,Student,Premium,12023883.75,25-05-2025
C03828,Aisha,Fashola,Female,21-08-1965,Calabar,Cross River,,Retail,6172312.95,20-06-2024
C03829,Wale,adeyemi,Male,08-11-1969,Kaduna,Kaduna,Business Owner,Premium,15597543.3,27-10-2020
C03830,GRACE,Fashola,Female,11-02-1989,Asaba,Delta,Civil Servant,Retail,,2025-12-19
C03831,HAUWA,Adekunle,Female,15-01-1960,Calabar,Cross River,Student,,9880963.95,25-11-2022
C03832,Musa,Chukwuma,Male,14-11-1993,Asaba,Delta,Freelancer,SME,9128763.6,14-01-2019
C03833,Suleiman,Adesanya,Male,18-03-1970,Abuja,FCT,Freelancer,Corporate,5940000.0,21-08-2024
C03834,Olumide,Ogundipe,Male,06/06/1967,Port Harcourt,Rivers,Self Employed,Retail,4109325.6,28-09-2022
C03835,Simisola,Okonkwo,Female,02-12-1977,Jos,Plateau,Retired,SME,11200475.55,20-07-2024
C03836,Tobi,Aliyu,Male,15-12-1978,Benin City,Edo,Salaried,Premium,22433319.6,24-12-2019
C03837,Musa,Balogun,Male,26-07-1981,Abeokuta,Ogun,Self Employed,Retail,6988987.2,05-01-2022
C03838,Ngozi,Bello,Female,2002-01-26,Kaduna,Kaduna,Freelancer,Retail,5119210.2,13-09-2020
C03839,Omolara,Ezeh,Female,12-04-1963,Jos,Plateau,Civil Servant,SME,24675421.65,23-05-2022
C03840,Nkechi,Onyekachi,Female,14-02-1984,Jos,Plateau,Freelancer,Premium,5537026.65,29-02-2020
C03841,Chukwudi,Musa,Male,25-03-1963,Ibadan,Oyo,Civil Servant,Retail,13725367.8,2024-12-09
C03842,Ijeoma,Obi,Female,28-06-1971,Port Harcourt,Rivers,Retired,Retail,2700000.0,03-01-2021
C03843,Precious,Abiola,Female,1999-08-18,Lagos,Lagos,Civil Servant,SME,8892780.6,04-01-2024
C03844,Fatima,Nwankwo,Female,04-05-2000,Nsukka,Enugu,Self Employed,Corporate,13373405.4,24-12-2025
C03845,Nkechi,Onyekachi,Female,01/25/1974,Lekki,Lagos,Civil Servant,Retail,6098394.9,13-12-2025
C03846,Bayo,ogunleye,Male,28-12-1998,Calabar,Cross River,Student,Wealth,19840347.0,08-03-2022
C03847,Ayodele,Ibrahim,Male,10-05-1960,Abuja,FCT,Civil Servant,Retail,7407532.35,12-12-2020
C03848,Blessing,Uzoma,Female,16-03-1960,Kaduna,Kaduna,Business Owner,Premium,13023315.0,11-04-2019
C03849,Folake,Ajayi,Female,25-11-1960,Nsukka,Enugu,Business Owner,Retail,33053854.8,05/30/2023
C03850,Abubakar,Ogundipe,Male,25-09-1994,Nsukka,Enugu,Retired,Retail,4458140.1,06-11-2019
C03851,Grace,Chukwu,Female,15-01-1980,Zaria,Kaduna,Civil Servant,Retail,5356833.45,02-08-2021
C03852,Folake,Abiola,Female,07-02-1963,Uyo,Akwa Ibom,Freelancer,Retail,5149696.35,16-11-2021
C03853,Titi,Ogundipe,Female,07-02-1983,Lagos,Lagos,Salaried,Wealth,28949350.05,02-10-2023
C03854,Yusuf,Mohammed,Male,03-12-1982,Lagos,Lagos,Business Owner,SME,29289190.8,11-03-2022
C03855,Bukola,Uzoma,Female,19-07-1981,Warri,Delta,Student,Premium,17940798.0,07-11-2025
C03856,Bisi,Adesanya,Female,18-07-1969,Abuja,FCT,Retired,Premium,20415325.35,11-04-2020
C03857,Bisi,Eze,Female,22-03-1996,Ikeja,Lagos,Student,Retail,15266224.35,24-03-2020
C03858,Chinedu,Afolabi,Male,03-08-1962,Ogbomoso,Oyo,Self Employed,Retail,4667675.7,27-03-2025
C03859,Adaeze,okonkwo,Female,19-02-1994,Onitsha,Anambra,Business Owner,Retail,5676715.65,30-04-2020
C03860,Chioma,Ibe,Female,23-11-1982,Ogbomoso,Oyo,Business Owner,Retail,29913337.65,20-09-2022
C03861,Hauwa,Ezeh,Female,02-06-1967,Calabar,Cross River,,Corporate,27544834.05,05-03-2024
C03862,Nnamdi,Yusuf,male,25-07-1990,Lekki,Lagos,Salaried,Retail,4845401.85,02-06-2025
C03863,Chukwuemeka,Ogunleye,Male,25-01-1984,Lekki,Lagos,Business Owner,Retail,8934618.9,01-10-2020
C03864,Adanna,Ezeh,Female,14-07-1987,Calabar,Cross River,Salaried,Retail,5632905.9,19-10-2019
C03865,Nnamdi,Ibe,Male,24-08-1980,Jos,Plateau,Business Owner,Retail,5802955.8,20-04-2020
C03866,Kemi,Ajayi,Female,02-09-1972,Kaduna,Kaduna,Salaried,SME,6160354.05,18-01-2019
C03867,Uche,Mohammed,Male,06-09-1997,Abuja,FCT,Retired,Retail,6635949.45,07-10-2025
C03868,Suleiman,Umeh,Male,01-02-1968,Ibadan,Oyo,Student,Premium,40533438.15,03/01/2023
C03869,Abubakar,Umeh,Male,17-03-2003,Zaria,Kaduna,Salaried,Premium,5889520.2,30-03-2022
C03870,Tobi,Garba,Male,17-11-1992,Ibadan,Oyo,Business Owner,,14012348.7,05-12-2019
C03871,Ngozi,Okonkwo,Female,13-05-2003,Calabar,Cross River,Retired,Retail,13370293.5,04-07-2019
C03872,Adewale,Ezeh,Male,04-05-2000,Abeokuta,Ogun   ,Self Employed,Premium,14448888.3,21-05-2019
C03873,Maryam,Okafor,Female,17-01-1995,Ikeja,Lagos,Business Owner,Retail,7016262.45,14-12-2023
C03874,Bayo,Adesanya,Male,02-10-1995,Jos,Plateau,,SME,13674492.45,2022-09-02
C03875,Nnamdi,Chukwuma,Male,23-07-1994,Onitsha,Anambra,Self Employed,Retail,8588006.55,15-10-2018
C03876,Grace,Ajayi,Female,14-01-2004,Zaria,Kaduna,Freelancer,Premium,17811511.5,01-09-2025
C03877,Wale,Garba,Male,01-11-1974,Awka,Anambra,Student,Retail,9367441.65,14-03-2019
C03878,Ijeoma,Adeyemi,Female,28-12-1986,Port Harcourt,Rivers,Business Owner,Retail,6605447.4,17-06-2023
C03879,Musa,Yakubu,Male,08-02-2000,Calabar,Cross River,Student,Premium,9784579.95,01-07-2025
C03880,Emeka,Mohammed,Male,09-03-1984,Onitsha,Anambra,,Retail,4959929.55,14-07-2020
C03881,Chukwudi,Mohammed,Male,11/28/1982,Ikeja,Lagos,Student,Premium,10810704.75,04-11-2023
C03882,Abubakar,Ezeh,Male,01-05-1985,Benin City,Edo,Salaried,Corporate,10950568.8,23-09-2024
C03883,Adaeze,Nnaji,Female,17-08-2004,Abuja,FCT,Freelancer,Premium,19534066.35,16-05-2021
C03884,Kayode,adebayo,Male,18-06-1976,Port Harcourt,Rivers,Student,Corporate,13051028.1,10/26/2019
C03885,Ibrahim,Uzoma,Male,1986-08-20,Port Harcourt,Rivers,Self Employed,Retail,6222939.75,18-10-2023
C03886,Chidi,Okoro,Male,08-12-1988,Abeokuta,Ogun,Self Employed,Premium,16781563.05,07-01-2024
C03887,Chiamaka,Bello,Female,05-07-1993,Abuja,FCT,Self Employed,Retail,7988955.6,25-04-2024
C03888,Musa,onyekachi,Male,02-02-1987,Ogbomoso,Oyo,Retired,Retail,5515590.0,02-07-2021
C03889,Bukola,Ibe,Female,03-11-1991,Nsukka,Enugu,Self Employed,Premium,25190683.5,11-01-2025
C03890,Funmilayo,Ekwueme,Female,13-11-1960,Uyo,Akwa Ibom,Student,Retail,8560530.6,20-02-2025
C03891,Godwin,Obi,MALE,1997-07-03,Ikeja,Lagos,Civil Servant,Retail,12292772.25,12-09-2024
C03892,Ikechukwu,obi,Male,12-07-1987,Asaba,Delta,Civil Servant,SME,10574771.1,12-08-2018
C03893,Omolara,Yakubu,Female,28-09-1990,Asaba,Delta,Freelancer,Retail,5052094.95,30-09-2025
C03894,Folake,Ezeh,Female,11-11-1960,Abeokuta,Ogun,Freelancer,Retail,9011815.35,19-03-2020
C03895,Ifeanyi,Adesanya,Male,06-04-1991,Ikeja,Lagos,Salaried,Retail,13919860.95,07-01-2023
C03896,Ikechukwu,Ezeh,Male,22-09-2000,Ikeja,Lagos,,Premium,15391614.3,03-07-2025
C03897,Adaeze,Sanni,Female,11/05/1960,Benin City,Edo,Student,,13591939.95,19-11-2020
C03898,Titi,Ezeh,Female,21-10-1979,Enugu,Enugu,Salaried,Retail,8474789.4,03-08-2021
C03899,Femi,Olawale,Male,1978-08-16,Nsukka,Enugu,Retired,Premium,9367140.75,12-03-2022
C03900,Ngozi,Chukwuma,Female,23-04-1982,Lekki,Lagos,,SME,21615302.55,21-09-2024
C03901,Bisi,Sanni,Female,19-06-1991,Calabar,Cross River,Self Employed,SME,6234623.85,09-12-2023
C03902,Yakubu,Onyekachi,male,26-01-1974,Abeokuta,Ogun,Freelancer,SME,3780000.0,05-10-2020
C03903,Uche,Ezeh,Male,15-08-1998,Port Harcourt,Rivers,Retired,Premium,5063465.85,16-11-2025
C03904,Patience,Ibe,Female,1982-11-15,Awka,Anambra,Student,Retail,13085026.8,05-02-2023
C03905,Chukwudi,Ekwueme,Male,21-11-1976,Port Harcourt,Rivers,Freelancer,Corporate,13410319.2,26-04-2021
C03906,Damilare,Eze,Male,14-01-1996,Asaba,Delta,Retired,Retail,19962072.9,02-06-2024
C03907,Tobi,Chukwuma,Male,10-05-1995,Jos,Plateau,Student,Wealth,22635855.0,18-02-2025
C03908,Yakubu,Garba,Male,05-02-1968,Benin City,Edo,Self Employed,Retail,5736072.3,10-03-2021
C03909,Yetunde,Suleiman,Female,01-02-1997,Zaria,Kaduna,Retired,Retail,4942153.95,05-12-2020
C03910,Nkechi,Ezeh,Female,12-11-1976,Enugu,Enugu,Self Employed,SME,7917131.7,22-12-2020
C03911,Grace,Okonkwo,Female,28-12-1963,Benin City,Edo,Retired,Retail,5260638.75,10-04-2025
C03912,Sunday,Adebayo,Male,15-06-1975,Awka,Anambra,Freelancer,Retail,16074440.7,2026-03-02
C03913,Musa,Mohammed,Male,06-09-1969,Asaba,Delta,Business Owner,Retail,5029343.7,14-11-2020
C03914,Aisha,Bello,F,09/17/1991,Benin City,Edo,Civil Servant,Premium,23862649.95,02/24/2022
C03915,Chiamaka,Ibe,Female,20-01-1988,Lagos,Lagos,Freelancer,Retail,7632704.7,09-06-2020
C03916,Bukola,Ajayi,Female,06-07-1988,Abeokuta,Ogun,Self Employed,SME,14517295.2,14-01-2018
C03917,Ijeoma,Nwosu,Female,02-09-1998,Kaduna,Kaduna,Retired,Retail,6529501.35,20-10-2023
C03918,Chioma,Nwachukwu,Female,11-11-1991,Kaduna,Kaduna,Retired,Retail,7697842.65,03/22/2019
C03919,Omolara,Yusuf,Female ,09-06-1979,Zaria,Kaduna,Freelancer,Retail,7012647.9,18-05-2024
C03920,Kemi,adesanya,Female,13-03-1993,Port Harcourt,Rivers,Self Employed,SME,3780000.0,27-05-2023
C03921,Ikechukwu,Bello,Male,27-09-1988,Awka,Anambra,Self Employed,Corporate,,18-04-2020
C03922,Halima,Nwachukwu,Female,19-08-2001,Warri,Delta,Business Owner,SME,3780000.0,18-04-2022
C03923,Bayo,Ogundipe,Male ,24-07-1999,Warri,Delta,Salaried,Retail,6300123.45,25-03-2018
C03924,Halima,Danjuma,Female,17-08-1970,Ikeja,Lagos,Salaried,Retail,12989050.35,21-01-2018
C03925,Folake,nwankwo,Female,11/05/1967,Uyo,Akwa Ibom,Self Employed,SME,8562858.15,25-07-2023
C03926,Yetunde,Onyekachi,Female,06-04-1998,Ibadan,Oyo,Business Owner,Corporate,13587032.85,29-07-2025
C03927,Uche,Suleiman,Male,13-03-1971,Ibadan,Oyo,Freelancer,SME,12760391.25,11/26/2021
C03928,HAUWA,Ekwueme,Female,25-05-2002,Abeokuta,Ogun   ,Business Owner,Corporate,15234361.2,02-01-2023
C03929,Olumide,Aliyu,Male,04-12-1972,Abuja,FCT,Retired,Retail,8026854.0,03-12-2025
C03930,Damilare,Balogun,Male,09-11-1984,Lekki,Lagos,Retired,Retail,13411339.65,12-02-2021
C03931,Ifeoma,Nnaji,Female,27-12-1996,Lagos,Lagos,Self Employed,Retail,5945962.5,19-06-2025
C03932,Oluwaseun,Ajayi,Male,01-06-1993,Ogbomoso,Oyo,Self Employed,Premium,18591834.75,03-01-2019
C03933,Comfort,Yusuf,Female,05-08-1987,Calabar,Cross River,Student,Wealth,18902399.85,26-10-2022
C03934,Aisha,Okoro,Female,26-07-1999,Warri,Delta,Salaried,Retail,,13-01-2026
C03935,Folake,Yakubu,Female,01-05-1975,Benin City,Edo,Business Owner,,18209579.25,14-09-2022
C03936,Chiamaka,Abiola,Female,15-12-1983,Ibadan,Oyo,Salaried,SME,15556843.95,29-08-2018
C03937,Patience,Uzoma,Female,17-07-1960,Onitsha,Anambra,Student,Retail,8795808.75,18-11-2025
C03938,Patience,Onyekachi,Female,23-05-1967,Abeokuta,Ogun,Self Employed,Retail,3063935.7,11-03-2023
C03939,Adanna,Adekunle,Female,07-06-1960,Enugu,Enugu,Freelancer,Corporate,22270937.7,04-12-2023
C03940,Uche,Ajayi,Male,05-07-2000,Warri,Delta,Business Owner,Premium,,19-08-2018
C03941,Emmanuel,Fashola,Male,14-01-1967,Kaduna,Kaduna,Business Owner,Retail,5989759.2,06/18/2024
C03942,Adanna,Obi,Female,04-02-1977,Ikeja,Lagos,Retired,Retail,16163334.3,31-10-2022
C03943,Simisola,Chukwuma,Female,19-10-1966,Nsukka,Enugu,Freelancer,Wealth,18278931.6,19-07-2018
C03944,Adaeze,Nwachukwu,Female,1989-05-20,Calabar,Cross River,Retired,Retail,27445917.3,19-10-2023
C03945,Ngozi,Ezeh,Female,1990-08-28,Awka,Anambra,Business Owner,Premium,12138800.7,21-12-2024
C03946,Tobi,Yusuf,Male,13-12-1993,Ibadan,Oyo,Freelancer,Retail,6130114.2,08/17/2020
C03947,Amaka,Olawale,Female,23-10-1962,Lagos,Lagos,Salaried,Retail,11022642.3,19-04-2019
C03948,Chioma,Ibe,Female,1973-07-15,Nsukka,Enugu,Student,SME,11747501.7,17-03-2026
C03949,Simisola,Bello,Female,01-05-1964,Zaria,Kaduna,Retired,Retail,10606651.95,16-03-2025
C03950,Ibrahim,Ajayi,Male,15-04-2001,Asaba,Delta,Business Owner,Retail,3714877.35,23-05-2024
C03951,Kelechi,Adekunle,Male,16-04-2000,Ogbomoso,Oyo,Business Owner,Wealth,12041403.75,12-03-2019
C03952,Abubakar,Okonkwo,Male,08-12-1964,Zaria,Kaduna,Business Owner,Retail,7170974.85,06-11-2022
C03953,Tobi,Ezeh,Male,09-10-1978,Awka,Anambra,Retired,Retail,3162077.85,2020-07-01
C03954,Kayode,Adekunle,Male,1976-03-16,Abuja,FCT,Civil Servant,Premium,17241273.3,29-12-2024
C03955,Adanna,Yakubu,Female ,02-11-1987,Zaria,Kaduna,Civil Servant,Premium,22791695.55,23-10-2022
C03956,Yakubu,Danjuma,Male,1984-02-04,Ogbomoso,Oyo,Civil Servant,Retail,6394047.3,08/04/2022
C03957,Precious,Obi,Female,01-09-1963,Kaduna,Kaduna,Freelancer,Retail,15289460.1,17-02-2018
C03958,Tobi,Nwankwo,Male,16-11-1999,Benin City,Edo,Self Employed,Retail,4794637.8,08/29/2018
C03959,Halima,Okafor,Female,03-06-1965,Nsukka,Enugu,Self Employed,Corporate,15075317.7,16-09-2019
C03960,Hauwa,Ezeh,Female,21-05-1999,Awka,Anambra,Retired,SME,7496828.25,19-11-2021
C03961,Yakubu,Garba,Male,12-03-1973,Zaria,Kaduna,Self Employed,Retail,7150691.1,10-12-2020
C03962,Ronke,Ibe,Female,15-03-1968,Abuja,FCT,,SME,8804864.1,07-06-2021
C03963,Olumide,Okonkwo,Male,06-09-1987,Abeokuta,Ogun,Freelancer,Retail,8387048.7,13-02-2021
C03964,Precious,Ibe,Female,03-03-1994,Benin City,Edo,Student,Retail,7654686.6,10/01/2024
C03965,Ifeoma,Ajayi,Female,12-11-1966,Benin City,Edo,Self Employed,SME,3780000.0,06-10-2019
C03966,Rukayat,Mohammed,Female,01-06-1990,Nsukka,Enugu,Self Employed,Retail,3901650.3,02-08-2021
C03967,Temitope,Ekwueme,Female,08-12-2003,Port Harcourt,Rivers,Freelancer,Retail,2891880.15,31-05-2023
C03968,Grace,Obi,Female,14-06-1987,Lekki,Lagos,Freelancer,Retail,5995880.1,14-11-2023
C03969,Ifeanyi,Sanni,Male,06-09-1979,Ikeja,Lagos,Retired,Premium,8223411.3,02-04-2022
C03970,Nnamdi,Afolabi,Male,12-12-1983,Abeokuta,Ogun,Student,Retail,11544797.85,07-10-2019
C03971,Comfort,Sanni,Female,24-08-1992,Uyo,Akwa Ibom,Self Employed,Retail,5649366.3,10-04-2020
C03972,Adaeze,Garba,Female,12-08-1986,Warri,Delta,Freelancer,SME,4831716.3,11-04-2018
C03973,Yetunde,Danjuma,Female,27-02-1979,Nsukka,Enugu   ,Self Employed,SME,8988723.45,21-06-2023
C03974,Chukwuemeka,Onyekachi,Male,1975-08-19,Warri,Delta,Retired,Premium,11311012.2,25-01-2020
C03975,Fatima,Adekunle,female,24-09-1997,Calabar,Cross River,Business Owner,Wealth,51564318.3,30-01-2023
C03976,Wale,Adeyemi,Male,16-11-1972,Uyo,Akwa Ibom,Freelancer,Corporate,8495495.55,04-09-2021
C03977,Rukayat,Balogun,Female,05-03-1969,Ibadan,Oyo,Self Employed,Retail,21534322.35,05-08-2024
C03978,Sunday,Okafor,Male,13-12-2003,Lekki,Lagos,Freelancer,Retail,6841131.9,07-11-2022
C03979,Emmanuel,Ajayi,Male,1997-11-07,Lekki,Lagos,Retired,Premium,9381764.55,29-01-2026
C03980,Ibrahim,Adeyemi,Male,03-03-1999,Port Harcourt,Rivers,Business Owner,Retail,16740806.25,13-10-2025
C03981,Patience,Nnaji,Female,12-09-1991,Abeokuta,Ogun,Freelancer,Premium,16307082.0,20-02-2020
C03982,Nkechi,Nwosu,Female,1983-07-20,Lagos,Lagos,Retired,Retail,11729604.6,14-05-2021
C03983,Ifeoma,Adeyemi,Female,11-04-1968,Warri,Delta,Civil Servant,Retail,7119030.3,22-11-2023
C03984,Olumide,Mohammed,Male,15-01-1965,Warri,Delta,Self Employed,Retail,7404386.25,23-08-2022
C03985,Chukwudi,Obi,Male,21-09-1961,Zaria,Kaduna,Student,Retail,7417911.0,05-07-2019
C03986,Yusuf,Adesanya,Male,14-03-1972,Asaba,Delta,Retired,SME,13849584.0,05-07-2020
C03987,Femi,Mohammed,Male,22-02-1997,Warri,Delta,Civil Servant,SME,5079069.3,18-08-2024
C03988,Oluwaseun,Uzoma,Male,11-08-1996,Kaduna,Kaduna,Retired,Wealth,13178198.25,13-05-2019
C03989,Chidi,Obi,Male,26-02-1962,Calabar,Cross River,Freelancer,Retail,9168141.9,10/07/2025
C03990,Bayo,Nwankwo,Male,06-02-1966,Enugu,Enugu,Self Employed,Wealth,,23-08-2018
C03991,Ngozi,Abiola,Female,04-04-2003,Port Harcourt,Rivers,Self Employed,Retail,6561216.6,20-11-2025
C03992,Folake,Olawale,Female,28-08-1968,Enugu,Enugu,Retired,Retail,6949832.25,15-11-2019
C03993,Tunde,Yakubu,Male,01-04-1986,Lagos,Lagos,Student,SME,5350223.4,01/02/2019
C03994,Amara,Fashola,Female,01-02-1996,Calabar,Cross River,Salaried,Premium,4860000.0,12-07-2020
C03995,Uche,Okoro,Male,05-03-2000,Ibadan,Oyo,Self Employed,Retail,7752094.65,2018-05-03
C03996,Amara,Ekwueme,Female,28-09-2001,Lekki,Lagos,Salaried,Retail,5585978.25,22-03-2023
C03997,Chinedu,Chukwuma,Male,06-08-1969,Kaduna,Kaduna,Student,Retail,9519022.5,18-04-2020
C03998,Aliyu,Yakubu,Male,07-04-1974,Uyo,Akwa Ibom,Business Owner,Retail,3597151.35,07-10-2018
C03999,Tobi,Uzoma,Male,09-10-1979,Ikeja,Lagos,Freelancer,Retail,4126837.65,16-10-2021
C04000,Uche,Fashola,Male,22-04-1973,Asaba,Delta,Business Owner,Retail,7751469.6,01-01-2018
C04001,Ronke,Ekwueme,Female,21-02-1979,Kaduna,Kaduna,Self Employed,SME,6133895.7,26-08-2020
C04002,Ngozi,Fashola,Female,26-04-1963,Lekki,Lagos,Self Employed,Retail,9090577.2,25-06-2020
C04003,Chiamaka,Balogun,Female,10/11/1966,Abuja,FCT,Student,SME,13822719.3,16-01-2022
C04004,Kayode,Adesanya,Male,10-12-1965,Ikeja,Lagos,Salaried,Retail,,11-07-2020
C04005,Rukayat,Uzoma,Female,12-11-1976,Lekki,Lagos,Freelancer,SME,5843892.0,23-03-2021
C04006,Yakubu,Onyekachi,Male,17-02-1963,Abeokuta,Ogun,Salaried,Retail,9338314.95,24-01-2019
C04007,Rukayat,Danjuma,Female,02/20/1982,Ibadan,Oyo,Salaried,Retail,28800882.9,13-02-2023
C04008,Olumide,Okoro,Male,19-12-1967,Onitsha,Anambra,Business Owner,SME,3780000.0,02-07-2022
C04009,Ngozi,Okafor,Female,1985-11-06,Asaba,Delta,Business Owner,Premium,14126060.85,07-10-2022
C04010,Adewale,Chukwuma,Male,27-09-2000,Calabar,Cross River,Business Owner,Corporate,14295689.4,26-03-2024
C04011,Ronke,Fashola,Female,27-01-1965,Kaduna,Kaduna,Business Owner,Retail,9941506.35,2018-12-29
C04012,Zainab,Ibrahim,Female,24-03-1978,Benin City,Edo,Business Owner,Wealth,37778155.2,12-10-2021
C04013,Maryam,Olawale,Female,05/12/1964,Nsukka,Enugu,Business Owner,Premium,38957986.2,12-04-2023
C04014,Zainab,Adekunle,Female,09-07-1980,Nsukka,Enugu,Freelancer,Retail,6276023.7,2019-01-16
C04015,Segun,Eze,Male,19-01-1999,Ikeja,Lagos,Business Owner,Retail,4127539.35,17-12-2025
C04016,Tunde,Adeyemi,Male,05/15/2002,Ogbomoso,Oyo,Student,Retail,11446086.9,31-08-2018
C04017,Segun,Mohammed,Male,06-03-1960,Ogbomoso,Oyo,Business Owner,Retail,2700000.0,18-01-2019
C04018,Adaobi,Okafor,Female,06-03-1986,Jos,Plateau,Business Owner,Retail,11950896.0,25-12-2020
C04019,Bisi,Ajayi,Female,07/08/1966,Ikeja,Lagos,Retired,Wealth,18941470.65,06-11-2019
C04020,Wale,Okoro,Male,07-08-1967,Calabar,Cross River,Retired,Premium,21779389.35,02-11-2019
C04021,Adaobi,okoro,Female,22-11-1987,Lekki,Lagos,Business Owner,Wealth,18565853.4,2022-05-02
C04022,Emeka,Adeyemi,Male,13-08-1986,Benin City,Edo,Retired,Retail,7192776.9,07-12-2020
C04023,Emmanuel,Adesanya,Male,22-12-1963,Uyo,Akwa Ibom,Business Owner,Retail,2721893.55,2023-04-04
C04024,Segun,Sanni,Male,06-10-1997,Lagos,Lagos,Business Owner,Retail,4363785.45,2020-09-03
C04025,Ifeoma,Onyekachi,Female,11-03-2003,Zaria,Kaduna,Business Owner,Premium,7621372.95,30-04-2024
C04026,Tunde,Okafor,Male,28-02-1994,Asaba,Delta,Retired,SME,16666433.7,20-04-2020
C04027,Abubakar,Ekwueme,Male,1962-06-07,Abuja,FCT,Salaried,Retail,6120478.8,18-07-2020
C04028,Chidi,Ezeh,Male,01-05-1993,Calabar,Cross River,Freelancer,Retail,5860110.3,21-09-2025
C04029,Comfort,Fashola,Female,04-11-1997,Warri,Delta,Civil Servant,Corporate,5940000.0,01-10-2024
C04030,Chidi,Yusuf,Male,25-05-1991,Uyo,Akwa Ibom,Business Owner,Retail,11729155.65,09-10-2020
C04031,Blessing,Adekunle,Female,16-07-1989,Zaria,Kaduna,Student,Retail,7941146.7,22-07-2023
C04032,Uche,Ibe,Male,20-06-1998,Ogbomoso,Oyo,Self Employed,SME,12168820.8,11-01-2026
C04033,Segun,Uzoma,Male,09-03-1973,Kaduna,Kaduna,Retired,SME,9190725.0,24-06-2025
C04034,Halima,Ekwueme,Female,13-07-1980,Ikeja,Lagos,Self Employed,Corporate,25168921.8,28-03-2018
C04035,Ifeoma,Okoro,Female,21-09-1985,Jos,Plateau,Freelancer,SME,4256513.7,20-02-2024
C04036,Emeka,Okonkwo,Male,11/24/2001,Warri,Delta,Freelancer,Retail,8850860.55,02-01-2021
C04037,Wale,uzoma,Male,07/24/1975,Abeokuta,Ogun,Civil Servant,Retail,3308502.15,11-06-2020
C04038,Ifeanyi,Okonkwo,Male,07-05-1993,Warri,Delta,Student,Retail,6506286.75,25-05-2019
C04039,Femi,Okonkwo,Male,10-12-1966,Warri,Delta,Freelancer,Retail,6191314.35,2021-11-09
C04040,Kelechi,Ajayi,Male,27-05-1967,Awka,Anambra,Freelancer,Wealth,17799632.1,05-02-2019
C04041,Yusuf,Uzoma,Male,11-09-1992,Ibadan,Oyo,Retired,Premium,10624059.3,04/04/2025
C04042,Amaka,Sanni,Female,08-05-1998,Zaria,Kaduna,Retired,Retail,3601199.85,03-03-2019
C04043,Damilare,Uzoma,Male,01-07-1983,  Ibadan,Oyo,Freelancer,Retail,9654713.85,16-06-2019
C04044,Halima,Sanni,Female,26-07-1978,Awka,Anambra,Self Employed,Premium,15200508.0,10-12-2020
C04045,Chidi,Adekunle,Male,15-09-1962,Ibadan,Oyo,Self Employed,Retail,2700000.0,24-01-2023
C04046,Chinedu,Ogundipe,Male,24-10-1969,Port Harcourt,Rivers,Business Owner,Retail,4304113.8,14-05-2024
C04047,Kayode,Nnaji,Male,13-02-2001,Asaba,Delta,Retired,Retail,5449321.35,29-09-2025
C04048,Kemi,Adebayo,Female,02/07/1995,Ogbomoso,Oyo,Freelancer,SME,19974073.2,06-04-2024
C04049,Yusuf,Onyekachi,Male,12-02-1995,Asaba,Delta,Civil Servant,Retail,3442131.45,18-12-2019
C04050,Kayode,Eze,Male,16-07-1972,Warri,Delta,Freelancer,Retail,3806178.0,24-04-2023
C04051,Yusuf,Chukwu,Male,01-07-1989,Zaria,Kaduna,Student,Retail,6529892.1,01-10-2025
C04052,Titi,Uzoma,Female,09/03/1993,Benin City,Edo,Retired,Retail,8474476.05,02-11-2018
C04053,Chioma,Mohammed,Female,09/22/1993,Abeokuta,Ogun,Freelancer,Retail,7578654.9,2024-05-12
C04054,Suleiman,Onyekachi,Male,05-09-1963,Enugu,Enugu,Business Owner,Wealth,72894826.35,10-10-2022
C04055,Chinedu,Balogun,Male,04/19/1982,Lekki,Lagos,Self Employed,Retail,11324615.55,25-06-2018
C04056,Omolara,Mohammed,Female,10-11-1970,Jos,Plateau,Freelancer,SME,5219296.35,15-10-2019
C04057,Aliyu,Aliyu,Male,13-12-1963,Enugu,Enugu,Self Employed,Retail,4408393.5,18-04-2024
C04058,EMMANUEL,Musa,Male,05/15/1976,Lagos,Lagos,Business Owner,Retail,2700000.0,25-02-2024
C04059,Patience,Sanni,Female,11-09-1979,Jos,Plateau,Freelancer,Retail,4068169.8,15-10-2018
C04060,Ifeanyi,Chukwuma,Male,26-03-1974,Kaduna,Kaduna,Freelancer,Retail,4782597.6,10-09-2020
C04061,Chiamaka,Adekunle,Female,28-10-1995,Ogbomoso,Oyo,Retired,Premium,8810510.7,26-02-2024
C04062,Rukayat,Okafor,Female,14-04-2001,Benin City,Edo,Salaried,Retail,12161986.05,09-09-2023
C04063,Nnamdi,Musa,Male,04/11/1982,Benin City,Edo,Freelancer,Retail,6412231.05,01-11-2024
C04064,Uche,Yusuf,Male,08-09-1981,Benin City,Edo,Student,Retail,7376123.55,09-04-2021
C04065,Damilare,Mohammed,Male,06-10-1994,Awka,Anambra,Salaried,Retail,2700000.0,18-05-2023
C04066,Yusuf,Chukwu,Male,11-10-1971,Zaria,Kaduna,Freelancer,Corporate,17523032.7,2018-01-14
C04067,Chukwudi,Ibrahim,Male,14-12-1988,Enugu,Enugu,Business Owner,Retail,4229348.1,2020-05-26
C04068,Amara,Eze,Female,21-02-1976,Kaduna,Kaduna,Business Owner,Retail,11948375.4,30-07-2021
C04069,Damilare,Okoro,Male,14-09-1960,Asaba,Delta,Retired,Corporate,5940000.0,26-04-2020
C04070,Nkechi,Abiola,Female ,03/20/1975,Warri,Delta,Self Employed,Retail,3660866.25,10-01-2022
C04071,Adewale,Uzoma,Male,12-07-1964,Ikeja,Lagos,Freelancer,Retail,5206020.9,01-09-2019
C04072,Funmilayo,Garba,Female,22-01-1964,Calabar,Cross River,Civil Servant,SME,9132238.05,13-10-2021
C04073,Ngozi,Danjuma,Female,17-04-1990,Onitsha,Anambra,Student,Premium,5118471.75,22-04-2019
C04074,Yakubu,Eze,Male,22-02-2003,Ogbomoso,Oyo,Business Owner,Retail,14996154.6,10-04-2021
C04075,Halima,Adekunle,Female,15-10-1984,Uyo,Akwa Ibom,Business Owner,Premium,4860000.0,20-02-2023
C04076,Ifeoma,Fashola,Female,13-05-1983,Onitsha,Anambra,Salaried,Corporate,12760726.05,07-03-2022
C04077,Omolara,Mohammed,Female,18-09-1975,Nsukka,Enugu,Student,Retail,9066622.8,21-02-2026
C04078,Bisi,Chukwuma,Female,12/26/1994,Ikeja,Lagos,Retired,SME,18296852.85,2024-03-27
C04079,Chukwuemeka,Chukwu,Male,10-02-1978,Ikeja,Lagos,Self Employed,Premium,28570574.1,18-05-2022
C04080,Folake,Nnaji,Female,28-04-1996,Asaba,Delta,Business Owner,Retail,26307171.9,2020-06-01
C04081,Simisola,Eze,Female,03-03-2003,Warri,Delta,Retired,Corporate,5940000.0,11/06/2024
C04082,Chioma,Aliyu,Female,16-01-1961,Abuja,FCT,Self Employed,Retail,4327886.25,19-10-2020
C04083,Ayodele,Okafor,Male,11/07/1984,Ikeja,Lagos,Freelancer,SME,3780000.0,21-08-2025
C04084,Chioma,Danjuma,Female,10-01-1966,Uyo,Akwa Ibom,Retired,Retail,5570203.35,12-05-2025
C04085,Halima,Ogunleye,Female,05-12-1968,Nsukka,Enugu,,Retail,7976277.45,08-07-2021
C04086,Patience,Balogun,Female,04-10-1988,Onitsha,Anambra,Business Owner,SME,5787730.2,13-04-2020
C04087,Omolara,Ibrahim,Female,13-03-1993,Calabar,Cross River,Student,SME,8265139.2,18-06-2023
C04088,Amara,Yusuf,Female,14-09-1994,Benin City,Edo,Retired,SME,11765357.25,10/03/2022
C04089,Bisi,Balogun,Female,10-02-1996,Enugu,Enugu,Retired,Retail,8682664.35,05-08-2018
C04090,Folake,Ibe,Female,15-05-1978,Awka,Anambra,Business Owner,Retail,6173089.65,23-02-2026
C04091,Nkechi,Sanni,Female,14-09-1990,Port Harcourt,Rivers,Business Owner,Retail,7544014.95,2018-08-13
C04092,Emeka,Ibe,Male,28-02-1980,Jos,Plateau,Student,Premium,55166531.55,15-02-2024
C04093,Kelechi,Abiola,male,08-01-1995,Abeokuta,Ogun,Retired,Retail,7007803.65,25-04-2025
C04094,Kayode,Ekwueme,Male,16-08-1994,Uyo,Akwa Ibom,Retired,Retail,13297680.0,02-05-2025
C04095,Blessing,Ogundipe,Female,21-10-1973,Abuja,FCT,Self Employed,Retail,5903003.4,12-01-2019
C04096,Grace,Ogundipe,Female,17-02-1990,Kaduna,Kaduna,Civil Servant,Retail,4777152.15,12-07-2022
C04097,Bisi,Ogunleye,Female,13-09-1974,Enugu,Enugu,Self Employed,Retail,6924216.45,26-05-2021
C04098,Temitope,Uzoma,Female,1993-07-10,Abuja,FCT,Student,Retail,4509346.2,05-05-2018
C04099,Ronke,Adebayo,Female,10-07-1974,Onitsha,Anambra,Business Owner,Retail,11755796.85,27-02-2019
C04100,Yusuf,Bello,Male,15-11-1966,Port Harcourt,Rivers,Retired,Retail,2700000.0,27-11-2024
C04101,Blessing,Sanni,Female,1976-09-06,Enugu,Enugu,Business Owner,Retail,10672470.15,17-04-2018
C04102,Sunday,Sanni,Male,13-06-2000,Awka,Anambra,Self Employed,Retail,8778374.1,10-02-2020
C04103,Amara,Ogundipe,Female,26-03-1980,Warri,Delta,Freelancer,Retail,3952432.35,19-08-2019
C04104,Chinedu,Chukwu,Male,14-09-1987,Jos,Plateau,Self Employed,Wealth,18020413.8,15-07-2020
C04105,Blessing,Okoro,Female,27-07-1981,Enugu,Enugu,Student,Premium,12750484.05,10-12-2018
C04106,Kayode,Nwachukwu,Male,19-03-2002,Ogbomoso,Oyo,Salaried,SME,4521512.1,30-12-2023
C04107,Adewale,Sanni,Male,21-11-1964,Awka,Anambra,Business Owner,SME,14416690.95,12-02-2025
C04108,Aliyu,Suleiman,Male,1983-12-12,Ogbomoso,Oyo,Retired,Retail,8675248.95,22-02-2021
C04109,Uche,Okonkwo,Male,06-11-1989,Ogbomoso,Oyo,Freelancer,Retail,5453317.2,21-09-2023
C04110,Yusuf,Nwosu,Male,22-05-1967,Abuja,FCT,Business Owner,Retail,5439591.75,22-01-2025
C04111,Chinedu,Adeyemi,Male,22-09-1968,Ogbomoso,Oyo,Self Employed,SME,21032935.95,07-09-2023
C04112,Adaobi,Ekwueme,Female,28-06-1989,Awka,Anambra,Retired,Retail,8990250.45,28-12-2018
C04113,Ibrahim,Afolabi,Male,12-01-1980,Zaria,Kaduna,Business Owner,Premium,35058339.6,13-07-2025
C04114,Sunday,Yakubu,Male,23-07-1977,Onitsha,Anambra,Civil Servant,Retail,3709927.5,31-12-2024
C04115,SEGUN,Chukwuma,Male,07-08-1997,Uyo,Akwa Ibom,Business Owner,Premium,7795681.35,01-01-2024
C04116,Bayo,Nwosu,Male,08-05-1984,Benin City,Edo,Freelancer,Wealth,22463308.35,05-08-2021
C04117,Zainab,Nnaji,Female,02-01-2003,Benin City,Edo,Retired,Premium,15627657.0,07/27/2023
C04118,Tunde,Onyekachi,Male,22-06-1960,Enugu,Enugu,Freelancer,Retail,12939517.65,25-12-2024
C04119,Folake,Afolabi,Female,01-03-1984,Abeokuta,Ogun,Self Employed,SME,19485894.15,2023-08-31
C04120,Emeka,Ogunleye,Male,12-08-1998,Awka,Anambra,Retired,Retail,7018857.15,05-07-2024
C04121,Chiamaka,Suleiman,Female,01-02-1973,Awka,Anambra,Retired,Premium,12025344.75,05-02-2020
C04122,Yakubu,Abiola,Male,28-11-1960,Zaria,Kaduna,Retired,Premium,11238607.5,31-12-2022
C04123,Patience,Yakubu,Female,22-01-1972,Zaria,Kaduna,Student,SME,10593503.4,14-02-2025
C04124,Grace,Okafor,Female,11-05-1988,Lagos,Lagos,Salaried,,5777768.25,06-05-2020
C04125,Ayodele,Adeyemi,Male,18-02-1988,Abeokuta,Ogun,Retired,SME,9394468.65,11-03-2024
C04126,Adaeze,Mohammed,Female,02-03-2002,Ikeja,Lagos,Student,Retail,19560282.3,25-07-2024
C04127,Ifeoma,Nwosu,Female,07-05-1989,Ikeja,Lagos,Student,Premium,24530078.85,21-07-2023
C04128,Adewale,Adeyemi,Male,1999-03-02,Nsukka,Enugu,Freelancer,Retail,7815886.8,11-05-2023
C04129,Emmanuel,Ekwueme,Male,19-02-2000,Enugu,Enugu,Civil Servant,Retail,20157450.75,11-01-2020
C04130,Chidi,Ekwueme,male,16-07-1972,Ikeja,Lagos,Student,SME,4767276.6,05-12-2018
C04131,Bukola,Nwosu,Female,14-11-1986,Ibadan,Oyo,Student,Retail,8394996.3,10-02-2022
C04132,Ikechukwu,Adekunle,Male,01-12-2004,Port Harcourt,Rivers,Freelancer,Retail,2700000.0,22-01-2018
C04133,Tobi,chukwuma,Male,1984-02-21,Warri,Delta,Civil Servant,SME,6957071.1,2023-07-10
C04134,Adaobi,Ezeh,Female,13-12-1964,Awka,Anambra,Salaried,SME,12198977.25,30-04-2021
C04135,Blessing,Uzoma,Female,08-11-1995,Port Harcourt,Rivers,Freelancer,Retail,6562965.3,29-10-2020
C04136,Sunday,Nnaji,Male,02-02-1990,Benin City,Edo,Salaried,Retail,5878158.0,13-11-2020
C04137,Precious,Nwachukwu,Female,02-02-1994,Asaba,Delta,Retired,Retail,2933713.8,24-12-2023
C04138,Titi,Suleiman,Female,04-11-1966,Ikeja,Lagos,Freelancer,Retail,17204812.65,17-09-2021
C04139,Simisola,Okafor,Female,15-06-2000,Calabar,Cross River,,Corporate,13910718.3,04-03-2023
C04140,Uche,Ezeh,Male,25-10-2000,Onitsha,Anambra,Retired,Premium,7948865.85,12/06/2024
C04141,Nkechi,Balogun,FEMALE,07-11-1997,Abuja,FCT,Self Employed,Corporate,35376991.05,08-06-2020
C04142,Ijeoma,Aliyu,Female,10-01-1994,Ikeja,Lagos,Retired,Retail,4597992.75,09-02-2024
C04143,Amaka,Nwankwo,Female,28-08-1961,Abeokuta,Ogun,Business Owner,Retail,3165182.55,08-12-2020
C04144,Ifeoma,Chukwu,Female,26-04-1982,Jos,Plateau,Self Employed,Premium,20942094.0,07-12-2023
C04145,Tunde,Musa,Male,04-02-1981,Port Harcourt,Rivers,Salaried,Retail,7588701.0,04/29/2023
C04146,Aisha,Afolabi,Female,22-04-1984,Abeokuta,Ogun,Freelancer,Retail,16049665.65,2018-11-20
C04147,Omolara,Ekwueme,Female,17-06-1970,Asaba,Delta,Freelancer,Retail,2700000.0,18-03-2023
C04148,Chukwudi,Okoro,Male,04-02-1968,Kaduna,Kaduna,Freelancer,Retail,3559790.4,03-02-2023
C04149,Chukwudi,Yusuf,Male,12-04-1987,Ogbomoso,Oyo,Salaried,Retail,6077987.4,26-01-2023
C04150,Obinna,Nwankwo,Male,14-09-1985,Lagos,Lagos,Business Owner,Retail,5953215.15,21-04-2023
C04151,Kemi,Ekwueme,Female,27-10-1982,Enugu,Enugu,Self Employed,Retail,7117088.7,05-11-2021
C04152,Fatima,Ibrahim,Female,15-08-1980,Abeokuta,Ogun,Self Employed,SME,11563875.6,19-08-2025
C04153,Ijeoma,Adekunle,Female,13-02-1983,Lekki,Lagos,Freelancer,Premium,10394800.95,04-05-2018
C04154,Sunday,Yusuf,Male,24-11-1976,Asaba,Delta,Business Owner,Retail,9679858.95,23-03-2025
C04155,Simisola,Ibrahim,Female,13-10-1999,Asaba,Delta,Student,Premium,14006322.3,06-07-2023
C04156,Amaka,Sanni,Female,19-12-1981,Port Harcourt,Rivers,Freelancer,Retail,8944362.6,05-09-2025
C04157,Tobi,Ekwueme,Male,1974-09-25,Enugu,Enugu,Student,Retail,2700000.0,2020-01-29
C04158,Femi,Eze,Male,11-02-1992,Calabar,Cross River,Retired,Premium,17103852.75,01-01-2024
C04159,Musa,Bello,Male,21-02-1982,Ikeja,Lagos,Student,Retail,5018207.55,19-10-2020
C04160,Amaka,Ibe,Female,02-09-1987,Onitsha,Anambra,Student,Premium,26980159.05,17-08-2019
C04161,Omolara,Obi,Female,04-05-2004,Awka,Anambra,Freelancer,Premium,11477332.05,03-04-2021
C04162,Omolara,Adekunle,Female,14-10-1961,Enugu,Enugu,Retired,Retail,4140979.35,08/25/2020
C04163,Chiamaka,Mohammed,Female,01-08-1993,Awka,Anambra,Business Owner,Premium,17276185.2,20-12-2020
C04164,Rukayat,Olawale,Female,05-07-1969,Zaria,Kaduna,Retired,Retail,10863926.55,29-01-2019
C04165,Hauwa,Ekwueme,Female,15-09-2002,Port Harcourt,Rivers,Freelancer,Retail,5853969.45,30-10-2020
C04166,Kemi,Nwankwo,Female,11-07-1989,Benin City,Edo,Retired,Premium,17448667.05,18-09-2021
C04167,Kayode,Chukwuma,Male,06-10-1986,Asaba,Delta,Freelancer,Retail,5291221.35,16-03-2024
C04168,Patience,Chukwu,Female,21-05-1980,Awka,Anambra,Student,Retail,22106444.4,30-11-2020
C04169,Uche,Nnaji,Male,16-01-1993,Onitsha,Anambra,Retired,Retail,4782568.5,22-06-2025
C04170,Chiamaka,Garba,Female,15-03-1967,Enugu,Enugu,Retired,Retail,6510555.0,24-12-2019
C04171,Titi,Fashola,Female,05-06-1976,Port Harcourt,Rivers,Self Employed,Retail,7022353.2,20-06-2021
C04172,CHUKWUEMEKA,Obi,Male,23-07-1991,Asaba,Delta,Freelancer,SME,7612740.9,28-06-2024
C04173,Uche,Abiola,Male,04-11-1962,Asaba,Delta,Retired,Retail,8020337.85,06-09-2023
C04174,Kelechi,Fashola,Male,1980-09-09,Enugu,Enugu   ,Student,Retail,8024381.1,06/30/2023
C04175,Obinna,Chukwu,Male,21-07-1980,Asaba,Delta,Freelancer,Retail,2736138.45,21-01-2023
C04176,Yusuf,Mohammed,Male,19-08-1977,Awka,Anambra,,SME,16897550.25,12/06/2020
C04177,Femi,Eze,Male,25-10-1998,Asaba,Delta,Student,Retail,7151548.05,20-09-2022
C04178,Tobi,Danjuma,MALE,27-03-1980,Benin City,Edo,Self Employed,Retail,4857347.1,01-09-2020
C04179,Kayode,Sanni,Male,14-06-1984,Calabar,Cross River,Retired,Retail,7195200.45,09-03-2024
C04180,Adanna,Ogundipe,Female,23-01-1960,Zaria,Kaduna,Freelancer,Retail,6318941.1,19-10-2019
C04181,Kemi,Ekwueme,Female,01-04-1963,Port Harcourt,Rivers,Student,Retail,7194917.55,06-04-2025
C04182,Grace,Adebayo,Female,02/12/1970,Ibadan,Oyo,Salaried,Retail,2700000.0,13-08-2025
C04183,Ifeoma,Ezeh,Female,05-12-1989,Port Harcourt,Rivers,Self Employed,Premium,21529958.7,22-09-2021
C04184,Amara,Ajayi,Female,19-05-1975,Calabar,Cross River,Freelancer,Retail,10414941.15,06-05-2025
C04185,Patience,Okoro,Female,12-06-1999,Benin City,Edo,Retired,Premium,16706290.8,28-08-2023
C04186,Godwin,Olawale,Male,17-03-1989,Uyo,Akwa Ibom,Student,Premium,6241971.0,01-12-2018
C04187,Chioma,Adebayo,Female,11-06-1961,Abuja,FCT,Salaried,Wealth,21608651.25,18-01-2021
C04188,Fatima,Obi,Female,25-11-1998,Lekki,Lagos,Civil Servant,Retail,15439478.85,22-10-2022
C04189,Emeka,Adesanya,Male,21-06-1996,Jos,Plateau,,Premium,14251334.4,06-09-2021
C04190,Blessing,Umeh,Female,26-02-1994,Benin City,Edo,Retired,Retail,6439047.0,05-06-2023
C04191,Bisi,Okonkwo,Female,02-05-1997,Benin City,Edo,Business Owner,SME,10137299.1,22-01-2024
C04192,Patience,Mohammed,female,11/06/1991,Lagos,Lagos,Student,Wealth,40083249.15,26-03-2018
C04193,Damilare,Musa,Male,1996-08-10,Warri,Delta,Business Owner,SME,21573856.65,09-11-2021
C04194,Emeka,Adebayo,Male,17-07-2000,Uyo,Akwa Ibom,Salaried,Retail,8452765.95,02-03-2019
C04195,Godwin,Bello,Male,18-11-2004,Onitsha,Anambra,Business Owner,Retail,10169400.6,2024-12-17
C04196,Fatima,Ogundipe,Female,02-11-1990,Awka,Anambra,Freelancer,Retail,13118082.15,11-01-2023
C04197,Simisola,Balogun,Female,12/09/1979,Port Harcourt,Rivers,Retired,Corporate,25379600.1,17-05-2023
C04198,Tunde,Yusuf,Male,08/13/1978,Kaduna,Kaduna,Retired,Retail,8295111.9,23-01-2019
C04199,Yakubu,Nwankwo,Male,23-12-1962,Ikeja,Lagos,Business Owner,SME,4814574.45,06-07-2019
C04200,Zainab,Okafor,Female,06-03-2003,Ikeja,Lagos,Self Employed,Retail,2700000.0,29-05-2020
C04201,Ronke,Olawale,Female,25-11-1995,Ogbomoso,Oyo,Freelancer,Retail,6651275.7,03-01-2022
C04202,Damilare,Ogundipe,Male,17-06-1968,Uyo,Akwa Ibom,Freelancer,Retail,5065908.6,10/12/2022
C04203,Yusuf,Adekunle,Male,16-09-1977,Ibadan,Oyo,Self Employed,Retail,8234592.3,2018-07-04
C04204,Tunde,Mohammed,Male,11-03-1963,Ikeja,Lagos,Business Owner,Retail,5875852.5,27-12-2022
C04205,Precious,Olawale,Female,05-06-1992,Abuja,FCT,,Premium,8248433.1,2018-05-25
C04206,Suleiman,Ajayi,Male,13-12-2002,Onitsha,Anambra,Retired,Retail,7684146.9,2022-06-02
C04207,Folake,Yakubu,Female,21-09-1972,Asaba,Delta,Self Employed,Retail,18488223.45,31-12-2019
C04208,Chiamaka,Adeyemi,Female,22-02-1993,Lekki,Lagos,Student,Retail,18583762.95,23-01-2026
C04209,Folake,Nwankwo,Female,01-09-1965,Warri,Delta,Self Employed,SME,12846609.45,02-04-2022
C04210,Omolara,Mohammed,Female,20-09-1976,Ikeja,Lagos,Salaried,Wealth,40869636.75,23-11-2020
C04211,Adaobi,Nwachukwu,Female,19-07-2003,Enugu,Enugu,Freelancer,Corporate,6806493.15,18-10-2023
C04212,Ijeoma,Okonkwo,Female,23-04-1997,Calabar,Cross River,Student,Retail,2700000.0,19-04-2022
C04213,Simisola,Ibe,Female,22-09-1980,Awka,Anambra,Self Employed,Retail,5364783.45,20-02-2026
C04214,Ifeoma,Garba,Female,27-08-2004,Warri,Delta,Salaried,Premium,18193652.7,26-02-2022
C04215,Adanna,Sanni,Female,08/10/2004,Onitsha,Anambra,Retired,Retail,10119617.4,15-12-2022
C04216,Sunday,ajayi,Male,12-06-1996,Ogbomoso,Oyo,Self Employed,Premium,29146418.4,23-05-2018
C04217,Temitope,Abiola,Female,15-04-1993,Kaduna,Kaduna,Retired,SME,4307930.55,11-06-2021
C04218,Yusuf,Ogundipe,Male,08-12-1970,Asaba,Delta,Self Employed,Corporate,29004235.65,23-02-2022
C04219,Funmilayo,Suleiman,Female,06-12-1963,Zaria,Kaduna,Self Employed,Retail,4718534.4,04-11-2025
C04220,Ibrahim,Nwosu,Male,11-04-1977,Jos,Plateau,Self Employed,Retail,12880612.05,07/24/2023
C04221,Aisha,Nnaji,Female,04-04-1969,Ikeja,Lagos,Self Employed,Retail,3316531.35,30-04-2021
C04222,Uche,Ibe,Male,1973-04-09,Benin City,Edo,Retired,Premium,16985106.0,20-02-2024
C04223,Aliyu,Ajayi,Male,11-03-1962,Kaduna,Kaduna,Business Owner,Retail,4125685.95,26-01-2019
C04224,Ijeoma,Onyekachi,Female,07-11-1968,Kaduna,Kaduna,Self Employed,Premium,22414074.9,11-05-2022
C04225,Ayodele,Ezeh,Male,27-03-2000,Ikeja,Lagos,Business Owner,Premium,8531882.85,26-05-2018
C04226,Musa,Umeh,Male,02-04-1983,Onitsha,Anambra,Student,Corporate,6984760.5,30-01-2022
C04227,Kayode,Adeyemi,Male,02-05-1972,Abeokuta,Ogun,Business Owner,Retail,3296168.4,02/08/2022
C04228,Ronke,Okoro,Female,17-04-1985,Uyo,Akwa Ibom,Self Employed,Retail,7400969.55,13-11-2024
C04229,Maryam,Nwankwo,Female,17-05-1988,Lekki,Lagos,Student,Corporate,15794609.1,24-12-2025
C04230,Chinedu,Adekunle,Male,01-09-1972,Nsukka,Enugu,Business Owner,Retail,5740974.15,28-10-2020
C04231,Titi,Onyekachi,Female,04-01-1983,Jos,Plateau,Business Owner,Retail,5105227.8,14-10-2023
C04232,Adaeze,Chukwuma,Female,24-11-1999,Abuja,FCT,Freelancer,Retail,5392727.7,2025-12-25
C04233,Ifeanyi,Onyekachi,Male,06-04-1970,Port Harcourt,Rivers,Freelancer,Retail,3758132.1,09/20/2018
C04234,Bisi,Ekwueme,Female,1966-01-27,Lekki,Lagos,Self Employed,Retail,9620203.95,24-10-2021
C04235,Chukwuemeka,Suleiman,Male,26-11-1965,Lekki,Lagos,Self Employed,SME,18736417.2,09-10-2019
C04236,Titi,Umeh,Female,1986-11-28,Calabar,Cross River,Business Owner,SME,13003229.25,05-05-2021
C04237,Yakubu,Chukwuma,Male,24-05-1969,Port Harcourt,Rivers,Freelancer,Premium,7938406.05,17-08-2018
C04238,Ronke,Yusuf,Female,02/07/1961,Lagos,Lagos,Freelancer,Retail,7067043.75,08/23/2020
C04239,Damilare,Bello,Male,19-11-1963,Onitsha,Anambra,Self Employed,SME,11596926.6,10-10-2024
C04240,Nkechi,Aliyu,Female,21-02-1984,Onitsha,Anambra,Freelancer,SME,4236002.55,23-06-2023
C04241,Yusuf,Obi,Male,25-01-1978,Ibadan,Oyo,Student,Retail,12603334.05,2018-10-11
C04242,Segun,Ekwueme,Male,07-09-1960,Benin City,Edo,Student,Retail,6112648.35,13-08-2018
C04243,Chiamaka,Garba,Female,04-04-1991,Port Harcourt,Rivers,Salaried,Premium,8895150.75,30-06-2023
C04244,Simisola,Okafor,Female,19-03-1987,Nsukka,Enugu,Freelancer,Retail,4361291.4,01/20/2023
C04245,Yusuf,Bello,Male,09/24/1972,Jos,Plateau,Business Owner,Corporate,18263476.5,06-11-2022
C04246,Segun,Ibe,Male,06-03-1998,Abeokuta,Ogun,Self Employed,Retail,3357169.95,11-08-2023
C04247,Segun,Onyekachi,Male,06-12-1971,Onitsha,Anambra,Retired,Retail,7322511.3,29-11-2025
C04248,Musa,Yakubu,Male,22-12-1962,Awka,Anambra,Self Employed,Retail,5291664.15,14-08-2024
C04249,Nkechi,Chukwu,Female,13-06-1976,Port Harcourt,Rivers,Civil Servant,Retail,7909666.5,19-02-2021
C04250,Kelechi,Bello,Male,20-12-1970,Ogbomoso,Oyo,Self Employed,Premium,8648250.15,10-01-2026
C04251,Chidi,Ibe,Male,21-09-1988,Zaria,Kaduna,Business Owner,SME,6623644.65,2020-09-19
C04252,Obinna,Sanni,Male,24-11-1997,Ikeja,Lagos,Business Owner,Retail,7266317.25,08-05-2023
C04253,Adaeze,Chukwuma,Female,24-03-1974,Port Harcourt,Rivers,Retired,Premium,5324428.95,28-05-2021
C04254,Yusuf,Afolabi,Male,22-07-1979,Zaria,Kaduna,Business Owner,Retail,6090780.6,22-02-2024
C04255,Ifeoma,Adekunle,Female,13-11-1983,Enugu,Enugu,Freelancer,SME,8157912.15,03-01-2018
C04256,Yusuf,Ibrahim,Male,22-03-1981,Abeokuta,Ogun,,Premium,26140962.6,2025-06-28
C04257,Yusuf,Olawale,Male,24-06-1983,Ikeja,Lagos,Freelancer,Retail,2700000.0,22-05-2024
C04258,Fatima,Yakubu,Female,11-12-1963,Benin City,Edo,Self Employed,Premium,9843989.4,29-03-2021
C04259,Ifeanyi,suleiman,Male,05-12-1972,Onitsha,Anambra,Student,Retail,2700000.0,09-02-2025
C04260,Chinedu,Afolabi,Male,10-04-1978,Warri,Delta,Civil Servant,SME,6904189.8,26-06-2018
C04261,Folake,Ibe,Female,22-06-1964,Abuja,FCT,Self Employed,SME,8312427.0,02/24/2026
C04262,Adaeze,Ibrahim,Female,12-03-1971,Warri,Delta,Student,Retail,11708018.1,27-02-2024
C04263,Aisha,Suleiman,Female,15-07-1963,Jos,Plateau,Freelancer,Premium,14935102.65,11-08-2020
C04264,Damilare,Aliyu,Male,24-11-1989,Ikeja,Lagos,Civil Servant,Retail,7232306.7,08-07-2019
C04265,Ifeanyi,Nnaji,Male,25-09-1978,Awka,Anambra,Freelancer,Retail,4995976.95,17-09-2023
C04266,Yetunde,Nwosu,Female,19-12-1979,Kaduna,Kaduna,Retired,,9878392.8,10-12-2019
C04267,Yusuf,Sanni,Male,20-10-1978,Lagos,Lagos,Self Employed,Retail,9351620.55,28-10-2018
C04268,Adaeze,Ogunleye,Female,22-01-1989,Ikeja,Lagos,Salaried,SME,11578907.1,07-06-2020
C04269,Omolara,Okonkwo,Female,17-12-1983,Warri,Delta,Student,Retail,6967572.6,05-01-2022
C04270,Chiamaka,Afolabi,Female,09-02-1977,Asaba,Delta,Salaried,Retail,5671882.2,24-12-2020
C04271,Suleiman,Ibrahim,Male,02-08-1989,Port Harcourt,Rivers,Civil Servant,Premium,12463952.7,15-12-2025
C04272,Chioma,Umeh,Female,16-12-1971,Ogbomoso,Oyo,Salaried,SME,3780000.0,27-05-2018
C04273,Ikechukwu,Ajayi,Male,28-11-1966,Ibadan,Oyo,Business Owner,Retail,4244669.85,25-11-2021
C04274,Yetunde,Nwosu,Female,02-12-1967,Nsukka,Enugu,Self Employed,Retail,6631215.9,11-08-2021
C04275,Amaka,Adebayo,Female,10-11-1994,Ikeja,Lagos,Freelancer,Retail,8584706.85,22-05-2018
C04276,Ayodele,Yusuf,Male,11/19/1987,Abuja,FCT,Salaried,Retail,9191554.8,16-07-2025
C04277,Oluwaseun,Mohammed,Male,21-12-1997,Lagos,Lagos,Freelancer,Premium,9141272.25,06-01-2021
C04278,Ayodele,Ezeh,Male,20-10-1961,Ikeja,Lagos,Freelancer,Premium,22248187.95,10-11-2025
C04279,Patience,Adekunle,Female,15-09-1993,Abeokuta,Ogun,Retired,SME,7618834.5,2019-09-07
C04280,Blessing,Abiola,Female,11/07/1976,Uyo,Akwa Ibom,Freelancer,Retail,5615495.25,13-12-2019
C04281,Bayo,Musa,Male,1975-09-23,Kaduna,Kaduna,Salaried,Retail,7696172.7,03-06-2018
C04282,Fatima,Ogunleye,Female,1964-03-19,Onitsha,Anambra,Student,Premium,7577733.3,01-08-2023
C04283,Ibrahim,Ogundipe,Male,22-04-1993,Abuja,FCT,Business Owner,Retail,6365299.95,09-08-2018
C04284,Chidi,Ezeh,Male,21-04-1999,Zaria,Kaduna,Business Owner,Retail,28798176.3,05-02-2023
C04285,Tunde,Yusuf,Male,18-01-1971,Lekki,Lagos,Salaried,Retail,4372348.05,04-12-2018
C04286,Ayodele,Obi,Male,26-10-1969,Jos,Plateau,Freelancer,Wealth,39564761.4,21-04-2024
C04287,Halima,Ogunleye,Female,25-07-1997,Ogbomoso,Oyo,Student,Retail,8006589.3,05-06-2020
C04288,Chioma,Balogun,Female,14-09-1961,Ogbomoso,Oyo,Salaried,Retail,9582652.65,22-05-2022
C04289,Damilare,nwankwo,Male,21-07-2004,Ibadan,Oyo,Retired,Wealth,14373947.7,29-03-2025
C04290,Femi,Yakubu,Male,11-01-2001,Lagos,Lagos,Business Owner,SME,9744787.05,16-07-2018
C04291,Bukola,Ajayi,Female,12-01-1992,Lekki,Lagos,Civil Servant,Wealth,35801127.0,04-06-2019
C04292,Ikechukwu,Ezeh,Male,03-07-1973,Benin City,Edo,Student,Retail,4439123.85,06/23/2022
C04293,Omolara,Nwosu,Female,25-02-1997,Warri,Delta,Retired,Premium,4860000.0,15-12-2020
C04294,Adewale,ogundipe,Male,1960-04-05,Abuja,FCT,Student,SME,4671082.35,19-11-2022
C04295,Ikechukwu,Ogundipe,Male,01-06-1981,Jos,Plateau,Business Owner,Wealth,8100000.0,31-12-2022
C04296,Sunday,Obi,Male,28-11-2001,Uyo,Akwa Ibom,Retired,Retail,4234989.45,01-06-2022
C04297,Adaobi,Nwachukwu,Female,02-10-1972,Ikeja,Lagos,Student,Retail,6575972.25,13-02-2022
C04298,Ijeoma,Fashola,Female,11-02-1980,Nsukka,Enugu,Civil Servant,Retail,6587752.05,24-10-2023
C04299,Emeka,Afolabi,Male,15-01-1970,Asaba,Delta,Salaried,Retail,15837750.9,19-04-2019
C04300,Adewale,musa,Male,05-11-1975,Lagos,Lagos,Retired,SME,15255873.75,16-03-2023
C04301,Segun,Chukwu,Male,17-12-1991,Uyo,Akwa Ibom,,Retail,9102617.55,17-03-2018
C04302,Kemi,Ajayi,Female,10-05-1985,Kaduna,Kaduna,Freelancer,Retail,7558669.8,13-07-2025
C04303,Tunde,Balogun,Male,07/21/1964,Ibadan,Oyo,Salaried,Retail,30099970.35,26-10-2021
C04304,Maryam,Fashola,Female,2001-01-06,Benin City,Edo,Freelancer,Premium,12326245.5,18-09-2021
C04305,Ronke,Okonkwo,Female,23-02-1969,Lekki,Lagos,Retired,Retail,4556458.95,17-06-2024
C04306,Ayodele,Sanni,Male,19-11-1972,Nsukka,Enugu,Self Employed,Retail,5102429.7,13-08-2020
C04307,Damilare,Olawale,Male,15-09-1978,Calabar,Cross River,Freelancer,Retail,9763107.6,31-07-2025
C04308,Bisi,Onyekachi,Female,25-07-1974,Jos,Plateau,Retired,Premium,6449939.85,07-06-2021
C04309,Suleiman,Adesanya,MALE,04-04-1985,  Jos,Plateau,Civil Servant,Retail,4642210.8,12-10-2019
C04310,Halima,Adekunle,Female,21-03-1997,Awka,Anambra,Student,Retail,12414131.85,15-02-2026
C04311,Rukayat,Nwosu,Female,26-02-1980,Warri,Delta,Salaried,Wealth,35686375.2,30-12-2018
C04312,Ifeoma,Fashola,Female,28-07-1984,Lagos,Lagos,Self Employed,Retail,12794676.3,22-02-2022
C04313,Zainab,Ekwueme,Female,05-09-1983,Ogbomoso,Oyo,Freelancer,Corporate,7611683.7,11-10-2021
C04314,Adewale,Yakubu,Male,19-04-2004,Lagos,Lagos,Retired,Premium,8158794.45,06-05-2019
C04315,Damilare,Yakubu,Male,17-10-1978,Benin City,Edo,Salaried,Retail,5799651.15,12-11-2021
C04316,Funmilayo,Ibe,Female,01-08-1961,Nsukka,Enugu,Retired,Retail,11449861.5,07-10-2022
C04317,Patience,Ibrahim,Female,02-06-1964,Lagos,Lagos,Business Owner,Retail,23435333.1,16-10-2018
C04318,Chidi,Danjuma,Male,05-09-1998,  Abeokuta,Ogun,Self Employed,Premium,14351452.05,26-07-2023
C04319,Aliyu,Nwosu,Male,10-02-1993,Calabar,Cross River,Student,Premium,27070112.85,17-06-2021
C04320,Aisha,Abiola,Female,02-03-1993,Enugu,Enugu,Retired,SME,15540771.15,19-10-2022
C04321,Adaeze,Sanni,Female,11-06-1988,Jos,Plateau,Freelancer,Retail,,02-02-2025
C04322,Omolara,Onyekachi,Female,08-11-1963,Ibadan,Oyo,Self Employed,Retail,6265690.35,2020-11-03
C04323,Maryam,Nwachukwu,Female,12-02-1977,Kaduna,Kaduna,Student,Corporate,7404686.55,30-08-2022
C04324,Segun,Suleiman,male,05/17/2001,Warri,Delta,Student,SME,22813641.0,20-05-2021
C04325,Zainab,Abiola,Female,15-02-1981,Calabar,Cross River,Self Employed,Retail,11831919.6,04-09-2018
C04326,Ronke,Ajayi,Female,28-05-1964,Ibadan,Oyo,Business Owner,SME,3873101.85,16-04-2018
C04327,Aisha,Suleiman,Female,19-12-1963,Ikeja,Lagos,Self Employed,Retail,,02-01-2023
C04328,Chidi,Nwankwo,Male,26-11-1975,Zaria,Kaduna,Self Employed,Wealth,18989156.25,08-07-2020
C04329,Emeka,Okafor,Male,10-02-1990,Awka,Anambra,Retired,Retail,12893224.95,06-04-2025
C04330,Bukola,Nnaji,Female,26-06-1986,Abeokuta,Ogun,Business Owner,SME,6306411.9,11-05-2022
C04331,Musa,Adeyemi,Male,25-06-1989,Abeokuta,Ogun,Retired,Retail,8282993.55,13-01-2023
C04332,Segun,Ogunleye,Male,11-06-1999,Uyo,Akwa Ibom,Retired,Retail,9878949.75,09-12-2020
C04333,Chukwudi,Ogundipe,Male,09-06-1962,Jos,Plateau,Civil Servant,SME,9216397.2,21-04-2024
C04334,Maryam,Ezeh,Female,28-12-1984,  Jos,Plateau,Civil Servant,Premium,23831315.1,17-12-2021
C04335,Simisola,Aliyu,Female,1974-05-21,Zaria,Kaduna,Freelancer,Wealth,,10-09-2020
C04336,Yetunde,Danjuma,Female,09-05-1980,Calabar,Cross River,Retired,SME,6081257.1,31-01-2018
C04337,Zainab,Adebayo,Female,17-07-2004,Awka,Anambra,Self Employed,Retail,7594499.25,10-11-2020
C04338,Ifeoma,Okoro,Female,10-03-1991,Abeokuta,Ogun,Self Employed,Retail,6396466.95,22-05-2023
C04339,Damilare,Ibrahim,Male,14-06-1965,Calabar,Cross River,Student,Retail,10190058.6,25-04-2023
C04340,Uche,Okafor,Male,17-12-1975,Warri,Delta,Retired,Premium,7982953.65,30-09-2025
C04341,Omolara,Danjuma,Female,1985-07-14,Asaba,Delta,Student,SME,13286819.25,30-05-2022
C04342,Chidi,Uzoma,Male,05-09-1964,Abeokuta,Ogun,Business Owner,Retail,2700000.0,2023-07-17
C04343,Kayode,Mohammed,Male,14-09-2001,Ibadan,Oyo,Freelancer,Retail,15437602.05,01-01-2021
C04344,Chukwuemeka,Okoro,Male,2002-10-12,Zaria,Kaduna,Business Owner,Retail,3559621.95,12-09-2019
C04345,Kelechi,Abiola,Male,01-01-1992,Abuja,FCT,Business Owner,Corporate,5940000.0,29-10-2021
C04346,Chioma,Fashola,Female,16-05-1968,Benin City,Edo,Retired,SME,12951076.05,31-01-2020
C04347,Emeka,Danjuma,Male,04-09-1964,Abeokuta,Ogun,Student,SME,6998643.15,2018-04-17
C04348,Ibrahim,Garba,Male,21-08-1989,Ogbomoso,Oyo,Civil Servant,Retail,8080235.7,22-05-2022
C04349,Ayodele,Olawale,Male,18-04-1980,  Awka,Anambra,Self Employed,Retail,5805747.75,17-01-2022
C04350,Chiamaka,nwachukwu,Female,1975-12-24,Enugu,Enugu,Retired,Corporate,11724937.65,10/10/2018
C04351,Omolara,Nwosu,Female,22-10-1997,Awka,Anambra,Salaried,Premium,-18881023.65,01/16/2022
C04352,Godwin,Okafor,Male,24-11-1994,Ogbomoso,Oyo,Business Owner,Retail,7047664.2,09-06-2021
C04353,Chioma,Nwachukwu,Female,26-04-1984,Uyo,Akwa Ibom,Retired,Retail,6273501.0,11-11-2022
C04354,Chidi,Eze,Male,28-11-1986,Enugu,Enugu,Salaried,SME,18016256.4,03-06-2025
C04355,Zainab,Chukwuma,Female,26-03-1972,Ibadan,Oyo,Freelancer,Retail,6248243.85,05-04-2018
C04356,Aliyu,Ibe,Male,10-10-1968,Benin City,Edo,Business Owner,Retail,7486147.35,05-01-2023
C04357,Yakubu,Sanni,Male,1973-11-25,Benin City,Edo,,Corporate,11220325.05,16-06-2024
C04358,Chukwuemeka,Adesanya,Male,16-09-1973,Lekki,Lagos,Freelancer,Retail,4370767.05,22-08-2024
C04359,Rukayat,Onyekachi,Female,04/19/1992,Abuja,FCT,Civil Servant,Corporate,12048248.85,16-11-2022
C04360,Yakubu,Ogundipe,Male,21-12-1963,Calabar,Cross River,Salaried,Wealth,25378245.0,31-08-2021
C04361,Chinedu,Suleiman,Male,01-09-1986,Benin City,Edo,Self Employed,Retail,8410347.3,02-09-2022
C04362,Ayodele,mohammed,Male,09-08-1982,Lagos,Lagos,Retired,Retail,4767987.75,02-12-2018
C04363,Bayo,Olawale,Male,04-12-1998,Kaduna,Kaduna,Student,Premium,16703701.2,14-04-2021
C04364,Chioma,Suleiman,Female,14-11-1991,Warri,Delta,Retired,Retail,8235559.95,02/11/2025
C04365,Yetunde,Ekwueme,Female,19-01-1985,Nsukka,Enugu,Freelancer,Wealth,17030715.75,06-06-2020
C04366,Adaobi,Umeh,Female,13-10-1961,Ogbomoso,Oyo,Retired,Retail,7794623.1,12-07-2023
C04367,Yetunde,Nwachukwu,Female,01-01-1968,Nsukka,Enugu,Self Employed,SME,3780000.0,27-01-2025
C04368,Tunde,Nwachukwu,Male,06-04-1982,Lagos,Lagos,Business Owner,Corporate,11264405.4,06-09-2024
C04369,Rukayat,Yusuf,Female,14-05-1962,Kaduna,Kaduna,Retired,Retail,11392367.85,19-03-2026
C04370,Patience,Adeyemi,Female,10-12-1970,Nsukka,Enugu,Salaried,Retail,3396306.0,26-11-2018
C04371,Emmanuel,Okonkwo,Male,07-06-1973,Lekki,Lagos,Freelancer,Premium,13965161.7,12-06-2022
C04372,Ibrahim,Ogunleye,Male,22-08-1991,Ibadan,Oyo,,Retail,11909787.0,2025-10-17
C04373,Ngozi,Sanni,Female,05-05-1998,Nsukka,Enugu,Student,Premium,17052171.0,07-10-2023
C04374,Adaeze,Mohammed,Female,27-12-1998,Nsukka,Enugu,Self Employed,Wealth,8744854.5,05-12-2018
C04375,Adaeze,Garba,Female,06/18/1963,Port Harcourt,Rivers,Self Employed,Corporate,11498392.35,05-10-2025
C04376,Ronke,Afolabi,Female,17-05-1989,Ikeja,Lagos,Freelancer,Retail,8489428.65,02-05-2025
C04377,Femi,Afolabi,Male,11-01-1977,Asaba,Delta,Salaried,Retail,13143602.55,02-06-2018
C04378,Chukwuemeka,Abiola,Male,06/10/1992,Benin City,Edo,Freelancer,Premium,8107545.15,14-07-2024
C04379,Ibrahim,Ajayi,male,06-06-2003,Awka,Anambra,,Retail,5654653.5,06-01-2021
C04380,Ikechukwu,Aliyu,Male,23-11-1969,Asaba,Delta,Freelancer,Corporate,15230252.7,14-06-2019
C04381,Ngozi,Nwachukwu,Female,19-03-1981,Asaba,Delta,Retired,Retail,6595067.25,17-08-2020
C04382,Adewale,okoro,Male,02-12-1976,Abeokuta,Ogun,Salaried,Premium,4860000.0,09-05-2022
C04383,Kelechi,Adebayo,Male,17-05-1996,Ogbomoso,Oyo,Self Employed,Retail,11240953.65,2025-12-16
C04384,Grace,Mohammed,Female,01-12-1974,Nsukka,Enugu,Freelancer,Retail,5195409.0,19-03-2023
C04385,Halima,Umeh,Female,18-04-1971,Enugu,Enugu,Business Owner,Premium,10257962.85,30-05-2022
C04386,Tobi,Ajayi,Male,01-09-1971,Abeokuta,Ogun,Retired,Corporate,8331732.75,23-07-2025
C04387,Chukwuemeka,Adeyemi,Male,11-01-2001,Lekki,Lagos,Retired,Corporate,10546282.95,2025-03-10
C04388,Oluwaseun,Adebayo,Male,08-09-1987,Warri,Delta,Freelancer,Retail,4980451.8,18-08-2023
C04389,Halima,Ekwueme,Female,10-08-1971,Kaduna,Kaduna,Retired,Wealth,53627863.05,16-09-2023
C04390,Ifeanyi,Nwankwo,Male,11-06-1983,Warri,Delta,Retired,Retail,5035552.65,04-10-2022
C04391,Musa,Afolabi,Male,11-11-1975,Benin City,Edo,Business Owner,Retail,4125246.3,19-11-2023
C04392,Suleiman,ibe,Male,06-11-2001,Kaduna,Kaduna,Student,Premium,31325184.3,11-07-2021
C04393,Chinedu,Musa,Male,08-11-2001,Asaba,Delta,Self Employed,Premium,7345191.45,14-03-2019
C04394,Zainab,Nwosu,Female,05-07-1983,Awka,Anambra   ,Salaried,Premium,8591800.65,2020-06-18
C04395,Uche,Ogunleye,Male,1960-02-04,Lagos,Lagos   ,Business Owner,Retail,4939576.05,10/14/2020
C04396,Uche,Chukwuma,Male,17-08-2001,Jos,Plateau,Student,Premium,8324203.65,27-04-2023
C04397,Grace,Mohammed,Female,14-03-2002,Lagos,Lagos,Freelancer,Retail,4707302.55,23-01-2020
C04398,Chukwuemeka,Ezeh,Male,1985-11-19,Uyo,Akwa Ibom,Student,Retail,8835758.7,01-10-2025
C04399,Oluwaseun,Nwankwo,Male,20-10-1978,Ogbomoso,Oyo,Retired,Retail,,10-08-2022
C04400,Olumide,Umeh,Male,15-01-1961,Zaria,Kaduna,Self Employed,Retail,6630303.0,06-07-2018
C04401,Kelechi,Balogun,Male,1964-03-27,Asaba,Delta,Self Employed,Corporate,13452381.3,05-11-2025
C04402,Tunde,Nwachukwu,Male,08-12-1996,Uyo,Akwa Ibom,Business Owner,Retail,8422916.4,09-08-2020
C04403,Patience,Ogundipe,Female,03-07-1967,Nsukka,Enugu,Freelancer,Retail,3483096.6,13-06-2021
C04404,Ikechukwu,Ogundipe,Male,02-08-1997,Ogbomoso,Oyo,Salaried,Retail,13230085.95,24-02-2022
C04405,Adaobi,Chukwuma,Female,05-08-1994,Kaduna,Kaduna,Salaried,Retail,2700000.0,2020-01-15
C04406,Yetunde,Okafor,Female,07-03-1979,Ibadan,Oyo,Freelancer,Retail,4868029.35,06-07-2024
C04407,Chukwuemeka,Okoro,Male,26-02-1988,Nsukka,Enugu,Business Owner,Retail,8741839.8,31-03-2025
C04408,Folake,Sanni,Female,03-02-2000,Jos,Plateau,Salaried,SME,16920491.55,05-09-2018
C04409,Grace,Chukwuma,Female,05/25/1991,Port Harcourt,Rivers,Retired,Retail,4824971.55,19-04-2020
C04410,Femi,Musa,Male,02-07-1984,Ibadan,Oyo,Civil Servant,Retail,7051010.4,15-01-2024
C04411,Kemi,Sanni,Female,03-07-1964,Zaria,Kaduna,Student,Retail,14756844.15,15-03-2023
C04412,Godwin,Ogunleye,Male,1997-07-15,Awka,Anambra,Freelancer,Wealth,28637074.8,19-09-2020
C04413,Maryam,Musa,Female,27-09-2000,Asaba,Delta,Salaried,SME,9550813.2,24-05-2020
C04414,Tobi,Okoro,Male,25-11-1977,Onitsha,Anambra,Freelancer,SME,6145574.55,01-03-2023
C04415,Bayo,Okonkwo,male,15-08-1963,Abuja,FCT,Salaried,Premium,27942259.8,22-03-2018
C04416,Kayode,Okonkwo,Male,04/04/1991,Warri,Delta,Civil Servant,Corporate,11207639.55,27-02-2025
C04417,Halima,Chukwuma,Female,18-11-1996,Abeokuta,Ogun,Business Owner,Retail,6272079.0,29-03-2025
C04418,Aisha,Abiola,Female,16-02-1980,Abeokuta,Ogun,Business Owner,Retail,8081567.1,30-09-2019
C04419,Tobi,Nwachukwu,Male,10-08-1973,Benin City,Edo,Civil Servant,Retail,19123447.35,01-02-2021
C04420,Adewale,Musa,Male,10-07-1960,Warri,Delta,Freelancer,SME,7886656.2,09/10/2018
C04421,Tobi,Onyekachi,Male,15-09-1977,Asaba,Delta,Business Owner,Retail,8198388.0,18-05-2018
C04422,Sunday,Uzoma,Male,1996-04-06,Ikeja,Lagos,Self Employed,,27883368.45,31-08-2018
C04423,Ronke,Sanni,Female,24-07-1960,Uyo,Akwa Ibom,Retired,Retail,5297949.15,31-10-2023
C04424,KAYODE,Nwankwo,Male,12-11-1977,Benin City,Edo,Freelancer,Retail,5263319.4,2018-04-22
C04425,Femi,Nnaji,Male,02-03-2003,Ikeja,Lagos,Student,,5447460.9,12-08-2019
C04426,COMFORT,Aliyu,Female,27-02-1971,Enugu,Enugu,Student,Retail,19790734.35,14-08-2024
C04427,Halima,Sanni,Female,01-07-1996,Abeokuta,Ogun,Self Employed,Retail,6090803.1,06-01-2020
C04428,Adanna,Musa,Female,10-01-1991,Ikeja,Lagos,Business Owner,Retail,6308968.5,05-12-2024
C04429,Halima,Okoro,Female,19-09-1981,Abuja,FCT,Civil Servant,Retail,2700000.0,12/03/2018
C04430,Ikechukwu,Adekunle,Male,21-12-1985,Kaduna,Kaduna,Civil Servant,Retail,12446737.65,02-03-2019
C04431,Ikechukwu,Yakubu,Male,21-01-1973,Warri,Delta,Business Owner,Retail,10107368.4,05-11-2019
C04432,Fatima,Adeyemi,Female,16-08-1973,Port Harcourt,Rivers,Freelancer,Retail,2700000.0,18-09-2020
C04433,Olamide,Adesanya,Male,18-05-1976,Abeokuta,Ogun,Freelancer,Premium,10520838.9,25-11-2019
C04434,Adewale,Umeh,Male,24-07-1966,Ogbomoso,Oyo,Self Employed,Corporate,11486671.35,21-05-2025
C04435,Halima,Chukwuma,Female,02-08-1996,Lekki,Lagos,Retired,Retail,11176785.6,2018-05-23
C04436,Comfort,Ezeh,Female,13-11-1990,Awka,Anambra,Business Owner,Retail,2833017.45,05-12-2018
C04437,Chioma,Nnaji,Female,07-05-1962,Lekki,Lagos,Civil Servant,Retail,10055054.85,14-09-2021
C04438,Nkechi,Bello,Female,14-06-1973,Lagos,Lagos,Student,Corporate,22019461.8,27-06-2025
C04439,YUSUF,Danjuma,Male,01-07-1980,Benin City,Edo,Self Employed,Retail,17900290.35,02-02-2020
C04440,Femi,Danjuma,Male,03-10-1991,Ibadan,Oyo,Business Owner,Corporate,6660298.2,04-10-2024
C04441,Yusuf,Mohammed,Male,06-08-2003,Abeokuta,Ogun,Self Employed,Corporate,16621196.85,21-10-2024
C04442,Ronke,Chukwu,Female,18-04-1982,Port Harcourt,Rivers,Civil Servant,Retail,7140265.95,30-06-2023
C04443,Wale,Suleiman,Male,16-11-1983,Ibadan,Oyo,Student,Retail,21351871.95,2022-11-09
C04444,Titi,Danjuma,Female,18-10-1991,Lagos,Lagos,Retired,Retail,6967366.95,12-06-2020
C04445,Adaobi,Abiola,Female,12-02-2000,Ibadan,Oyo,Student,SME,15106638.75,03/24/2025
C04446,Chidi,Uzoma,Male,01-09-1961,Zaria,Kaduna,Self Employed,Retail,5510910.15,10-08-2019
C04447,Femi,Nwankwo,Male,20-01-1983,Kaduna,Kaduna,Retired,Retail,4183831.8,2019-09-29
C04448,Musa,Nwosu,Male,08-04-1962,Calabar,Cross River,Retired,Retail,2700000.0,12/20/2019
C04449,Emmanuel,Uzoma,Male,24-07-2003,Port Harcourt,Rivers,Student,Premium,29812473.3,03-09-2022
C04450,Olamide,Aliyu,Male,1999-04-24,Port Harcourt,Rivers,Self Employed,Premium,8043830.25,21-06-2021
C04451,Chukwudi,Ezeh,Male,06-08-2003,Lagos,Lagos,Freelancer,Corporate,15582964.35,25-06-2025
C04452,Yetunde,Eze,Female,17-11-1964,Ogbomoso,Oyo,Salaried,Retail,2700000.0,03-01-2025
C04453,Bayo,Fashola,Male,24-07-1974,Nsukka,Enugu,Self Employed,Retail,4206251.4,06-06-2023
C04454,Wale,Okonkwo,Male,05-05-1998,Uyo,Akwa Ibom,Self Employed,Retail,4959049.2,28-08-2019
C04455,Grace,Yusuf,Female,08-06-1980,Asaba,Delta,Business Owner,Retail,8651948.1,20-01-2022
C04456,Oluwaseun,Afolabi,Male,22-12-1965,Asaba,Delta,Business Owner,Retail,10505597.1,25-08-2024
C04457,Amaka,Yakubu,Female,07-04-1966,Onitsha,Anambra,Business Owner,Premium,9298909.05,03-09-2019
C04458,Emeka,Danjuma,Male,24-07-1985,Lekki,Lagos,Student,Retail,9402489.3,28-09-2019
C04459,Adewale,Nwankwo,Male,19-02-1996,Nsukka,Enugu,Student,Premium,44861880.0,09-06-2020
C04460,Zainab,Sanni,Female,22-12-1997,Ogbomoso,Oyo,Freelancer,SME,3780000.0,19-09-2022
C04461,Aisha,Ibe,Female,20-10-1982,Uyo,Akwa Ibom,Retired,,34048062.75,19-12-2022
C04462,Yusuf,Afolabi,Male,06-12-1963,Ibadan,Oyo,Business Owner,Retail,7783387.8,18-08-2020
C04463,IFEANYI,Balogun,Male,24-01-2002,Jos,Plateau,Student,Retail,10817174.1,29-09-2019
C04464,Olumide,Chukwu,Male,16-02-1972,Ogbomoso,Oyo,Self Employed,Retail,15580713.75,09-02-2019
C04465,Kayode,Obi,Male,05-05-2003,Abeokuta,Ogun,Self Employed,Wealth,23451887.7,20-11-2020
C04466,Yetunde,Danjuma,Female,15-02-1973,Jos,Plateau,Salaried,Retail,15983129.85,05-09-2023
C04467,Suleiman,Garba,Male,16-03-1975,Nsukka,Enugu,Business Owner,Retail,5220595.5,04/17/2025
C04468,Yakubu,Nwachukwu,Male,23-11-1972,Ogbomoso,Oyo,Student,Retail,2821786.05,01-08-2020
C04469,Olamide,Obi,Male,15-05-1982,Nsukka,Enugu   ,Freelancer,Premium,52559791.05,08-02-2025
C04470,Damilare,Musa,Male,10-06-1970,Zaria,Kaduna,Student,Retail,12374874.3,19-01-2024
C04471,Obinna,Onyekachi,Male,19-11-1996,Port Harcourt,Rivers,Retired,SME,3780000.0,28-05-2021
C04472,Chukwudi,Nwankwo,Male,22-02-1989,Uyo,Akwa Ibom,Student,Premium,14877921.3,22-12-2019
C04473,Adaobi,Ibe,Female,20-10-1978,Uyo,Akwa Ibom,Salaried,Retail,11913050.1,03/31/2020
C04474,Tunde,Nwachukwu,Male,07/04/1993,Nsukka,Enugu,Student,Corporate,11224479.15,02/16/2019
C04475,Fatima,Okoro,Female,09-06-1960,Ogbomoso,Oyo,Student,Retail,6340661.1,17-11-2018
C04476,Femi,Garba,Male,09-12-1991,Port Harcourt,Rivers,Salaried,Retail,4844900.1,15-12-2019
C04477,Yetunde,Adekunle,Female,27-09-1989,Asaba,Delta,Student,Corporate,23305466.25,31-07-2019
C04478,Bisi,Adebayo,Female,18-02-1977,Ikeja,Lagos,Student,Retail,7436868.75,10-03-2024
C04479,Chukwudi,Nwachukwu,Male,23-12-1980,Jos,Plateau,Retired,SME,8028254.7,13-08-2019
C04480,Emmanuel,Olawale,Male,1982-04-04,Uyo,Akwa Ibom,Student,Retail,3053876.7,05-04-2019
C04481,Comfort,Ibe,Female,28-09-1974,Awka,Anambra,Business Owner,Corporate,17514347.1,26-02-2021
C04482,Blessing,Ajayi,Female,27-07-1988,Uyo,Akwa Ibom,Freelancer,Premium,6610125.9,11-09-2018
C04483,Aliyu,Eze,Male,07-07-1982,Abuja,FCT,Retired,Retail,8772085.95,12-11-2023
C04484,Blessing,Bello,Female,07-02-1972,Abeokuta,Ogun,Self Employed,Retail,8082958.35,10-01-2022
C04485,Ronke,Ibrahim,Female,22-11-2004,Calabar,Cross River,Self Employed,Retail,11846337.9,30-09-2023
C04486,Kelechi,Ezeh,Male,23-07-1992,Uyo,Akwa Ibom,Student,SME,,06-10-2025
C04487,Folake,Aliyu,Female,13-07-1972,Ogbomoso,Oyo,Business Owner,Retail,-6618075.6,19-05-2020
C04488,Adaeze,Adekunle,Female,12-06-1998,Onitsha,Anambra,Freelancer,Wealth,75392041.95,16-05-2024
C04489,Olumide,Okonkwo,Male,1999-06-17,Zaria,Kaduna,Retired,Corporate,9069445.05,08-06-2024
C04490,Amaka,Ibrahim,Female,11-09-1969,Jos,Plateau,Self Employed,Retail,7613047.2,15-12-2018
C04491,Blessing,Ezeh,Female,04-12-1996,Awka,Anambra,Student,Retail,12114911.55,14-05-2022
C04492,Chioma,Sanni,Female,18-03-1979,Port Harcourt,Rivers,Self Employed,Wealth,16662564.0,2025-07-06
C04493,Nkechi,Nwosu,Female,15-12-2000,Kaduna,Kaduna,Student,Wealth,28049187.6,06-08-2020
C04494,Chukwuemeka,Chukwuma,Male,15-11-1988,Ikeja,Lagos,Student,Premium,13871201.1,23-11-2025
C04495,Bukola,Okafor,Female,28-10-1966,Uyo,Akwa Ibom,Salaried,Retail,6205508.25,25-01-2022
C04496,Nnamdi,Danjuma,Male,23-02-1977,Ikeja,Lagos,Civil Servant,Corporate,14572056.15,03-08-2024
C04497,Zainab,Olawale,Female,25-02-1980,Port Harcourt,Rivers,Student,Premium,13531916.4,17-11-2020
C04498,Ifeoma,Nwankwo,Female,19-10-1971,Jos,Plateau,Retired,Retail,5280357.6,09-02-2020
C04499,Simisola,Ibe,Female,20-05-1961,Abuja,FCT,Student,Wealth,19712146.05,07-02-2024
C04500,Funmilayo,Musa,Female,27-03-1978,Awka,Anambra,Salaried,Retail,8766750.45,26-05-2024
C04501,Wale,Musa,Male,10-12-1973,Ikeja,Lagos,Salaried,Premium,22314915.45,04/27/2019
C04502,Emmanuel,Okoro,Male,1963-07-22,Ogbomoso,Oyo,Business Owner,Corporate,8553514.8,02-05-2019
C04503,Grace,Uzoma,Female,08/24/2003,Kaduna,Kaduna,Salaried,SME,16774689.15,19-02-2024
C04504,Ayodele,Uzoma,Male,28-11-1966,Port Harcourt,Rivers,Retired,,3556366.2,07-11-2019
C04505,Chinedu,Bello,Male,13-09-1964,Enugu,Enugu,Retired,Retail,8653979.1,09/06/2018
C04506,Kelechi,Yakubu,Male,18-09-1975,Port Harcourt,Rivers   ,Freelancer,Retail,5298424.2,28-12-2021
C04507,Segun,Nwachukwu,Male,08-06-1998,Jos,Plateau,Business Owner,Corporate,13217264.25,10-04-2021
C04508,Amara,Musa,Female,17-03-2004,Jos,Plateau,Salaried,Retail,8101024.05,10-06-2025
C04509,Maryam,aliyu,Female,23-09-1974,Abeokuta,Ogun,Retired,Retail,7505923.8,05-11-2018
C04510,Simisola,Okoro,Female,20-01-1980,Benin City,Edo,Self Employed,Retail,9803094.0,05-11-2023
C04511,Femi,Musa,Male,20-04-1999,Ibadan,Oyo,Student,Retail,8101916.1,19-01-2026
C04512,Titi,Okonkwo,Female,07-04-1974,Kaduna,Kaduna,,SME,5728570.2,06-07-2025
C04513,Tunde,Afolabi,Male,10-12-1971,Ikeja,Lagos,Retired,Premium,9144930.3,23-01-2022
C04514,Halima,Suleiman,Female,11-12-1982,Calabar,Cross River,Student,Corporate,18589857.6,01-09-2024
C04515,Ikechukwu,Ekwueme,Male,09-08-1960,Port Harcourt,Rivers,Freelancer,Retail,23147823.9,06-07-2019
C04516,Patience,Adesanya,Female,21-12-1966,Abeokuta,Ogun,Freelancer,Retail,4368631.2,12-01-2025
C04517,Yusuf,Chukwuma,Male,19-04-1993,Abuja,FCT,Salaried,Retail,8721304.35,08-09-2019
C04518,Emeka,Ezeh,Male,20-03-1989,Abuja,FCT,Student,Retail,10576875.45,29-05-2020
C04519,Tobi,Nwachukwu,Male,02-11-1963,Jos,Plateau,Freelancer,Retail,10306267.35,05-04-2018
C04520,Chidi,Adeyemi,Male,04-06-1970,Abeokuta,Ogun,Salaried,Retail,4424834.1,04-11-2019
C04521,Sunday,Obi,Male,06-07-1978,Kaduna,Kaduna,,Retail,4469082.15,2024-12-25
C04522,Wale,Chukwuma,Male,13-06-1985,Uyo,Akwa Ibom,Retired,Retail,7269333.9,10-05-2024
C04523,EMMANUEL,Adebayo,Male,25-02-1979,Awka,Anambra,Student,Retail,5646752.7,25-03-2024
C04524,Nkechi,Olawale,Female,10-07-1982,Abeokuta,Ogun,Student,Corporate,11470918.5,18-07-2024
C04525,Amara,Nnaji,Female,22-06-2002,Uyo,Akwa Ibom,Salaried,Retail,9048101.4,12-06-2022
C04526,Simisola,Okoro,Female,25-12-1998,Jos,Plateau,Retired,Premium,6215555.85,17-07-2019
C04527,Kemi,Chukwu,Female,15-09-1986,Onitsha,Anambra,Retired,Retail,12227164.95,02-01-2022
C04528,Adewale,Okafor,Male,26-01-1994,Ikeja,Lagos,Retired,Corporate,19712798.1,2025-11-24
C04529,KAYODE,Obi,Male,02-06-1992,Abeokuta,Ogun,Self Employed,Premium,26083735.8,02-10-2021
C04530,Halima,Ajayi,Female,25-03-1967,Abeokuta,Ogun,Self Employed,Corporate,18422333.1,11-07-2023
C04531,Chiamaka,Abiola,Female,06/24/1975,Ibadan,Oyo,Freelancer,Retail,13594315.2,11-01-2019
C04532,Tunde,Adeyemi,Male,05-02-2002,Onitsha,Anambra,Freelancer,Premium,21408936.6,16-02-2024
C04533,Wale,Ibe,Male,28-11-1974,Onitsha,Anambra,Student,Retail,6640316.7,15-08-2024
C04534,Chiamaka,Afolabi,Female,25-06-1974,Uyo,Akwa Ibom,Freelancer,Premium,13781134.05,15-08-2025
C04535,Amaka,Ogundipe,Female,01-03-1965,Onitsha,Anambra,Self Employed,Premium,,17-09-2018
C04536,Bukola,Garba,Female,20-05-1965,Asaba,Delta,Freelancer,Retail,7758011.25,12-01-2018
C04537,Adaobi,Nwachukwu,Female,20-06-2003,Awka,Anambra,Civil Servant,Corporate,16826559.45,25-04-2018
C04538,Tobi,Adesanya,Male,12-08-1999,Uyo,Akwa Ibom,Civil Servant,Corporate,30076703.55,09-03-2018
C04539,Titi,Umeh,Female,1970-01-22,Awka,Anambra,Business Owner,Retail,5362422.9,16-01-2021
C04540,Chukwudi,Nwachukwu,Male,18-08-1962,Lekki,Lagos,Business Owner,,5589589.5,05/10/2019
C04541,Chioma,Mohammed,Female,07-10-1963,Abuja,FCT,Freelancer,Retail,24642502.35,02-05-2018
C04542,Nnamdi,Yakubu,Male,14-11-1965,Ibadan,Oyo,Student,Premium,17127101.4,27-09-2024
C04543,GRACE,Onyekachi,Female,27-10-1983,Onitsha,Anambra,Retired,Retail,15666117.0,11-12-2024
C04544,Ifeanyi,Adesanya,Male,20-07-1968,Port Harcourt,Rivers,Student,SME,5161683.0,27-03-2018
C04545,Kayode,Ogundipe,Male,16-03-2001,Zaria,Kaduna,Retired,Retail,2700000.0,26-11-2020
C04546,Damilare,Okafor,Male,25-12-1997,Uyo,Akwa Ibom,Retired,Retail,6018447.6,18-11-2021
C04547,Ifeanyi,Chukwuma,Male,16-04-1972,Ogbomoso,Oyo,Self Employed,Retail,20626287.6,19-03-2026
C04548,Aliyu,Yusuf,MALE,17-12-1990,Calabar,Cross River,Self Employed,,12127764.6,23-04-2023
C04549,Hauwa,Olawale,Female,06-11-1980,Abuja,FCT,Salaried,Retail,4020504.0,07/03/2025
C04550,Ngozi,Ezeh,Female,16-03-1966,Jos,Plateau,Retired,Retail,10298501.55,30-03-2025
C04551,Emeka,Yusuf,Male,03-12-1992,Ikeja,Lagos,Business Owner,Retail,2805043.35,28-02-2021
C04552,Emeka,Obi,Male,27-11-1978,Zaria,Kaduna,Student,Premium,11490909.45,12-11-2020
C04553,Adewale,balogun,Male,04-08-1982,Lekki,Lagos,Civil Servant,SME,5000067.3,20-11-2025
C04554,Emmanuel,Ekwueme,Male,1992-05-06,Abeokuta,Ogun,Freelancer,Retail,10923596.7,27-01-2019
C04555,Ronke,Nwachukwu,Female,22-08-1991,Enugu,Enugu,Freelancer,Retail,4940928.45,27-06-2025
C04556,Amaka,Aliyu,Female,11-03-1996,Kaduna,Kaduna,Retired,Premium,15515130.9,17-04-2019
C04557,Adaobi,Okoro,Female,06-09-1986,Enugu,Enugu,Retired,Corporate,12136049.7,16-02-2022
C04558,Adaeze,Musa,Female,1985-03-03,Awka,Anambra,,Retail,8460807.45,16-02-2023
C04559,Damilare,Adebayo,Male,24-05-1987,Ibadan,Oyo,Civil Servant,Premium,5173119.6,22-10-2025
C04560,Chiamaka,Fashola,Female,21-01-1981,Enugu,Enugu,Retired,SME,5571683.7,21-09-2025
C04561,Titi,Abiola,Female,19-01-1980,Lekki,Lagos,Business Owner,Retail,9688213.05,17-01-2021
C04562,Ijeoma,Ezeh,Female,20-12-1977,Lekki,Lagos,Student,Retail,5106869.4,23-10-2020
C04563,Chinedu,Adeyemi,Male,04-11-1968,Awka,Anambra,Business Owner,Retail,5593819.5,23-04-2022
C04564,Musa,Balogun,Male,10-05-1966,Onitsha,Anambra,Business Owner,Retail,4555575.15,27-07-2021
C04565,Simisola,Ezeh,Female,23-03-1980,Abeokuta,Ogun,Student,SME,15610259.1,26-07-2021
C04566,Yusuf,Abiola,Male,08-10-1995,Lagos,Lagos,Retired,SME,8820153.3,06-02-2019
C04567,Wale,Obi,Male,20-12-1987,Enugu,Enugu,Student,Premium,11933732.7,10-06-2023
C04568,Wale,Nwosu,Male,25-12-1968,Kaduna,Kaduna,Business Owner,Wealth,15098944.5,07-01-2018
C04569,Femi,Nwosu,Male,07-11-1993,Nsukka,Enugu,Student,Retail,,22-08-2019
C04570,Hauwa,Nnaji,Female,03-05-1988,Ikeja,Lagos,Self Employed,Premium,5240746.5,23-10-2019
C04571,Wale,Danjuma,Male,18-10-1998,Enugu,Enugu,Business Owner,Premium,13236489.15,15-10-2019
C04572,Adewale,Adesanya,Male,11-09-1960,Asaba,Delta,Student,SME,4112513.1,16-07-2020
C04573,Bayo,Ogundipe,Male,09/20/1965,Abeokuta,Ogun,Retired,Retail,7203239.4,17-05-2019
C04574,Ijeoma,Nwankwo,Female,1998-10-09,Asaba,Delta,Business Owner,Retail,8606891.55,17-02-2020
C04575,Tobi,Nnaji,Male,10/24/2002,Nsukka,Enugu,Self Employed,Premium,23778642.9,08-03-2021
C04576,Damilare,Eze,Male,23-08-2003,Lekki,Lagos,,Retail,7360609.95,27-07-2025
C04577,Oluwaseun,Ogundipe,Male,05-05-1971,Nsukka,Enugu,Retired,Retail,,27-03-2025
C04578,Musa,Ajayi,Male,25-12-2003,Warri,Delta,Civil Servant,Retail,4214684.7,17-05-2025
C04579,SEGUN,Yakubu,Male,16-11-2001,Zaria,Kaduna,Student,Corporate,9623735.55,02-05-2019
C04580,Segun,Danjuma,Male,1965-03-12,Port Harcourt,Rivers,Business Owner,Retail,5648077.65,02-04-2019
C04581,Ronke,Danjuma,Female,06-11-1992,Lekki,Lagos,Self Employed,Retail,4263495.3,02-06-2018
C04582,Amara,Nwachukwu,Female,19-10-1984,Jos,Plateau   ,Student,Premium,19405550.7,07-09-2023
C04583,Maryam,Chukwu,Female,02/14/1982,Lekki,Lagos,Business Owner,Retail,2987643.6,27-03-2018
C04584,Tobi,Mohammed,Male,13-08-1989,Port Harcourt,Rivers,Business Owner,Retail,7934028.75,2023-04-15
C04585,Adaobi,Nwosu,Female,01/02/1965,Uyo,Akwa Ibom,Business Owner,Retail,5527939.2,06-09-2020
C04586,Adaeze,Olawale,Female,08-11-1990,Lekki,Lagos,Business Owner,Retail,12270358.8,22-08-2023
C04587,Abubakar,Nwankwo,Male,28-04-1984,Warri,Delta,Self Employed,Retail,4585166.55,26-07-2022
C04588,Femi,Nwosu,Male,11-03-1990,Nsukka,Enugu,Freelancer,SME,3780000.0,21-12-2018
C04589,Nkechi,Okoro,Female,07/05/1969,Ikeja,Lagos,Self Employed,Retail,15001858.95,17-09-2019
C04590,Ijeoma,Garba,Female,10-06-1970,Lekki,Lagos,Student,SME,14266273.8,30-06-2020
C04591,Wale,Garba,MALE,03-10-1987,Warri,Delta,Student,Retail,4721027.7,10/17/2021
C04592,Emeka,Sanni,Male,28-12-1982,Enugu,Enugu,Self Employed,SME,6225335.55,04-08-2022
C04593,Patience,Garba,Female,16-02-1984,Kaduna,Kaduna,Self Employed,Retail,6267972.3,08-08-2019
C04594,Fatima,Umeh,Female,12/02/1970,Awka,Anambra,Retired,Retail,9507810.6,17-01-2023
C04595,Ronke,Okonkwo,Female,1963-07-09,Calabar,Cross River,Self Employed,Retail,2997654.15,11-10-2018
C04596,Amara,Balogun,Female,04-01-1987,Asaba,Delta,Self Employed,Retail,10164306.6,12-01-2019
C04597,Olamide,Musa,Male,22-12-2000,Asaba,Delta,Freelancer,Retail,9849656.55,12/05/2020
C04598,Chinedu,Adesanya,Male,20-08-2000,Nsukka,Enugu,Retired,Wealth,8325521.1,28-09-2023
C04599,Titi,Ekwueme,Female,23-09-1981,Enugu,Enugu,Business Owner,Corporate,13194804.75,15-11-2024
C04600,Tobi,Garba,Male,25-10-1996,Jos,Plateau,Freelancer,Corporate,14333825.55,07-07-2024
C04601,Bukola,Chukwu,Female,13-04-1979,Ikeja,Lagos,Freelancer,Retail,10064977.5,03-12-2023
C04602,Yakubu,Ibrahim,Male,15-12-1963,Onitsha,Anambra,Business Owner,Retail,8382860.25,10-08-2020
C04603,Aisha,Obi,Female,11-02-1992,Ikeja,Lagos,Business Owner,Retail,,20-03-2019
C04604,Damilare,Aliyu,Male,22-04-1998,Asaba,Delta,Student,SME,5927990.4,09-10-2021
C04605,Halima,Eze,Female,04-08-1973,Abeokuta,Ogun,Civil Servant,Retail,4814114.1,04/10/2024
C04606,Bayo,Chukwuma,M,02-08-1982,Kaduna,Kaduna,Business Owner,Retail,9233268.6,30-06-2021
C04607,Chukwuemeka,Nnaji,Male,20-02-1977,Ogbomoso,Oyo,Freelancer,Wealth,9485415.45,23-08-2018
C04608,Ronke,Adebayo,Female,11-08-1987,Nsukka,Enugu,Salaried,Retail,8481061.65,18-10-2018
C04609,Chukwudi,Ogundipe,Male,27-02-1989,Warri,Delta,Retired,Retail,3696337.65,27-02-2023
C04610,Maryam,Okoro,Female,14-05-1993,Asaba,Delta,Self Employed,SME,11254257.9,22-02-2025
C04611,Adewale,Adekunle,Male,26-10-1986,Asaba,Delta,Civil Servant,Retail,5565051.9,26-06-2018
C04612,Temitope,Ibrahim,F,1985-11-20,Lagos,Lagos,Civil Servant,SME,16285789.65,16-09-2018
C04613,Ayodele,Okonkwo,M,12-03-1973,Zaria,Kaduna,Student,Premium,16066917.3,20-01-2019
C04614,Uche,Adeyemi,Male,26-06-1993,Lagos,Lagos,Salaried,Retail,,06-09-2019
C04615,Godwin,Adekunle,Male,04-12-1968,Port Harcourt,Rivers,Business Owner,Retail,3736624.05,28-01-2019
C04616,Chidi,Nwankwo,Male,25-02-1967,Ikeja,Lagos,,SME,9734201.55,22-02-2026
C04617,Segun,Obi,Male,26-01-1967,Lekki,Lagos,Civil Servant,Retail,6062501.25,27-03-2019
C04618,Ifeanyi,Nwosu,Male,03-05-1999,Awka,Anambra,Retired,Retail,23939247.0,06-09-2019
C04619,Nnamdi,Abiola,Male,19-02-1983,Port Harcourt,Rivers,Salaried,Retail,6706643.4,15-09-2018
C04620,Bukola,Ekwueme,Female,27-03-1961,Kaduna,Kaduna,Freelancer,Retail,7566315.75,04-10-2019
C04621,Nnamdi,Yusuf,Male,26-11-1993,Warri,Delta,Business Owner,Retail,2920717.8,19-10-2025
C04622,Nkechi,Ekwueme,Female,27-10-1982,Jos,Plateau,Self Employed,Wealth,23484264.3,19-07-2020
C04623,Aliyu,Ajayi,Male,21-08-2002,Asaba,Delta,Civil Servant,Retail,6676042.5,26-09-2019
C04624,Omolara,Bello,Female,23-02-1985,Lagos,Lagos,Student,Retail,9208673.7,09-10-2022
C04625,Ifeoma,Eze,Female,17-05-1977,Jos,Plateau,Self Employed,SME,3780000.0,23-11-2024
C04626,Obinna,Ogunleye,Male,20-05-1962,Ikeja,Lagos,Retired,Retail,5567091.75,30-03-2022
C04627,Zainab,Ezeh,Female,26-03-2000,Ikeja,Lagos,Freelancer,Premium,7578256.05,12-07-2023
C04628,Simisola,Musa,Female,27-05-1986,Asaba,Delta,Freelancer,Wealth,15994875.15,01-06-2021
C04629,Damilare,Afolabi,Male,15-08-1982,Ogbomoso,Oyo,Business Owner,Premium,4860000.0,20-03-2020
C04630,Yusuf,Afolabi,MALE,17-08-1970,Benin City,Edo,Self Employed,Corporate,16658434.35,03-04-2023
C04631,Ngozi,Onyekachi,Female,09-06-1987,Ibadan,Oyo,Student,Corporate,15279963.6,21-09-2025
C04632,Segun,Abiola,Male,09-11-1981,Awka,Anambra,Freelancer,Premium,4860000.0,15-02-2019
C04633,Segun,Olawale,Male,14-07-1974,Awka,Anambra,Self Employed,Retail,4203352.05,30-11-2021
C04634,Grace,Yakubu,Female,26-09-1986,Ibadan,Oyo,Freelancer,Retail,9420665.1,18-02-2022
C04635,Adewale,Okonkwo,Male,05-11-1998,Awka,Anambra,Self Employed,Premium,27554343.45,16-02-2025
C04636,Damilare,Ibe,Male,03-07-2000,Jos,Plateau,Salaried,Corporate,7795244.85,26-06-2021
C04637,Aliyu,Okafor,Male,12-02-1967,Warri,Delta,Salaried,Corporate,15714272.7,19-12-2021
C04638,Titi,Ibrahim,Female,06-05-1999,Enugu,Enugu,Salaried,Retail,2973384.15,20-06-2024
C04639,Ifeanyi,Aliyu,Male,20-04-1984,Warri,Delta,Salaried,Retail,7578931.35,27-02-2022
C04640,Ikechukwu,Ogundipe,Male,11/20/1962,Warri,Delta,Self Employed,Premium,13207018.35,25-02-2023
C04641,Folake,Chukwu,Female,25-03-1974,Kaduna,Kaduna,Freelancer,Retail,5457895.35,19-08-2022
C04642,Emeka,Okonkwo,Male,1995-01-27,Nsukka,Enugu,Business Owner,Premium,19726333.95,06-10-2020
C04643,Yakubu,Fashola,Male,11-08-1963,Warri,Delta,Business Owner,Retail,13020641.1,22-03-2019
C04644,Adaeze,Okonkwo,F,24-07-1971,Benin City,Edo,Freelancer,SME,5964867.15,12-04-2022
C04645,Amara,Adebayo,Female,17-04-1978,Asaba,Delta,Student,Corporate,46426595.85,15-05-2021
C04646,Chiamaka,Ekwueme,Female,24-09-2004,Port Harcourt,Rivers,Freelancer,Premium,9247422.0,04/28/2023
C04647,Folake,Ibe,Female,26-09-1975,Benin City,Edo,Self Employed,Premium,11752690.2,23-04-2025
C04648,Omolara,Nnaji,Female,15-10-1981,Awka,Anambra,Business Owner,SME,10563683.7,13-11-2021
C04649,Segun,adekunle,Male,21-12-1961,Awka,Anambra,Civil Servant,SME,3780000.0,23-04-2023
C04650,Zainab,Fashola,Female,1993-06-26,Jos,Plateau,Student,Retail,2700000.0,21-11-2025
C04651,Obinna,Okoro,Male,13-07-1994,Abuja,FCT,Retired,SME,20476469.85,18-10-2021
C04652,Sunday,Ogundipe,Male,24-01-1960,Enugu,Enugu,Retired,Premium,35092554.45,02-10-2021
C04653,Yusuf,Abiola,Male,13-06-2000,Abeokuta,Ogun,Self Employed,Premium,9378186.75,09-01-2022
C04654,Abubakar,Ibe,Male,17-06-1979,Abeokuta,Ogun,Civil Servant,Premium,11823496.35,28-12-2022
C04655,Tunde,Ekwueme,Male,08-08-1967,Uyo,Akwa Ibom,Civil Servant,Premium,10192834.5,11-10-2021
C04656,Musa,Suleiman,Male,07/19/1981,Warri,Delta,Student,Retail,3933067.65,08-10-2018
C04657,Tunde,Nwosu,Male,1980-11-20,Enugu,Enugu,Civil Servant,Retail,20525353.2,03-12-2021
C04658,Rukayat,Bello,Female,11-03-1994,Benin City,Edo,Self Employed,Retail,9950777.25,07/20/2025
C04659,Rukayat,Garba,F,03-07-1967,Nsukka,Enugu,Retired,Corporate,6887419.8,16-04-2021
C04660,Bayo,Suleiman,Male,16-12-2002,Port Harcourt,Rivers,Salaried,Retail,4099237.95,09-10-2025
C04661,Fatima,Onyekachi,Female,12-12-1988,Lekki,Lagos,Freelancer,Retail,4988424.9,10-06-2022
C04662,Godwin,Chukwu,Male,28-10-1981,Zaria,Kaduna,Civil Servant,Retail,3804219.6,10-12-2018
C04663,Funmilayo,Balogun,Female,25-07-1980,Warri,Delta,Freelancer,Premium,12652351.8,28-05-2019
C04664,Ijeoma,Chukwuma,Female,13-01-1993,  Asaba,Delta,Self Employed,Premium,8788185.45,16-08-2019
C04665,Chioma,Suleiman,Female,14-02-2002,Abuja,FCT,Freelancer,SME,8248004.55,11-09-2020
C04666,Omolara,Nwachukwu,Female,03-08-1992,Abuja,FCT,Self Employed,Premium,9051138.45,02-05-2018
C04667,Comfort,Bello,Female,10-11-1989,Lagos,Lagos,,Corporate,51223138.5,12-05-2019
C04668,Tunde,Aliyu,Male,27-12-1986,Awka,Anambra,Self Employed,Corporate,29285208.75,18-12-2019
C04669,Aisha,Ajayi,Female,23-04-1974,Uyo,Akwa Ibom,Student,Retail,2983682.55,17-08-2018
C04670,Yetunde,Ekwueme,Female,27-03-1963,Jos,Plateau,Civil Servant,SME,6995581.5,03-05-2022
C04671,Chiamaka,Nnaji,Female,12-11-2001,Lekki,Lagos,Business Owner,Retail,2700000.0,18-11-2021
C04672,Wale,Adesanya,Male,25-07-1968,Nsukka,Enugu,Self Employed,Wealth,19418731.2,17-07-2025
C04673,Abubakar,Danjuma,Male,25-11-1960,Benin City,Edo,Business Owner,SME,5582489.25,16-07-2024
C04674,Amaka,Garba,FEMALE,01-01-1963,Ibadan,Oyo,Civil Servant,SME,10869794.25,07-05-2022
C04675,Zainab,Ibe,Female,04-09-1993,Nsukka,Enugu,Salaried,Premium,19223393.85,08-05-2024
C04676,Ngozi,Adebayo,Female,19-10-1992,  Asaba,Delta,Retired,SME,13678332.6,11-06-2019
C04677,Maryam,Okonkwo,Female,01-06-1986,Asaba,Delta,Student,Retail,6805567.5,02-02-2018
C04678,Godwin,Nwosu,Male,17-01-1992,Asaba,Delta,Student,Retail,4622877.15,22-06-2019
C04679,Maryam,Aliyu,Female,11-02-1998,Awka,Anambra,Student,Retail,6785939.7,12-10-2021
C04680,Aisha,Adesanya,Female,07-08-1991,Warri,Delta,Retired,Retail,,04-10-2020
C04681,Ngozi,Nwosu,Female,05-06-1975,Asaba,Delta,Business Owner,Premium,20520634.8,01-12-2024
C04682,IFEOMA,Okoro,Female,22-07-1991,Enugu,Enugu,Student,Retail,,08-01-2025
C04683,Halima,Adebayo,Female,07-07-1967,Onitsha,Anambra,Retired,Premium,11042454.3,10-10-2025
C04684,Oluwaseun,Bello,Male,18-03-1986,Nsukka,Enugu,Self Employed,Retail,5106315.75,06-03-2021
C04685,Precious,Garba,Female,16-12-1960,Ibadan,Oyo,Student,Retail,11695566.15,20-05-2021
C04686,Tobi,Chukwuma,Male,11-12-1987,Awka,Anambra,Retired,Retail,5056765.8,03-04-2024
C04687,Yakubu,Yusuf,Male,11-03-1966,Abeokuta,Ogun,Business Owner,SME,10874358.15,26-08-2018
C04688,Halima,Adeyemi,Female,03-06-1964,Nsukka,Enugu,Business Owner,Retail,,10-10-2025
C04689,Adaeze,nwachukwu,Female,14-10-1999,Ogbomoso,Oyo,Student,Premium,7101619.05,17-11-2018
C04690,Zainab,Afolabi,Female,06-02-1979,Enugu,Enugu,Salaried,Retail,2700000.0,15-04-2018
C04691,Ngozi,Fashola,Female,27-08-1983,Ogbomoso,Oyo,Student,SME,13590425.25,2022-02-10
C04692,Oluwaseun,Okoro,Male,25-12-1970,Ogbomoso,Oyo,,Retail,5719035.6,20-03-2022
C04693,Sunday,Okafor,Male,15-08-2003,Jos,Plateau,Retired,Retail,7113606.15,01-02-2020
C04694,Chukwudi,Ogundipe,Male,22-04-1960,Ikeja,Lagos,Student,SME,5300948.1,03-09-2025
C04695,BISI,Fashola,Female,04/22/1991,Asaba,Delta,Salaried,Premium,5552865.9,17-08-2023
C04696,Chiamaka,Adebayo,Female,26-09-1990,Benin City,Edo,Business Owner,Retail,11739948.45,13-08-2023
C04697,Oluwaseun,Ajayi,Male,1999-12-12,Kaduna,Kaduna,Student,Retail,7214319.0,30-09-2024
C04698,Adewale,Mohammed,Male ,21-02-1986,Awka,Anambra,Freelancer,SME,4736627.55,18-01-2026
C04699,Femi,Afolabi,Male,01-02-1982,Lekki,Lagos,Student,Retail,17619522.9,09-07-2025
C04700,Rukayat,Nwosu,Female,17-07-1985,Zaria,Kaduna,Self Employed,SME,10440152.1,14-03-2018
C04701,Olamide,Balogun,Male,13-03-1974,Lagos,Lagos,Business Owner,SME,5954456.1,20-01-2019
C04702,Emeka,Okonkwo,Male,02-03-1977,Asaba,Delta,Business Owner,Corporate,30909048.75,30-12-2019
C04703,Emmanuel,Musa,Male,12-10-1978,Lekki,Lagos,Retired,Retail,8833718.55,12-01-2021
C04704,Temitope,Abiola,Female,19-12-1970,Lekki,Lagos,Student,Retail,5040594.3,14-10-2018
C04705,Amaka,Ajayi,Female,15-10-2004,Port Harcourt,Rivers,Business Owner,Retail,,28-01-2025
C04706,Maryam,Ibe,Female,09-02-1985,Onitsha,Anambra,Self Employed,Premium,34218954.9,29-09-2018
C04707,Kayode,Umeh,Male,17-01-1963,Abeokuta,Ogun,Business Owner,Corporate,15750247.65,02-03-2019
C04708,Emmanuel,Onyekachi,Male,13-04-1962,  Jos,Plateau,Salaried,Premium,8046816.15,17-04-2020
C04709,Ifeoma,Eze,Female,10-03-2000,Awka,Anambra,Student,Retail,12680659.95,2019-10-28
C04710,Chidi,Adebayo,Male,20-08-1990,Warri,Delta,Civil Servant,SME,16337988.0,24-05-2018
C04711,Segun,Chukwuma,Male,16-03-1991,Asaba,Delta,Student,SME,9725197.2,12-10-2021
C04712,Hauwa,Ekwueme,Female,19-11-1991,Lagos,Lagos,Salaried,Retail,11205775.05,24-12-2024
C04713,Nkechi,Olawale,Female,21-11-2004,Ogbomoso,Oyo,Business Owner,Retail,7875879.0,07-06-2023
C04714,Bayo,Ezeh,Male,23-06-1987,  Ikeja,Lagos,Student,Retail,14878855.05,27-09-2023
C04715,Chinedu,Mohammed,Male,08/15/2004,Uyo,Akwa Ibom,Freelancer,Retail,13037626.35,2025-05-09
C04716,Uche,Nwosu,Male,13-08-1965,Abuja,FCT,Civil Servant,Premium,11234409.15,05-06-2019
C04717,Olamide,Okafor,Male,2001-08-19,Abeokuta,Ogun,Student,SME,24865620.15,03-09-2023
C04718,Ngozi,Bello,Female,23-01-1972,Awka,Anambra,Business Owner,Wealth,11124725.85,02-10-2022
C04719,Titi,Ogundipe,Female,24-05-1996,Onitsha,Anambra,Retired,Premium,33630027.6,21-04-2025
C04720,Ibrahim,Aliyu,Male,12/09/1991,Zaria,Kaduna,Self Employed,Premium,8399955.15,29-03-2022
C04721,Maryam,Ajayi,Female,16-09-1985,Calabar,Cross River   ,Business Owner,Retail,9228067.2,04-09-2021
C04722,Aliyu,Adebayo,Male,11-07-2004,Kaduna,Kaduna,Civil Servant,Retail,7349420.85,01-09-2023
C04723,Yakubu,Ezeh,Male,03/05/1974,Asaba,Delta,Self Employed,Retail,13597127.7,23-09-2022
C04724,Emeka,Obi,Male,23-04-1979,Ibadan,Oyo,Civil Servant,Corporate,9118947.75,19-03-2021
C04725,Adaeze,Ezeh,Female,14-11-1969,Lekki,Lagos,Salaried,Retail,2700000.0,05-04-2020
C04726,Adaeze,Chukwuma,Female,17-11-1969,Calabar,Cross River,Business Owner,Retail,4063483.2,09-04-2019
C04727,Adewale,Nwachukwu,Male,08-10-2001,Jos,Plateau,Retired,Premium,27205613.85,04/11/2020
C04728,Rukayat,Adekunle,Female,24-04-1992,Enugu,Enugu,Retired,Retail,6070232.7,07-07-2024
C04729,Adewale,Ogunleye,Male,17-06-1969,Zaria,Kaduna,Student,Retail,5932585.05,28-11-2021
C04730,Olumide,Danjuma,Male,11-04-1969,Abeokuta,Ogun,Student,Retail,14722598.4,04-02-2024
C04731,Adanna,Nwosu,Female,21-12-1974,Kaduna,Kaduna,Retired,Retail,2700000.0,13-07-2022
C04732,Funmilayo,Balogun,Female,07-04-2002,Lagos,Lagos,Student,SME,24254690.1,23-09-2019
C04733,Comfort,ibe,Female,21-11-1986,Port Harcourt,Rivers,Student,Retail,9147503.7,25-12-2022
C04734,Chukwuemeka,Abiola,Male,22-08-1986,Calabar,Cross River,Business Owner,Premium,17235458.4,24-04-2025
C04735,Aliyu,Olawale,Male,14-05-1988,Lekki,Lagos,Business Owner,Retail,3937090.5,29-07-2019
C04736,Chidi,Nwankwo,Male,23-01-1967,Ibadan,Oyo,Retired,Retail,9537384.6,07-01-2024
C04737,Fatima,Suleiman,Female,20-02-1998,Benin City,Edo,Salaried,Retail,5758964.55,2022-06-28
C04738,Ronke,Adesanya,Female,08/06/1983,Enugu,Enugu,Self Employed,Retail,5915188.95,14-06-2022
C04739,Simisola,Adesanya,Female,01-01-1980,Zaria,Kaduna,Retired,Retail,7741541.7,03-02-2018
C04740,Uche,Nnaji,Male,10/26/1997,  Lagos,Lagos,Freelancer,,12165292.05,01-01-2021
C04741,Yetunde,Adebayo,Female,11-01-2004,Onitsha,Anambra,Business Owner,Retail,6674154.9,24-01-2021
C04742,Kayode,Bello,Male,08-06-1978,Enugu,Enugu,Student,Wealth,46269666.0,08-08-2023
C04743,TITI,Okonkwo,Female,15-11-1998,Lekki,Lagos,Freelancer,Retail,4514842.35,27-07-2025
C04744,Grace,Olawale,Female,1980-04-08,Warri,Delta,Freelancer,SME,8938939.2,25-11-2022
C04745,Nkechi,yakubu,Female,23-09-1975,Lekki,Lagos,Freelancer,Retail,5282553.0,31-08-2024
C04746,Femi,Okoro,Male ,07/17/1967,Lagos,Lagos,Salaried,SME,19184090.25,07-07-2022
C04747,Ayodele,Adeyemi,Male,03-11-1999,Abuja,FCT,Retired,Wealth,8100000.0,03-06-2025
C04748,Chukwuemeka,Adekunle,Male,09-05-1969,Abeokuta,Ogun,Salaried,Retail,12501503.25,05/28/2021
C04749,Temitope,Bello,Female,09-05-1999,Calabar,Cross River,Retired,,16267472.1,22-09-2024
C04750,Nkechi,Okoro,Female,1973-01-08,Nsukka,Enugu,Civil Servant,Premium,7885909.95,2021-12-01
C04751,Adaeze,Aliyu,Female,23-06-1998,Ogbomoso,Oyo,Business Owner,Retail,7725265.05,18-06-2018
C04752,Ibrahim,Nwosu,Male,03-02-2001,Zaria,Kaduna,Salaried,Retail,3747902.4,02-02-2021
C04753,Rukayat,Adeyemi,Female,15-09-1968,  Onitsha,Anambra,Self Employed,SME,18540069.0,01-09-2023
C04754,Blessing,Balogun,Female,25-01-1975,Lekki,Lagos,Salaried,Premium,12588941.7,05-08-2021
C04755,Bukola,Ibe,Female,07-09-1963,Ibadan,Oyo,Freelancer,Corporate,15795741.45,08-03-2026
C04756,Omolara,Ibe,Female,17-12-1982,Calabar,Cross River,Business Owner,Premium,7812219.45,05-03-2018
C04757,Ijeoma,Suleiman,FEMALE,27-09-1975,Abuja,FCT,Freelancer,Retail,15600763.35,30-07-2018
C04758,Tunde,Suleiman,Male,15-09-1976,Uyo,Akwa Ibom,Civil Servant,Retail,6376569.0,24-02-2026
C04759,Kayode,Ogunleye,Male,01-07-1983,Ikeja,Lagos,Freelancer,Premium,10648045.05,20-02-2026
C04760,Folake,Nwachukwu,Female,14-01-1981,Enugu,Enugu,Civil Servant,Retail,5492842.95,30-11-2021
C04761,Yakubu,Okoro,Male,28-09-1961,Abuja,FCT,Student,Retail,5316802.5,2024-06-04
C04762,Aliyu,nwachukwu,Male,20-02-1997,Enugu,Enugu,Freelancer,Retail,4407786.6,21-02-2020
C04763,Adewale,Musa,Male,23-02-1969,Onitsha,Anambra,Retired,Corporate,38574457.05,26-05-2019
C04764,Chukwuemeka,Ekwueme,Male,14-08-1968,Lagos,Lagos,Business Owner,SME,7369660.8,30-07-2025
C04765,Chidi,Garba,Male,04-02-1970,Enugu,Enugu,Self Employed,Retail,7567573.5,06/10/2023
C04766,Ibrahim,Nnaji,Male,1972-11-18,Jos,Plateau,Business Owner,Retail,3606880.2,24-02-2022
C04767,GODWIN,Chukwu,Male,18-08-1975,Abeokuta,Ogun,Freelancer,SME,13203965.25,11-01-2020
C04768,Yetunde,Adeyemi,Female,21-05-1988,Zaria,Kaduna,Student,Retail,5498196.45,17-12-2023
C04769,Omolara,Okoro,Female,18-06-2002,Ikeja,Lagos,Freelancer,Retail,3415196.7,31-05-2020
C04770,Ifeoma,Eze,Female,16-06-1967,Calabar,Cross River,Student,SME,5304692.25,23-01-2024
C04771,Femi,Yusuf,Male,02-11-1995,Asaba,Delta,Business Owner,Wealth,8100000.0,13-12-2023
C04772,Kemi,Nwankwo,Female,22-06-1967,Zaria,Kaduna,Student,Corporate,26510851.95,23-07-2022
C04773,Kemi,Ogunleye,Female,11/20/1998,Warri,Delta,Student,Retail,13038468.0,06-01-2024
C04774,Sunday,Okoro,Male,28-05-1983,Calabar,Cross River,Student,Corporate,17939684.7,26-07-2023
C04775,Funmilayo,Nwankwo,Female,20-06-1987,Ogbomoso,Oyo,Business Owner,Premium,8432464.8,28-06-2019
C04776,Omolara,Nwosu,Female,27-02-1995,Enugu,Enugu,Retired,Retail,3940234.8,31-03-2025
C04777,Kemi,Adebayo,Female,13-11-1993,Asaba,Delta,Self Employed,Retail,5831395.8,27-12-2025
C04778,Damilare,Okonkwo,Male,22-01-1994,Onitsha,Anambra,Salaried,Retail,4901108.85,07-08-2025
C04779,Precious,Adebayo,Female,04-07-1982,Nsukka,Enugu,Business Owner,SME,4884127.65,12-02-2023
C04780,Patience,Chukwu,Female,06-08-1972,Lekki,Lagos,Student,Corporate,7398210.3,11/08/2018
C04781,Ijeoma,Adesanya,Female,18-07-2004,Abuja,FCT,Freelancer,Retail,3459512.55,18-03-2020
C04782,Blessing,Mohammed,Female,23-11-1973,Asaba,Delta,Business Owner,Corporate,26076024.45,05-01-2023
C04783,Patience,Chukwu,Female,07-08-1961,Benin City,Edo,Student,Premium,4929560.1,30-10-2021
C04784,Damilare,Okafor,Male,19-10-1991,Jos,Plateau,Retired,SME,6653905.05,2021-07-19
C04785,Amara,Nwosu,Female,03-06-1981,Benin City,Edo,Civil Servant,Premium,12223611.45,01-10-2018
C04786,Kelechi,Chukwu,Male,15-11-1965,Ogbomoso,Oyo,Business Owner,Retail,17024396.4,07-06-2021
C04787,Nkechi,Yusuf,Female,16-04-1973,Onitsha,Anambra,Retired,Premium,10047971.1,27-01-2019
C04788,Adaeze,Fashola,Female,04-11-1987,Benin City,Edo,Retired,Retail,5076961.2,11-01-2021
C04789,Femi,Chukwuma,Male,07-02-1999,Lagos,Lagos,Student,Retail,8498575.65,01-04-2019
C04790,Omolara,Yakubu,Female,21-08-1983,Lekki,Lagos,Business Owner,,2700000.0,20-12-2023
C04791,Fatima,Ibe,Female,28-08-1994,Nsukka,Enugu,Student,Retail,18858252.45,23-02-2026
C04792,Amara,Chukwuma,Female,18-01-1993,Warri,Delta,Retired,Retail,14386680.45,28-07-2019
C04793,Chioma,Ibrahim,Female,21-04-1970,Jos,Plateau,Freelancer,SME,20071910.7,27-04-2022
C04794,Blessing,Ekwueme,Female,01-06-1976,Benin City,Edo,Freelancer,Retail,8496571.5,12-02-2026
C04795,Obinna,Garba,Male,20-10-2003,Asaba,Delta,Salaried,Retail,2960809.35,28-12-2019
C04796,Nkechi,Afolabi,Female,2000-07-08,Kaduna,Kaduna,Retired,Premium,8196326.55,20-08-2021
C04797,Precious,Musa,Female,05-04-1976,Ikeja,Lagos,Student,SME,8299862.55,15-08-2020
C04798,Adanna,Sanni,Female,27-06-1973,Uyo,Akwa Ibom,Retired,Retail,4278838.05,23-04-2020
C04799,Obinna,Danjuma,Male,19-04-1982,Ikeja,Lagos,Freelancer,Retail,4354963.65,21-05-2025
C04800,Emmanuel,Obi,Male,14-10-1999,Uyo,Akwa Ibom,Retired,Retail,5412394.5,19-04-2024
C04801,Ifeanyi,Nnaji,Male ,15-03-1989,Abuja,FCT,Student,Retail,3386526.75,06-04-2021
C04802,Ifeanyi,Okoro,Male,20-10-1964,Warri,Delta,Freelancer,SME,12994795.65,03-10-2019
C04803,Abubakar,Nwachukwu,Male,14-03-1978,Uyo,Akwa Ibom,Self Employed,Retail,5548600.2,15-02-2020
C04804,Adaeze,Mohammed,Female,12-04-1976,Zaria,Kaduna,Retired,SME,12150646.35,16-05-2021
C04805,Adanna,Abiola,Female,06-10-1995,Uyo,Akwa Ibom,Self Employed,Retail,2995437.45,09-09-2024
C04806,Fatima,Afolabi,Female,15-08-1999,Benin City,Edo,Student,Retail,5765845.65,06-04-2020
C04807,Kayode,Fashola,Male,16-07-1972,Calabar,Cross River,Civil Servant,Retail,5094734.4,18-11-2019
C04808,Ifeoma,Uzoma,Female,08-02-2000,Port Harcourt,Rivers,Self Employed,Retail,15034122.75,10-03-2025
C04809,Bisi,Chukwu,Female,10-02-1971,Benin City,Edo,Student,Retail,7052913.45,27-03-2021
C04810,Suleiman,Okoro,Male,23-09-1992,Lekki,Lagos,Business Owner,Premium,31717538.25,10-09-2019
C04811,Musa,Adekunle,Male,02-04-1978,Uyo,Akwa Ibom,Salaried,Premium,7685677.5,12-12-2021
C04812,Bukola,Okafor,Female,22-04-1991,Warri,Delta,Retired,Wealth,31896686.7,12-02-2026
C04813,Yetunde,Okafor,Female,26-10-2000,Lekki,Lagos,Student,Premium,9241402.05,08-03-2019
C04814,Emmanuel,Ibe,Male,22-01-1994,Lagos,Lagos,Self Employed,SME,19315361.1,03/25/2024
C04815,Nkechi,Fashola,Female,09-02-1976,Uyo,Akwa Ibom,Freelancer,Wealth,,07-06-2019
C04816,Bisi,Onyekachi,Female,05/11/1978,Asaba,Delta,Civil Servant,Retail,6402790.05,05-12-2024
C04817,Chukwudi,Adesanya,M,28-09-1991,Ibadan,Oyo,Freelancer,Retail,8523321.45,16-12-2021
C04818,Yusuf,Onyekachi,Male,06-04-1966,Abuja,FCT,Business Owner,Retail,5239226.55,26-12-2021
C04819,Emmanuel,Uzoma,Male,22-10-1986,Benin City,Edo,Civil Servant,Retail,4132708.5,24-05-2018
C04820,Blessing,Chukwu,Female,19-02-1988,Onitsha,Anambra,Business Owner,Retail,2700000.0,18-10-2021
C04821,Emmanuel,Adekunle,Male,24-09-1989,Port Harcourt,Rivers,Self Employed,Retail,7758582.6,12-09-2021
C04822,Bisi,Obi,Female,22-01-1978,Ogbomoso,Oyo,Salaried,Premium,14489788.35,28-05-2023
C04823,OLAMIDE,Bello,Male,19-08-1987,Calabar,Cross River,Retired,Wealth,23521012.2,31-03-2025
C04824,Sunday,Fashola,Male,10-10-2000,Asaba,Delta,Self Employed,Premium,30692122.8,18-08-2020
C04825,Chioma,Fashola,Female,22-12-1998,Warri,Delta,Self Employed,Retail,4894199.4,30-01-2023
C04826,Zainab,Balogun,Female,07-04-1981,Nsukka,Enugu,Student,Retail,6448165.95,2022-11-15
C04827,Adanna,Abiola,Female,12-09-1987,Zaria,Kaduna,Self Employed,SME,14282179.95,02-10-2018
C04828,Simisola,Onyekachi,Female,13-12-2002,Ikeja,Lagos,Freelancer,Retail,8551936.65,29-01-2022
C04829,Ikechukwu,Musa,Male,01-02-1972,Awka,Anambra,Freelancer,Retail,6239108.85,13-08-2019
C04830,Yetunde,Aliyu,Female,14-10-1981,Jos,Plateau,Retired,Retail,15901407.3,23-01-2023
C04831,Yusuf,Nwachukwu,Male,28-06-1972,Abuja,FCT,Freelancer,Retail,4455850.65,20-02-2019
C04832,Adewale,Olawale,Male,28-12-1982,Abeokuta,Ogun,Retired,Wealth,20880259.2,02-07-2018
C04833,Obinna,Suleiman,Male,19-11-1963,Benin City,Edo,,SME,19982885.4,24-05-2019
C04834,Chukwuemeka,Chukwu,Male,01-05-1966,Awka,Anambra,Freelancer,Retail,3506256.3,26-12-2020
C04835,Bisi,Eze,Female,23-05-2000,Kaduna,Kaduna,Civil Servant,Retail,7786735.95,19-01-2020
C04836,Uche,Chukwuma,Male,15-05-1986,Abeokuta,Ogun,Business Owner,Retail,11892554.55,26-10-2021
C04837,Bukola,Ezeh,Female,13-12-1998,Nsukka,Enugu,Business Owner,Retail,5084225.1,09-12-2025
C04838,Simisola,Ibrahim,Female,22-06-1968,Benin City,Edo,Freelancer,Retail,8313019.05,31-01-2020
C04839,Aliyu,Chukwu,Male,1987-09-28,Jos,Plateau,Self Employed,Retail,7654779.45,10-06-2021
C04840,Ikechukwu,Balogun,Male,09-02-1984,Ibadan,Oyo,Self Employed,SME,16414339.2,02-02-2018
C04841,Patience,abiola,Female,23-10-1989,Abuja,FCT,Retired,Retail,6119697.45,14-11-2018
C04842,Zainab,Eze,Female,21-06-1990,Warri,Delta,Retired,Retail,8503300.5,2023-04-26
C04843,Chiamaka,okoro,Female,02-07-1994,Lagos,Lagos,Self Employed,Retail,8614237.8,02/15/2022
C04844,Musa,Danjuma,Male,16-02-1989,Nsukka,Enugu,Salaried,Retail,8584993.8,28-03-2020
C04845,Damilare,Nwosu,Male,19-07-1981,Abeokuta,Ogun,Self Employed,SME,8050296.3,14-10-2018
C04846,Ayodele,Bello,Male,20-02-1982,Asaba,Delta,Self Employed,Retail,4614166.65,16-08-2022
C04847,Aliyu,Umeh,Male,12-02-1972,Ogbomoso,Oyo,Self Employed,Retail,3405807.0,14-03-2025
C04848,Ifeoma,Adebayo,Female,04-10-2004,Awka,Anambra,Student,Retail,5326619.1,26-07-2023
C04849,Chiamaka,Abiola,Female,10-07-1973,Warri,Delta,Self Employed,Retail,10697089.35,23-01-2020
C04850,Amara,Fashola,Female,2000-03-07,Zaria,Kaduna,Freelancer,Retail,,05-02-2020
C04851,Ikechukwu,Adebayo,MALE,19-10-1988,Abuja,FCT,Freelancer,Retail,5204509.8,25-06-2020
C04852,Yetunde,Danjuma,Female,22-02-1971,Uyo,Akwa Ibom,Business Owner,Premium,9461245.2,17-06-2018
C04853,Adewale,Umeh,Male,15-05-1979,  Port Harcourt,Rivers,Freelancer,Retail,5944526.55,08-01-2021
C04854,Oluwaseun,Sanni,Male,04-05-1967,Lekki,Lagos,Student,SME,11230363.05,03-05-2021
C04855,Chiamaka,Okoro,Female,24-03-1989,Abeokuta,Ogun,Self Employed,Retail,12755717.1,07-05-2022
C04856,Amara,Abiola,Female,21-09-1986,Kaduna,Kaduna,Student,SME,6175419.0,22-01-2025
C04857,Ijeoma,Afolabi,Female,1984-10-17,Abeokuta,Ogun,Retired,Retail,4003976.85,16-04-2024
C04858,Temitope,Onyekachi,Female,27-02-1968,Calabar,Cross River,Salaried,,8994202.05,04/29/2021
C04859,Folake,Sanni,Female,04-10-1978,Abuja,FCT,Civil Servant,SME,7590758.7,31-08-2022
C04860,Adaeze,Nnaji,Female,10-09-1973,Ikeja,Lagos,Retired,Premium,7027175.85,24-01-2020
C04861,Nkechi,Nnaji,Female,19-08-1992,Abeokuta,Ogun,Student,Retail,5823044.85,14-10-2018
C04862,Aliyu,Olawale,Male,20-03-1999,Uyo,Akwa Ibom,Retired,SME,5709194.55,2023-08-30
C04863,Olamide,Ajayi,Male,19-07-1962,Onitsha,Anambra,Salaried,Retail,9482973.6,24-01-2020
C04864,Precious,Garba,Female,07-08-1968,Ikeja,Lagos,Freelancer,Retail,9663804.15,06-06-2024
C04865,Chukwudi,Fashola,Male,23-02-2004,Onitsha,Anambra,Self Employed,Premium,13243974.15,17-03-2020
C04866,Rukayat,Ezeh,Female,04/12/1973,Ikeja,Lagos,Salaried,Corporate,9538913.4,09-03-2019
C04867,Adaeze,Garba,Female,25-11-1975,Asaba,Delta,Retired,Wealth,27660033.45,07-10-2019
C04868,Grace,Nwosu,Female,13-08-1995,Jos,Plateau,Student,Wealth,21321157.05,09-09-2021
C04869,Ikechukwu,Chukwuma,Male,22-05-1979,Asaba,Delta,Student,Retail,6721732.35,28-09-2019
C04870,Wale,Okafor,Male,03-09-1984,Lagos,Lagos,Retired,Retail,19317955.2,03-09-2023
C04871,Precious,Suleiman,Female,1969-01-06,Jos,Plateau,Self Employed,SME,9421943.1,2025-04-03
C04872,Aisha,Suleiman,Female ,02/10/1997,Nsukka,Enugu,Retired,SME,10967912.1,08-08-2022
C04873,Rukayat,sanni,Female,21-01-1972,Enugu,Enugu,Business Owner,Retail,17948620.05,06-09-2020
C04874,Godwin,Balogun,Male,27-02-1988,Abeokuta,Ogun,Freelancer,SME,4551653.25,01-11-2023
C04875,Musa,Adebayo,Male,25-05-2001,Benin City,Edo,Freelancer,SME,14911982.4,01-08-2022
C04876,Olumide,Nwachukwu,Male,17-01-1977,Abeokuta,Ogun,Self Employed,Corporate,17593320.75,2023-07-01
C04877,Chidi,Balogun,Male,23-08-1980,Lagos,Lagos,Student,Premium,7046177.25,07-03-2026
C04878,Precious,Chukwu,Female,04-05-1998,Onitsha,Anambra,Self Employed,,17015041.95,13-07-2021
C04879,Nkechi,ogunleye,Female,02/26/1993,Kaduna,Kaduna,,Retail,2700000.0,30-01-2021
C04880,Damilare,Adesanya,Male,06-04-1966,Kaduna,Kaduna,Retired,Premium,20582310.6,11-04-2025
C04881,Kelechi,Ekwueme,Male,09/25/1981,Asaba,Delta,Civil Servant,SME,27506884.05,06-08-2018
C04882,Ifeoma,Chukwuma,Female,02-07-1978,Asaba,Delta,Retired,Retail,9886995.45,30-10-2019
C04883,Bayo,Fashola,Male,04-01-1997,Zaria,Kaduna,Business Owner,Corporate,37484037.0,23-10-2022
C04884,Ibrahim,Adekunle,Male,16-07-1965,Enugu,Enugu,Student,SME,8278495.95,06-12-2023
C04885,Chinedu,Yakubu,Male,28-05-1995,Calabar,Cross River,Retired,Retail,22518945.45,25-03-2020
C04886,Comfort,ezeh,Female,05/16/1974,Calabar,Cross River,Student,Premium,11297571.6,10-08-2020
C04887,Wale,Fashola,Male,01-09-2000,Lagos,Lagos,Freelancer,Retail,8755593.15,05-05-2021
C04888,Patience,Abiola,Female,21-05-1971,Zaria,Kaduna,Self Employed,SME,13255838.55,04-09-2021
C04889,Yusuf,Ezeh,Male,04/10/1986,Lekki,Lagos,Self Employed,Premium,10847945.85,07-02-2021
C04890,Bayo,Okonkwo,Male,09-01-1960,Uyo,Akwa Ibom,Salaried,Retail,4516400.25,2022-12-21
C04891,Titi,Fashola,Female,16-02-1984,Ibadan,Oyo,Student,Retail,8220948.6,27-06-2021
C04892,Godwin,Aliyu,Male,26-03-2003,Calabar,Cross River,Retired,Premium,11677847.7,09-03-2019
C04893,Emeka,Obi,Male,1984-10-13,Calabar,Cross River,Business Owner,Premium,8341892.7,24-02-2022
C04894,Emeka,Garba,Male,16-05-1969,Jos,Plateau,Salaried,Corporate,22863866.85,06-12-2025
C04895,Bayo,Nwachukwu,Male,01-07-1964,Lekki,Lagos,Retired,Wealth,,28-04-2018
C04896,Obinna,Nwachukwu,Male,23-01-1988,Warri,Delta,Student,SME,6166768.65,04-07-2019
C04897,Maryam,Onyekachi,Female,26-09-2004,Asaba,Delta,Freelancer,Retail,7088052.6,26-01-2026
C04898,Chiamaka,Ibrahim,Female,02-08-1979,Ikeja,Lagos,Freelancer,Corporate,8410302.15,13-02-2021
C04899,Damilare,Ogundipe,Male,11-07-2003,Asaba,Delta,Civil Servant,Retail,6102490.05,29-07-2019
C04900,Godwin,Adebayo,Male,04-01-1991,Ikeja,Lagos,Business Owner,Retail,10749240.0,22-05-2024
C04901,Bukola,Okoro,Female,19-11-1991,Ogbomoso,Oyo,Student,SME,3780000.0,21-09-2022
C04902,Olumide,Yusuf,Male,23-01-1982,Warri,Delta,Retired,Premium,15686423.25,08-09-2022
C04903,Adaeze,Garba,Female,22-07-1992,Warri,Delta,Self Employed,Corporate,21202954.8,21-02-2021
C04904,Tobi,afolabi,Male,20-10-1970,Port Harcourt,Rivers,Freelancer,SME,18701053.95,26-09-2025
C04905,Musa,Mohammed,Male,08-12-1964,Lagos,Lagos,Business Owner,Retail,7944961.65,31-01-2018
C04906,Nnamdi,Ogunleye,Male,27-08-1975,Ikeja,Lagos,Civil Servant,SME,7514712.3,30-05-2021
C04907,Segun,Eze,Male,11-07-1981,Ikeja,Lagos,Freelancer,Corporate,8745864.6,14-09-2024
C04908,Ayodele,Musa,Male,20-06-1999,Ikeja,Lagos,Business Owner,Retail,9128964.0,21-05-2022
C04909,Suleiman,Fashola,Male,28-10-1985,Nsukka,Enugu,Retired,Retail,8193609.9,17-09-2022
C04910,Blessing,Ibe,Female,07-09-1993,Benin City,Edo,Freelancer,Retail,2700000.0,05-03-2020
C04911,Simisola,Bello,Female,16-11-1988,Ibadan,Oyo,Freelancer,SME,8038726.05,21-08-2025
C04912,Grace,Okoro,Female,26-11-1979,Lekki,Lagos   ,Retired,Retail,5881379.25,08-02-2024
C04913,Halima,Uzoma,Female,09-11-2002,Warri,Delta,Salaried,Retail,3993674.25,21-01-2022
C04914,Ifeanyi,Fashola,Male,11-08-1994,Ikeja,Lagos,Retired,SME,4345643.25,02-02-2026
C04915,Ayodele,Musa,Male,27-11-1994,Calabar,Cross River,Salaried,SME,3780000.0,13-07-2020
C04916,Adewale,Adekunle,Male,07-10-1967,Lekki,Lagos,Business Owner,Retail,10192442.4,10-03-2018
C04917,Amaka,Yakubu,Female,1984-03-10,Awka,Anambra,Self Employed,Retail,5343516.45,02-06-2020
C04918,Segun,Eze,Male,03/16/2002,Ogbomoso,Oyo,Business Owner,SME,5600413.5,28-07-2021
C04919,Aliyu,Nwachukwu,Male,21-07-1979,Awka,Anambra,Freelancer,Retail,9716532.15,22-06-2018
C04920,Uche,Aliyu,Male,20-05-1980,Abuja,FCT,Student,Retail,5713080.15,2024-05-08
C04921,Blessing,Okoro,Female,03-10-1996,Lagos,Lagos,Student,Premium,20419596.75,01-01-2023
C04922,Aisha,Adebayo,Female,01-08-1964,Ogbomoso,Oyo,Student,Premium,,06-03-2026
C04923,Emmanuel,Abiola,Male,23-08-1980,Abeokuta,Ogun,Business Owner,Retail,11242227.6,02-02-2023
C04924,Wale,Ajayi,Male,12-06-2004,Lekki,Lagos,Business Owner,Retail,22523023.8,13-10-2022
C04925,Amaka,Fashola,F,02-04-2003,Ibadan,Oyo,Student,SME,7492876.2,26-09-2019
C04926,Adewale,Okonkwo,Male,04-03-1961,Abeokuta,Ogun,Retired,Retail,,2025-11-09
C04927,Obinna,Onyekachi,Male,15-04-1980,Lagos,Lagos,Freelancer,Retail,12635326.65,13-02-2023
C04928,Ifeanyi,Adesanya,Male,27-11-1960,Abeokuta,Ogun,Self Employed,Retail,11072255.55,08-04-2025
C04929,Blessing,Ajayi,Female,14-06-1990,Jos,Plateau,Self Employed,Retail,7664773.65,02-02-2020
C04930,Grace,Ibe,Female,17-05-1967,Benin City,Edo,Business Owner,Retail,5970339.0,10-12-2023
C04931,Chinedu,Nwachukwu,Male,15-12-2003,Onitsha,Anambra,Business Owner,Retail,5757172.5,18-07-2019
C04932,Ngozi,Okafor,Female,09-04-1996,Jos,Plateau,Civil Servant,Retail,20383946.25,21-06-2022
C04933,Ngozi,Umeh,Female,22-03-1969,Uyo,Akwa Ibom,Self Employed,Retail,2912246.1,2020-11-29
C04934,ALIYU,Chukwu,Male,18-05-1977,Warri,Delta,Retired,SME,12279234.9,31-12-2022
C04935,Ngozi,Okafor,Female,1961-04-03,Warri,Delta,Student,Retail,5128770.0,2024-05-17
C04936,Ifeanyi,Danjuma,Male,22-07-1963,Ogbomoso,Oyo,Civil Servant,Retail,15401668.65,15-09-2021
C04937,Bukola,Nnaji,Female,06/16/2002,Lagos,Lagos,Self Employed,Retail,5254765.35,08-12-2020
C04938,Ifeanyi,Nwankwo,Male,18-02-1981,Ogbomoso,Oyo,Freelancer,Premium,10191059.25,14-08-2020
C04939,Precious,Bello,Female,20-11-1968,Zaria,Kaduna   ,Business Owner,Retail,15627987.3,19-03-2019
C04940,Yusuf,Onyekachi,Male,26-07-1987,Benin City,Edo,Retired,Retail,11370166.8,2022-08-26
C04941,Bukola,Ogundipe,Female,27-02-1962,Jos,Plateau,Salaried,Premium,4860000.0,02-07-2019
C04942,Precious,Danjuma,Female,11-06-1984,Benin City,Edo,Self Employed,Retail,11665510.95,2021-07-23
C04943,Aliyu,sanni,Male,1984-09-08,Asaba,Delta,Freelancer,Retail,11206119.15,27-11-2018
C04944,Amaka,Adekunle,FEMALE,05-01-1963,Zaria,Kaduna,Student,Retail,4294121.1,09-09-2025
C04945,Emeka,Nwachukwu,Male,15-06-1981,Onitsha,Anambra,Self Employed,Premium,5569498.5,19-10-2024
C04946,Tobi,Nwachukwu,Male,22-03-1972,Warri,Delta,Business Owner,,14845854.9,03-08-2024
C04947,Kelechi,Adekunle,Male,17-01-2001,Zaria,Kaduna,Retired,Retail,11014331.25,01/31/2023
C04948,Ifeoma,Ibrahim,Female,25-05-1992,Onitsha,Anambra,Business Owner,Retail,8617774.65,27-05-2022
C04949,Simisola,Ekwueme,Female,12-05-1993,Abuja,FCT,Student,Premium,,19-11-2023
C04950,Bukola,Ekwueme,Female,05-07-1963,Nsukka,Enugu,Self Employed,SME,8257104.6,01-01-2021
C04951,Yusuf,Suleiman,Male,1979-07-08,Benin City,Edo,Retired,Retail,13113314.7,09-12-2019
C04952,Emeka,Uzoma,Male,08-10-1979,Jos,Plateau,Self Employed,Premium,25312827.3,05-06-2018
C04953,Ayodele,Okonkwo,Male,21-06-1964,Abeokuta,Ogun,Student,Retail,2700000.0,19-09-2023
C04954,Ronke,Adebayo,Female,10-06-1962,Benin City,Edo,Civil Servant,SME,17158834.2,06-01-2018
C04955,Kelechi,Suleiman,Male,16-08-1988,Calabar,Cross River,Freelancer,Retail,10239026.25,01-11-2022
C04956,Blessing,Mohammed,Female,10-04-1990,Lagos,Lagos,Student,Corporate,12779674.65,16-11-2020
C04957,Ibrahim,Nwachukwu,Male,09-07-1979,Calabar,Cross River,Self Employed,Wealth,8100000.0,08-08-2020
C04958,Kelechi,Ogunleye,Male,26-06-2002,Calabar,Cross River,Salaried,Retail,6070245.9,2021-12-27
C04959,Ijeoma,Nwachukwu,Female,06-09-1981,Calabar,Cross River,Retired,Retail,4995350.7,01-09-2019
C04960,Simisola,Adesanya,Female,03-04-1977,Port Harcourt,Rivers,Retired,SME,38031144.45,18-08-2023
C04961,Funmilayo,Okoro,Female,24-04-1993,Abuja,FCT,Civil Servant,Premium,12632621.55,08-06-2025
C04962,Adanna,Uzoma,Female,15-01-1988,Ogbomoso,Oyo,Business Owner,Retail,9392534.1,29-12-2025
C04963,Sunday,Mohammed,Male,27-12-1979,Onitsha,Anambra,Self Employed,SME,6145476.6,28-03-2019
C04964,Blessing,Adesanya,Female,26-07-2004,Uyo,Akwa Ibom,Self Employed,Retail,6540893.25,05-05-2022
C04965,Chiamaka,Okafor,Female,24-10-1980,Awka,Anambra,Business Owner,SME,21754651.8,05-10-2023
C04966,Ijeoma,Ajayi,Female,26-01-1966,Nsukka,Enugu,Self Employed,Premium,7662802.5,29-03-2022
C04967,Abubakar,Abiola,Male,23-03-2003,Nsukka,Enugu,Student,SME,3868288.8,06-06-2021
C04968,Yusuf,Obi,Male,01-12-1967,Abeokuta,Ogun,,Retail,7215765.0,18-10-2020
C04969,Emeka,Ekwueme,Male,25-12-1986,Ogbomoso,Oyo,Retired,Premium,24701850.45,2022-07-16
C04970,Ijeoma,Bello,Female,22-12-1974,Benin City,Edo,Salaried,Wealth,13091602.05,07-12-2019
C04971,Chukwudi,Adeyemi,Male,17-02-1964,Warri,Delta,Retired,Retail,,21-01-2026
C04972,Obinna,Nwankwo,Male,17-01-1984,Uyo,Akwa Ibom,Civil Servant,Premium,5529267.3,13-01-2019
C04973,Aliyu,Ekwueme,Male,06-09-1990,Awka,Anambra,Salaried,Retail,6313479.75,19-06-2023
C04974,Precious,Mohammed,Female,26-01-1996,Nsukka,Enugu,Student,Retail,3538453.8,01/15/2026
C04975,Suleiman,Olawale,Male,15-03-1962,Ogbomoso,Oyo,Self Employed,SME,5650883.1,21-09-2025
C04976,Suleiman,Okafor,Male,13-01-1981,Awka,Anambra,Business Owner,SME,7516855.35,27-12-2018
C04977,Fatima,Ibrahim,Female,25-05-1998,Ogbomoso,Oyo,Student,Corporate,21855188.85,28-03-2023
C04978,Adewale,Abiola,Male,24-11-2000,Ibadan,Oyo,Freelancer,,6674367.0,31-08-2023
C04979,Grace,Nwosu,Female,01-01-1960,Awka,Anambra,Student,SME,16812831.45,03/16/2026
C04980,Ifeanyi,Okafor,Male,1961-08-08,Asaba,Delta,Self Employed,Retail,8356892.85,30-01-2026
C04981,Ronke,Danjuma,Female,02-06-1977,Enugu,Enugu,Retired,Retail,4450962.15,23-09-2022
C04982,Ngozi,Nnaji,Female,23-01-1965,Ogbomoso,Oyo,Self Employed,Premium,22419526.95,2025-03-23
C04983,Yetunde,Suleiman,Female,25-10-1991,Benin City,Edo,Salaried,,15949800.0,10-06-2019
C04984,Ifeoma,Sanni,Female,22-11-1997,Ibadan,Oyo,Freelancer,Retail,11053438.2,24-11-2023
C04985,Musa,mohammed,Male,17-01-2001,Ikeja,Lagos,Salaried,Retail,6619905.0,2023-09-16
C04986,Omolara,Obi,Female,07-03-1995,Enugu,Enugu,Retired,Retail,9297668.4,27-02-2025
C04987,Yakubu,Balogun,Male,22-02-1961,Onitsha,Anambra,Retired,Retail,6990759.6,18-06-2021
C04988,Ikechukwu,Eze,Male,06-04-1999,Abeokuta,Ogun,Self Employed,Wealth,18996636.15,19-06-2023
C04989,Chiamaka,Okafor,Female,14-01-1964,Ikeja,Lagos,Salaried,Retail,5758161.15,24-01-2020
C04990,Comfort,Chukwuma,Female,03-04-1996,Kaduna,Kaduna,Business Owner,Premium,15551913.6,10-09-2022
C04991,Ijeoma,Aliyu,Female,20-12-1998,Abuja,FCT,Retired,Corporate,13702597.2,10-05-2022
C04992,Uche,Fashola,Male,13-06-1999,Lagos,Lagos,Salaried,Retail,10983282.9,02-12-2025
C04993,Simisola,Nnaji,Female,17-06-1990,Lagos,Lagos,Business Owner,Retail,3625134.45,03-07-2020
C04994,Emmanuel,Ogundipe,Male,07-07-2004,Nsukka,Enugu,Retired,Retail,15390732.3,11-09-2025
C04995,Hauwa,Ezeh,Female,16-11-1967,Ibadan,Oyo,Retired,Retail,5571227.1,14-04-2022
C04996,Abubakar,Uzoma,Male,06-11-2002,Benin City,Edo,Business Owner,Retail,4194477.0,06-11-2021
C04997,Patience,Okoro,Female,01-01-1975,Zaria,Kaduna,Business Owner,Retail,13039691.4,2022-07-20
C04998,Folake,Aliyu,Female,12/10/1976,Enugu,Enugu,Self Employed,Premium,53565225.15,03-04-2021
C04999,Bukola,Ibrahim,Female,03-04-1994,Calabar,Cross River,Salaried,SME,15703093.8,28-07-2023
C05000,Comfort,Okafor,Female,26-11-2003,Lekki,Lagos,Freelancer,Retail,15265758.15,25-04-2023
C01502,Patience,Okonkwo,Female,23-10-1962,Onitsha,Anambra,Retired,Premium,16691838.75,2021-04-10
C02587,Kelechi,Nnaji,Male,18-07-1995,Kaduna,Kaduna,Self Employed,Retail,17224161.75,05-02-2026
C02654,Kelechi,Olawale,Male,13-07-1964,Onitsha,Anambra,Retired,Retail,17934187.8,05-06-2019
C01056,Sunday,Danjuma,Male,28-12-1977,Abuja,FCT,Civil Servant,Premium,19465881.15,23-11-2024
C00706,Maryam,Aliyu,Female,16-01-1960,Abeokuta,Ogun,Salaried,Retail,3183639.45,24-10-2019
C00107,Ayodele,Obi,Male,25-02-1983,Calabar,Cross River,Retired,Retail,4220469.15,05/18/2025
C00590,Kemi,Obi,Female,17-02-2000,Zaria,Kaduna,Business Owner,Retail,11088512.4,06-09-2025
C02469,Adanna,Suleiman,Female,05/15/1991,Awka,Anambra,Freelancer,SME,4795926.9,12-08-2023
C02414,Ifeanyi,Ekwueme,Male,21-10-1973,Benin City,Edo,Freelancer,Retail,9543263.1,11/06/2020
C01601,Femi,Chukwuma,Male,20-12-1968,Abuja,FCT,Business Owner,Premium,11559017.55,10-04-2019
C02465,Ronke,Ibe,Female,23-03-1995,Ibadan,Oyo,Retired,Premium,26255510.7,28-07-2024
C00229,Emmanuel,Balogun,Male,18-06-1970,Calabar,Cross River,Freelancer,Retail,5559504.3,16-05-2025
C00916,Kayode,Garba,Male,13-10-1965,Calabar,Cross River,Business Owner,Retail,11739723.6,04-03-2020
C00795,Zainab,Bello,Female,20-12-1985,Kaduna,Kaduna,Business Owner,Corporate,32334293.7,22-10-2024
C03022,Grace,Nwankwo,Female,24-08-1987,Warri,Delta,Salaried,Retail,10584376.2,06-03-2024
C03544,Ayodele,Onyekachi,Male,04-01-1966,Zaria,Kaduna,Retired,Retail,8240708.7,06-04-2024
C01074,Uche,Bello,Male,2002-11-06,Zaria,Kaduna,Business Owner,Retail,6340083.6,12-11-2025
C03352,Ikechukwu,Nwosu,Male,21-04-1980,Nsukka,Enugu,Business Owner,SME,23958988.65,09-09-2020
C01745,Ifeoma,Onyekachi,Female,25-11-1965,Abuja,FCT,Self Employed,Retail,5508841.95,13-08-2020
C01085,Musa,Okafor,MALE,13-06-1965,Ogbomoso,Oyo,Business Owner,Premium,10829751.9,2022-09-24
C00927,Emmanuel,Obi,Male,26-07-1980,Abeokuta,Ogun,Business Owner,Retail,4885882.2,16-05-2019
C03050,Tobi,Ogundipe,Male,18-09-1993,Lekki,Lagos,Retired,Retail,3292773.3,17-11-2018
C01118,Blessing,Aliyu,Female,12-04-1961,Awka,Anambra,Student,Premium,15979139.25,30-12-2025
C00643,Chukwudi,Nwankwo,Male,10-07-1999,Zaria,Kaduna,Retired,Wealth,23983585.2,05-01-2020
C04768,Yetunde,Adeyemi,Female,21-05-1988,Zaria,Kaduna,Student,Retail,5498196.45,17-12-2023
C00502,Olumide,Adebayo,Male,1972-04-10,Onitsha,Anambra,Self Employed,Retail,4890126.0,25-01-2021
C04067,Chukwudi,Ibrahim,Male,14-12-1988,Enugu,Enugu,Business Owner,Retail,4229348.1,2020-05-26
C00334,Adanna,Nwachukwu,Female,04-03-1981,Uyo,Akwa Ibom,Freelancer,Retail,12080458.65,15-11-2019
C04685,Precious,Garba,Female,16-12-1960,Ibadan,Oyo,Student,Retail,11695566.15,20-05-2021
C00487,Yusuf,Adesanya,Male,25-02-1962,Uyo,Akwa Ibom,Business Owner,Retail,5435029.95,13-04-2023
C01963,Yetunde,Nwosu,Female,1982-01-22,Lagos,Lagos,Retired,Retail,6265382.25,2023-01-15
C00394,Ifeanyi,Suleiman,Male,24-02-2002,Port Harcourt,Rivers,Self Employed,Retail,3081549.0,13-05-2022
C04843,Chiamaka,okoro,Female,02-07-1994,Lagos,Lagos,Self Employed,Retail,8614237.8,02/15/2022
C04867,Adaeze,Garba,Female,25-11-1975,Asaba,Delta,Retired,Wealth,27660033.45,07-10-2019
C01756,Femi,Danjuma,Male,10-08-1997,Benin City,Edo,Self Employed,Retail,4147578.75,08-07-2020
C02516,Suleiman,Eze,Male,24-08-1986,Uyo,Akwa Ibom,Civil Servant,Premium,28672651.95,03-01-2022
C03586,ABUBAKAR,Ezeh,Male,07-11-1971,Warri,Delta,Student,SME,3780000.0,13-03-2023
C04316,Funmilayo,Ibe,Female,01-08-1961,Nsukka,Enugu,Retired,Retail,11449861.5,07-10-2022
C04967,Abubakar,Abiola,Male,23-03-2003,Nsukka,Enugu,Student,SME,3868288.8,06-06-2021
C02100,Chukwuemeka,uzoma,Male,12-02-1982,Nsukka,Enugu,Student,Retail,3252250.65,01-08-2020
C03600,Nnamdi,Abiola,Male,16-08-1988,Ibadan,Oyo,Student,Premium,9563998.05,01-01-2019
C04122,Yakubu,Abiola,Male,28-11-1960,Zaria,Kaduna,Retired,Premium,11238607.5,31-12-2022
C00030,Blessing,Danjuma,Female,06-01-1986,Abeokuta,Ogun,Salaried,,21777931.5,12-04-2023
C00066,Omolara,Okonkwo,Female,09-04-2003,Warri,Delta,Civil Servant,Corporate,20681913.45,09-02-2024
C00839,Adaeze,Okonkwo,Female,22-03-1962,Onitsha,Anambra   ,Student,Retail,6260004.3,03-03-2024
C03907,Tobi,Chukwuma,Male,10-05-1995,Jos,Plateau,Student,Wealth,22635855.0,18-02-2025
C03774,Ijeoma,Suleiman,Female,22-12-1977,Port Harcourt,Rivers,Freelancer,Premium,16312684.2,15-01-2026
C04636,Damilare,Ibe,Male,03-07-2000,Jos,Plateau,Salaried,Corporate,7795244.85,26-06-2021
C03162,Folake,Adekunle,Female,04-04-1973,Abuja,FCT,Retired,SME,6104001.75,28-11-2020
C02660,Ibrahim,Yusuf,Male,03-07-1960,Ogbomoso,Oyo,Salaried,Retail,5440352.7,07/04/2024
C04616,Chidi,Nwankwo,Male,25-02-1967,Ikeja,Lagos,,SME,9734201.55,22-02-2026
C04629,Damilare,Afolabi,Male,15-08-1982,Ogbomoso,Oyo,Business Owner,Premium,4860000.0,20-03-2020
C02452,Maryam,Eze,Female,07-03-2003,Warri,Delta,Self Employed,Retail,6014851.65,24-05-2019
C02847,Chukwudi,Ogunleye,Male,13-05-1998,Abuja,FCT,Self Employed,SME,7269843.0,27-09-2025
C01145,Amaka,Umeh,Female,01-06-1992,Ikeja,Lagos,Retired,Premium,20154688.65,29-09-2021
C03079,Chioma,Nnaji,Female,22-01-1968,Jos,Plateau,Freelancer,Retail,8361459.45,10-07-2021
C01104,Funmilayo,Adeyemi,Female,05-09-1984,Enugu,Enugu,Self Employed,Retail,5858079.15,14-10-2019
C00169,Yusuf,Yakubu,Male,23-10-1962,Enugu,Enugu,Student,Retail,3425239.65,18-08-2023
C01671,Damilare,Yusuf,Male,20-11-1978,Ibadan,Oyo,Civil Servant,Retail,3417915.45,10-02-2021
C02571,Suleiman,Danjuma,Male,1967-01-10,Onitsha,Anambra,Retired,Retail,,15-01-2019
